{"type": "FeatureCollection", "features": [{"type": "Feature", "properties": {"source": "DEMNAS D8 derived", "thresholdCells": 2000}, "geometry": {"type": "LineString", "coordinates": [[124.6353, -1.6711], [124.6359, -1.6705], [124.6365, -1.6699], [124.6371, -1.6693], [124.6377, -1.6687], [124.6383, -1.6681], [124.6389, -1.6675], [124.6389, -1.6669], [124.6389, -1.6663], [124.6395, -1.6657], [124.6395, -1.6651], [124.6395, -1.6645], [124.6389, -1.6639], [124.6389, -1.6633], [124.6389, -1.6627], [124.6389, -1.6621], [124.6389, -1.6615], [124.6389, -1.6609], [124.6389, -1.6603], [124.6383, -1.6597], [124.6377, -1.6597], [124.6371, -1.6597], [124.6365, -1.6591], [124.6359, -1.6585], [124.6353, -1.6579], [124.6347, -1.6573], [124.6341, -1.6573], [124.6335, -1.6567], [124.6329, -1.6567], [124.6323, -1.6567], [124.6317, -1.6567], [124.6311, -1.6567], [124.6305, -1.6567], [124.6299, -1.6567], [124.6293, -1.6567], [124.6287, -1.6561], [124.6281, -1.6561], [124.6275, -1.6555], [124.6269, -1.6549], [124.6263, -1.6543], [124.6257, -1.6537], [124.6251, -1.6531], [124.6245, -1.6525], [124.6239, -1.6519], [124.6233, -1.6513], [124.6233, -1.6507], [124.6233, -1.6501], [124.6233, -1.6495], [124.6233, -1.6489], [124.6239, -1.6483], [124.6239, -1.6477], [124.6239, -1.6471], [124.6239, -1.6465], [124.6239, -1.6459], [124.6239, -1.6453], [124.6233, -1.6447], [124.6227, -1.6441], [124.6227, -1.6435], [124.6227, -1.6429], [124.6227, -1.6423], [124.6227, -1.6417], [124.6233, -1.6411], [124.6233, -1.6405]]}}, {"type": "Feature", "properties": {"source": "DEMNAS D8 derived", "thresholdCells": 2000}, "geometry": {"type": "LineString", "coordinates": [[124.5807, -1.6741], [124.5801, -1.6735], [124.5795, -1.6729], [124.5789, -1.6723], [124.5789, -1.6717], [124.5789, -1.6711], [124.5789, -1.6705], [124.5789, -1.6699], [124.5795, -1.6693], [124.5795, -1.6687], [124.5801, -1.6681], [124.5807, -1.6675], [124.5813, -1.6669], [124.5813, -1.6663], [124.5813, -1.6657], [124.5813, -1.6651], [124.5807, -1.6645], [124.5807, -1.6639], [124.5807, -1.6633], [124.5807, -1.6627], [124.5801, -1.6621], [124.5801, -1.6615], [124.5795, -1.6609], [124.5795, -1.6603], [124.5795, -1.6597], [124.5789, -1.6591], [124.5783, -1.6591], [124.5777, -1.6591], [124.5771, -1.6591], [124.5765, -1.6591], [124.5759, -1.6591], [124.5753, -1.6591], [124.5747, -1.6591], [124.5741, -1.6591], [124.5735, -1.6591], [124.5729, -1.6591], [124.5723, -1.6591], [124.5717, -1.6591], [124.5717, -1.6585], [124.5711, -1.6579], [124.5705, -1.6579], [124.5699, -1.6573], [124.5693, -1.6573], [124.5687, -1.6573], [124.5681, -1.6567], [124.5675, -1.6567], [124.5669, -1.6567], [124.5663, -1.6567], [124.5657, -1.6573], [124.5651, -1.6573], [124.5645, -1.6573], [124.5639, -1.6579], [124.5633, -1.6579], [124.5627, -1.6579], [124.5621, -1.6579], [124.5615, -1.6579], [124.5609, -1.6579], [124.5603, -1.6573], [124.5597, -1.6567], [124.5591, -1.6567], [124.5585, -1.6561], [124.5579, -1.6555], [124.5573, -1.6549], [124.5573, -1.6543], [124.5567, -1.6537], [124.5561, -1.6531], [124.5555, -1.6525], [124.5549, -1.6519], [124.5543, -1.6519], [124.5537, -1.6519], [124.5537, -1.6513], [124.5537, -1.6507], [124.5537, -1.6501], [124.5531, -1.6495], [124.5525, -1.6489], [124.5525, -1.6483], [124.5519, -1.6477], [124.5513, -1.6471], [124.5507, -1.6471], [124.5501, -1.6471], [124.5495, -1.6471]]}}, {"type": "Feature", "properties": {"source": "DEMNAS D8 derived", "thresholdCells": 2000}, "geometry": {"type": "LineString", "coordinates": [[124.6401, -1.6741], [124.6401, -1.6735], [124.6395, -1.6735], [124.6389, -1.6729], [124.6383, -1.6723], [124.6377, -1.6717], [124.6371, -1.6711], [124.6371, -1.6705], [124.6371, -1.6699], [124.6371, -1.6693], [124.6377, -1.6687], [124.6383, -1.6681], [124.6389, -1.6675], [124.6389, -1.6669], [124.6389, -1.6663], [124.6395, -1.6657], [124.6395, -1.6651], [124.6395, -1.6645], [124.6389, -1.6639], [124.6389, -1.6633], [124.6389, -1.6627], [124.6389, -1.6621], [124.6389, -1.6615], [124.6389, -1.6609], [124.6389, -1.6603], [124.6383, -1.6597], [124.6377, -1.6597], [124.6371, -1.6597], [124.6365, -1.6591], [124.6359, -1.6585], [124.6353, -1.6579], [124.6347, -1.6573], [124.6341, -1.6573], [124.6335, -1.6567], [124.6329, -1.6567], [124.6323, -1.6567], [124.6317, -1.6567], [124.6311, -1.6567], [124.6305, -1.6567], [124.6299, -1.6567], [124.6293, -1.6567], [124.6287, -1.6561], [124.6281, -1.6561], [124.6275, -1.6555], [124.6269, -1.6549], [124.6263, -1.6543], [124.6257, -1.6537], [124.6251, -1.6531], [124.6245, -1.6525], [124.6239, -1.6519], [124.6233, -1.6513], [124.6233, -1.6507], [124.6233, -1.6501], [124.6233, -1.6495], [124.6233, -1.6489], [124.6239, -1.6483], [124.6239, -1.6477], [124.6239, -1.6471], [124.6239, -1.6465], [124.6239, -1.6459], [124.6239, -1.6453], [124.6233, -1.6447], [124.6227, -1.6441], [124.6227, -1.6435], [124.6227, -1.6429], [124.6227, -1.6423], [124.6227, -1.6417], [124.6233, -1.6411], [124.6233, -1.6405]]}}, {"type": "Feature", "properties": {"source": "DEMNAS D8 derived", "thresholdCells": 2000}, "geometry": {"type": "LineString", "coordinates": [[124.7769, -1.6855], [124.7775, -1.6849], [124.7781, -1.6843], [124.7781, -1.6837], [124.7787, -1.6831], [124.7787, -1.6825], [124.7793, -1.6819], [124.7793, -1.6813], [124.7793, -1.6807], [124.7799, -1.6801], [124.7799, -1.6795], [124.7805, -1.6789], [124.7805, -1.6783]]}}, {"type": "Feature", "properties": {"source": "DEMNAS D8 derived", "thresholdCells": 2000}, "geometry": {"type": "LineString", "coordinates": [[124.8105, -1.7017], [124.8105, -1.7011], [124.8105, -1.7005], [124.8111, -1.6999], [124.8111, -1.6993], [124.8117, -1.6993], [124.8123, -1.6999], [124.8129, -1.6993], [124.8135, -1.6993], [124.8141, -1.6987], [124.8147, -1.6987], [124.8147, -1.6981], [124.8153, -1.6975], [124.8159, -1.6975], [124.8165, -1.6975], [124.8171, -1.6969], [124.8171, -1.6963], [124.8177, -1.6963], [124.8183, -1.6957], [124.8183, -1.6951], [124.8189, -1.6945]]}}, {"type": "Feature", "properties": {"source": "DEMNAS D8 derived", "thresholdCells": 2000}, "geometry": {"type": "LineString", "coordinates": [[124.7265, -1.7059], [124.7271, -1.7053], [124.7277, -1.7053], [124.7283, -1.7047], [124.7289, -1.7047], [124.7295, -1.7047], [124.7301, -1.7047], [124.7307, -1.7053], [124.7313, -1.7053], [124.7319, -1.7047], [124.7325, -1.7047], [124.7325, -1.7041], [124.7331, -1.7035], [124.7331, -1.7029], [124.7337, -1.7023], [124.7337, -1.7017], [124.7343, -1.7011], [124.7343, -1.7005], [124.7349, -1.6999], [124.7349, -1.6993], [124.7355, -1.6987], [124.7355, -1.6981], [124.7355, -1.6975], [124.7361, -1.6969], [124.7361, -1.6963], [124.7361, -1.6957], [124.7367, -1.6951], [124.7367, -1.6945], [124.7367, -1.6939], [124.7367, -1.6933], [124.7373, -1.6927], [124.7373, -1.6921], [124.7379, -1.6915], [124.7385, -1.6915], [124.7391, -1.6915], [124.7397, -1.6909], [124.7403, -1.6903], [124.7403, -1.6897], [124.7409, -1.6891], [124.7415, -1.6891], [124.7421, -1.6885], [124.7427, -1.6879], [124.7427, -1.6873], [124.7427, -1.6867], [124.7427, -1.6861], [124.7433, -1.6855], [124.7433, -1.6849], [124.7433, -1.6843], [124.7439, -1.6837], [124.7439, -1.6831], [124.7445, -1.6825], [124.7445, -1.6819], [124.7445, -1.6813], [124.7445, -1.6807], [124.7445, -1.6801], [124.7445, -1.6795], [124.7445, -1.6789], [124.7445, -1.6783], [124.7445, -1.6777], [124.7445, -1.6771], [124.7439, -1.6765], [124.7439, -1.6759], [124.7433, -1.6753], [124.7433, -1.6747], [124.7433, -1.6741], [124.7433, -1.6735], [124.7427, -1.6729], [124.7427, -1.6723], [124.7427, -1.6717], [124.7427, -1.6711], [124.7433, -1.6711], [124.7439, -1.6711], [124.7445, -1.6711], [124.7451, -1.6711], [124.7457, -1.6711], [124.7463, -1.6711], [124.7469, -1.6711]]}}, {"type": "Feature", "properties": {"source": "DEMNAS D8 derived", "thresholdCells": 2000}, "geometry": {"type": "LineString", "coordinates": [[124.4781, -1.7113], [124.4775, -1.7107], [124.4775, -1.7101], [124.4775, -1.7095], [124.4769, -1.7089], [124.4769, -1.7083], [124.4769, -1.7077], [124.4775, -1.7071], [124.4781, -1.7065], [124.4781, -1.7059], [124.4787, -1.7053], [124.4793, -1.7047], [124.4799, -1.7041], [124.4805, -1.7035], [124.4805, -1.7029], [124.4811, -1.7023], [124.4817, -1.7017], [124.4823, -1.7017], [124.4829, -1.7017], [124.4835, -1.7017], [124.4841, -1.7011], [124.4847, -1.7005], [124.4853, -1.6999], [124.4859, -1.6993], [124.4865, -1.6987], [124.4871, -1.6981], [124.4877, -1.6975], [124.4883, -1.6969], [124.4889, -1.6963], [124.4895, -1.6957], [124.4901, -1.6951], [124.4901, -1.6945], [124.4901, -1.6939], [124.4901, -1.6933], [124.4907, -1.6927], [124.4913, -1.6921], [124.4919, -1.6915], [124.4919, -1.6909], [124.4919, -1.6903], [124.4925, -1.6897], [124.4931, -1.6891], [124.4937, -1.6885], [124.4937, -1.6879], [124.4937, -1.6873], [124.4943, -1.6867], [124.4943, -1.6861], [124.4949, -1.6861], [124.4955, -1.6861], [124.4961, -1.6861], [124.4967, -1.6855], [124.4973, -1.6855], [124.4979, -1.6855], [124.4985, -1.6849], [124.4979, -1.6843], [124.4979, -1.6837], [124.4979, -1.6831], [124.4973, -1.6825], [124.4967, -1.6819], [124.4961, -1.6813], [124.4955, -1.6813], [124.4949, -1.6813], [124.4943, -1.6807], [124.4937, -1.6801], [124.4937, -1.6795], [124.4937, -1.6789], [124.4931, -1.6783], [124.4925, -1.6783], [124.4919, -1.6783], [124.4913, -1.6783], [124.4907, -1.6783], [124.4901, -1.6783], [124.4895, -1.6783], [124.4889, -1.6777], [124.4883, -1.6783], [124.4883, -1.6789], [124.4877, -1.6789], [124.4871, -1.6795], [124.4865, -1.6795], [124.4859, -1.6795], [124.4853, -1.6801], [124.4847, -1.6801], [124.4841, -1.6801], [124.4835, -1.6801], [124.4829, -1.6807], [124.4823, -1.6801], [124.4823, -1.6795], [124.4823, -1.6789], [124.4817, -1.6783], [124.4817, -1.6777], [124.4811, -1.6771], [124.4805, -1.6765], [124.4799, -1.6759], [124.4793, -1.6753], [124.4787, -1.6747], [124.4781, -1.6741], [124.4775, -1.6735], [124.4769, -1.6735], [124.4763, -1.6735], [124.4757, -1.6735], [124.4751, -1.6735], [124.4745, -1.6735], [124.4739, -1.6729], [124.4733, -1.6723], [124.4733, -1.6717], [124.4733, -1.6711], [124.4733, -1.6705], [124.4733, -1.6699], [124.4733, -1.6693], [124.4733, -1.6687], [124.4727, -1.6681], [124.4727, -1.6675], [124.4721, -1.6669], [124.4715, -1.6663], [124.4709, -1.6663], [124.4703, -1.6663], [124.4697, -1.6663], [124.4691, -1.6663], [124.4685, -1.6663], [124.4679, -1.6663], [124.4673, -1.6663], [124.4667, -1.6657], [124.4661, -1.6651], [124.4655, -1.6645], [124.4655, -1.6639], [124.4661, -1.6633]]}}, {"type": "Feature", "properties": {"source": "DEMNAS D8 derived", "thresholdCells": 2000}, "geometry": {"type": "LineString", "coordinates": [[124.4499, -1.7137], [124.4493, -1.7131], [124.4487, -1.7125], [124.4481, -1.7119], [124.4475, -1.7113], [124.4469, -1.7107], [124.4463, -1.7107], [124.4457, -1.7113], [124.4451, -1.7113], [124.4445, -1.7113], [124.4439, -1.7113], [124.4433, -1.7107], [124.4427, -1.7107], [124.4427, -1.7101], [124.4421, -1.7095], [124.4415, -1.7089], [124.4415, -1.7083], [124.4409, -1.7083], [124.4403, -1.7077], [124.4403, -1.7071], [124.4397, -1.7065], [124.4397, -1.7059], [124.4397, -1.7053], [124.4397, -1.7047], [124.4397, -1.7041], [124.4397, -1.7035], [124.4397, -1.7029], [124.4397, -1.7023], [124.4397, -1.7017], [124.4403, -1.7011], [124.4403, -1.7005], [124.4403, -1.6999], [124.4409, -1.6993], [124.4409, -1.6987], [124.4409, -1.6981], [124.4415, -1.6981], [124.4421, -1.6975], [124.4427, -1.6975], [124.4427, -1.6969], [124.4433, -1.6963], [124.4427, -1.6957], [124.4427, -1.6951], [124.4427, -1.6945], [124.4427, -1.6939], [124.4421, -1.6933], [124.4421, -1.6927], [124.4427, -1.6921], [124.4433, -1.6921], [124.4439, -1.6927], [124.4445, -1.6927], [124.4451, -1.6927], [124.4457, -1.6921], [124.4457, -1.6915], [124.4451, -1.6909], [124.4451, -1.6903], [124.4451, -1.6897], [124.4445, -1.6891], [124.4439, -1.6885], [124.4439, -1.6879], [124.4445, -1.6873], [124.4451, -1.6873], [124.4451, -1.6867], [124.4445, -1.6861], [124.4451, -1.6855], [124.4457, -1.6849], [124.4463, -1.6843], [124.4463, -1.6837], [124.4463, -1.6831], [124.4457, -1.6825], [124.4463, -1.6819], [124.4463, -1.6813], [124.4463, -1.6807], [124.4463, -1.6801], [124.4463, -1.6795], [124.4463, -1.6789], [124.4463, -1.6783], [124.4463, -1.6777], [124.4463, -1.6771], [124.4463, -1.6765], [124.4463, -1.6759], [124.4463, -1.6753], [124.4463, -1.6747], [124.4463, -1.6741], [124.4463, -1.6735], [124.4463, -1.6729], [124.4463, -1.6723], [124.4469, -1.6717], [124.4475, -1.6711], [124.4481, -1.6705], [124.4481, -1.6699], [124.4481, -1.6693], [124.4481, -1.6687], [124.4481, -1.6681], [124.4487, -1.6675], [124.4481, -1.6669], [124.4475, -1.6663], [124.4475, -1.6657], [124.4481, -1.6651], [124.4481, -1.6645], [124.4481, -1.6639], [124.4475, -1.6639]]}}, {"type": "Feature", "properties": {"source": "DEMNAS D8 derived", "thresholdCells": 2000}, "geometry": {"type": "LineString", "coordinates": [[124.4325, -1.7167], [124.4331, -1.7161], [124.4331, -1.7155], [124.4337, -1.7149], [124.4337, -1.7143], [124.4343, -1.7137], [124.4343, -1.7131], [124.4349, -1.7125], [124.4349, -1.7119], [124.4343, -1.7113], [124.4349, -1.7107], [124.4349, -1.7101], [124.4349, -1.7095], [124.4349, -1.7089], [124.4355, -1.7083], [124.4361, -1.7077], [124.4367, -1.7071], [124.4373, -1.7065], [124.4379, -1.7059], [124.4379, -1.7053], [124.4379, -1.7047], [124.4379, -1.7041], [124.4385, -1.7035], [124.4385, -1.7029], [124.4391, -1.7023], [124.4397, -1.7017], [124.4403, -1.7011], [124.4403, -1.7005], [124.4403, -1.6999], [124.4409, -1.6993], [124.4409, -1.6987], [124.4409, -1.6981], [124.4415, -1.6981], [124.4421, -1.6975], [124.4427, -1.6975], [124.4427, -1.6969], [124.4433, -1.6963], [124.4427, -1.6957], [124.4427, -1.6951], [124.4427, -1.6945], [124.4427, -1.6939], [124.4421, -1.6933], [124.4421, -1.6927], [124.4427, -1.6921], [124.4433, -1.6921], [124.4439, -1.6927], [124.4445, -1.6927], [124.4451, -1.6927], [124.4457, -1.6921], [124.4457, -1.6915], [124.4451, -1.6909], [124.4451, -1.6903], [124.4451, -1.6897], [124.4445, -1.6891], [124.4439, -1.6885], [124.4439, -1.6879], [124.4445, -1.6873], [124.4451, -1.6873], [124.4451, -1.6867], [124.4445, -1.6861], [124.4451, -1.6855], [124.4457, -1.6849], [124.4463, -1.6843], [124.4463, -1.6837], [124.4463, -1.6831], [124.4457, -1.6825], [124.4463, -1.6819], [124.4463, -1.6813], [124.4463, -1.6807], [124.4463, -1.6801], [124.4463, -1.6795], [124.4463, -1.6789], [124.4463, -1.6783], [124.4463, -1.6777], [124.4463, -1.6771], [124.4463, -1.6765], [124.4463, -1.6759], [124.4463, -1.6753], [124.4463, -1.6747], [124.4463, -1.6741], [124.4463, -1.6735], [124.4463, -1.6729], [124.4463, -1.6723], [124.4469, -1.6717], [124.4475, -1.6711], [124.4481, -1.6705], [124.4481, -1.6699], [124.4481, -1.6693], [124.4481, -1.6687], [124.4481, -1.6681], [124.4487, -1.6675], [124.4481, -1.6669], [124.4475, -1.6663], [124.4475, -1.6657], [124.4481, -1.6651], [124.4481, -1.6645], [124.4481, -1.6639], [124.4475, -1.6639]]}}, {"type": "Feature", "properties": {"source": "DEMNAS D8 derived", "thresholdCells": 2000}, "geometry": {"type": "LineString", "coordinates": [[124.8441, -1.7215], [124.8447, -1.7209], [124.8453, -1.7209], [124.8459, -1.7209], [124.8465, -1.7209], [124.8471, -1.7203], [124.8465, -1.7197], [124.8465, -1.7191], [124.8465, -1.7185], [124.8465, -1.7179], [124.8459, -1.7173], [124.8453, -1.7167], [124.8447, -1.7161], [124.8447, -1.7155], [124.8447, -1.7149], [124.8453, -1.7143], [124.8453, -1.7137], [124.8453, -1.7131], [124.8453, -1.7125], [124.8447, -1.7119], [124.8447, -1.7113], [124.8447, -1.7107], [124.8447, -1.7101], [124.8453, -1.7095], [124.8453, -1.7089], [124.8459, -1.7083], [124.8465, -1.7077], [124.8465, -1.7071], [124.8471, -1.7065], [124.8477, -1.7059], [124.8477, -1.7053], [124.8483, -1.7047], [124.8489, -1.7041], [124.8495, -1.7035]]}}, {"type": "Feature", "properties": {"source": "DEMNAS D8 derived", "thresholdCells": 2000}, "geometry": {"type": "LineString", "coordinates": [[124.8717, -1.7245], [124.8711, -1.7239], [124.8711, -1.7233], [124.8711, -1.7227], [124.8705, -1.7227], [124.8699, -1.7227], [124.8693, -1.7227], [124.8693, -1.7233], [124.8687, -1.7239], [124.8681, -1.7239], [124.8675, -1.7239], [124.8669, -1.7239], [124.8663, -1.7239], [124.8657, -1.7239], [124.8651, -1.7239], [124.8645, -1.7233], [124.8645, -1.7227], [124.8645, -1.7221], [124.8645, -1.7215], [124.8639, -1.7209], [124.8633, -1.7203], [124.8627, -1.7209], [124.8621, -1.7209], [124.8615, -1.7209], [124.8609, -1.7215], [124.8603, -1.7209], [124.8597, -1.7209], [124.8591, -1.7203], [124.8585, -1.7197], [124.8579, -1.7191], [124.8573, -1.7185], [124.8567, -1.7179], [124.8561, -1.7173], [124.8555, -1.7167], [124.8549, -1.7161], [124.8543, -1.7155], [124.8537, -1.7161], [124.8531, -1.7161], [124.8525, -1.7161], [124.8519, -1.7161], [124.8513, -1.7161], [124.8507, -1.7161], [124.8501, -1.7161], [124.8495, -1.7161], [124.8489, -1.7161], [124.8483, -1.7167], [124.8477, -1.7167], [124.8471, -1.7173], [124.8465, -1.7167], [124.8459, -1.7167], [124.8453, -1.7167], [124.8447, -1.7161], [124.8447, -1.7155], [124.8447, -1.7149], [124.8453, -1.7143], [124.8453, -1.7137], [124.8453, -1.7131], [124.8453, -1.7125], [124.8447, -1.7119], [124.8447, -1.7113], [124.8447, -1.7107], [124.8447, -1.7101], [124.8453, -1.7095], [124.8453, -1.7089], [124.8459, -1.7083], [124.8465, -1.7077], [124.8465, -1.7071], [124.8471, -1.7065], [124.8477, -1.7059], [124.8477, -1.7053], [124.8483, -1.7047], [124.8489, -1.7041], [124.8495, -1.7035]]}}, {"type": "Feature", "properties": {"source": "DEMNAS D8 derived", "thresholdCells": 2000}, "geometry": {"type": "LineString", "coordinates": [[124.6251, -1.7299], [124.6257, -1.7299], [124.6263, -1.7293], [124.6269, -1.7287], [124.6269, -1.7281], [124.6275, -1.7275], [124.6281, -1.7269], [124.6287, -1.7263], [124.6293, -1.7263], [124.6299, -1.7263], [124.6305, -1.7263], [124.6311, -1.7263], [124.6317, -1.7263], [124.6323, -1.7269], [124.6329, -1.7269], [124.6335, -1.7275], [124.6341, -1.7275], [124.6347, -1.7275], [124.6353, -1.7269], [124.6353, -1.7263], [124.6359, -1.7257], [124.6359, -1.7251], [124.6359, -1.7245], [124.6353, -1.7239], [124.6359, -1.7233], [124.6365, -1.7227], [124.6371, -1.7221], [124.6377, -1.7215], [124.6383, -1.7209], [124.6389, -1.7203], [124.6389, -1.7197], [124.6389, -1.7191], [124.6389, -1.7185], [124.6395, -1.7179], [124.6395, -1.7173], [124.6395, -1.7167], [124.6401, -1.7161], [124.6407, -1.7155], [124.6407, -1.7149], [124.6413, -1.7143], [124.6419, -1.7137], [124.6419, -1.7131], [124.6419, -1.7125], [124.6419, -1.7119], [124.6419, -1.7113], [124.6419, -1.7107], [124.6425, -1.7101], [124.6431, -1.7095], [124.6437, -1.7089], [124.6437, -1.7083], [124.6443, -1.7077], [124.6449, -1.7071], [124.6455, -1.7065], [124.6449, -1.7059], [124.6449, -1.7053], [124.6449, -1.7047], [124.6449, -1.7041], [124.6449, -1.7035], [124.6449, -1.7029], [124.6449, -1.7023], [124.6449, -1.7017], [124.6449, -1.7011], [124.6449, -1.7005], [124.6455, -1.6999], [124.6461, -1.6999], [124.6467, -1.6999], [124.6473, -1.6993], [124.6479, -1.6993], [124.6485, -1.6987], [124.6485, -1.6981], [124.6485, -1.6975], [124.6485, -1.6969], [124.6491, -1.6969], [124.6497, -1.6963], [124.6503, -1.6963], [124.6509, -1.6963], [124.6515, -1.6963], [124.6521, -1.6963], [124.6527, -1.6957], [124.6533, -1.6951], [124.6539, -1.6951], [124.6545, -1.6945], [124.6551, -1.6945], [124.6557, -1.6945], [124.6563, -1.6951], [124.6569, -1.6951], [124.6575, -1.6951], [124.6581, -1.6957], [124.6587, -1.6957], [124.6593, -1.6957], [124.6599, -1.6957], [124.6605, -1.6957], [124.6611, -1.6957], [124.6617, -1.6957], [124.6623, -1.6957], [124.6629, -1.6951], [124.6635, -1.6945], [124.6641, -1.6939], [124.6647, -1.6933], [124.6647, -1.6927], [124.6653, -1.6921], [124.6653, -1.6915], [124.6653, -1.6909], [124.6653, -1.6903], [124.6653, -1.6897], [124.6653, -1.6891], [124.6653, -1.6885], [124.6653, -1.6879], [124.6659, -1.6873], [124.6665, -1.6879], [124.6671, -1.6885], [124.6677, -1.6885], [124.6683, -1.6885], [124.6689, -1.6885], [124.6695, -1.6885], [124.6701, -1.6879], [124.6707, -1.6873], [124.6713, -1.6867], [124.6719, -1.6867], [124.6725, -1.6873], [124.6731, -1.6873], [124.6737, -1.6873], [124.6743, -1.6873], [124.6749, -1.6873], [124.6755, -1.6873], [124.6761, -1.6873], [124.6767, -1.6873], [124.6773, -1.6867], [124.6779, -1.6861], [124.6785, -1.6861], [124.6791, -1.6861], [124.6797, -1.6861], [124.6803, -1.6855], [124.6809, -1.6861], [124.6815, -1.6867], [124.6821, -1.6867], [124.6827, -1.6867], [124.6833, -1.6867], [124.6839, -1.6867], [124.6845, -1.6867], [124.6851, -1.6867], [124.6857, -1.6867], [124.6863, -1.6873], [124.6869, -1.6873], [124.6875, -1.6879], [124.6881, -1.6873], [124.6887, -1.6867], [124.6893, -1.6867], [124.6899, -1.6867], [124.6905, -1.6867], [124.6911, -1.6861], [124.6917, -1.6855], [124.6911, -1.6849], [124.6911, -1.6843], [124.6911, -1.6837], [124.6911, -1.6831], [124.6911, -1.6825], [124.6911, -1.6819], [124.6911, -1.6813], [124.6905, -1.6807], [124.6905, -1.6801], [124.6905, -1.6795], [124.6905, -1.6789], [124.6905, -1.6783], [124.6911, -1.6777], [124.6911, -1.6771], [124.6911, -1.6765], [124.6911, -1.6759], [124.6911, -1.6753], [124.6911, -1.6747], [124.6917, -1.6741], [124.6917, -1.6735], [124.6923, -1.6735], [124.6929, -1.6735], [124.6935, -1.6729], [124.6941, -1.6723], [124.6947, -1.6717], [124.6953, -1.6711], [124.6959, -1.6705], [124.6959, -1.6699], [124.6959, -1.6693], [124.6965, -1.6687], [124.6971, -1.6681], [124.6971, -1.6675], [124.6971, -1.6669], [124.6977, -1.6663], [124.6983, -1.6657], [124.6983, -1.6651], [124.6989, -1.6645], [124.6995, -1.6639], [124.7001, -1.6633], [124.7001, -1.6627], [124.7001, -1.6621], [124.7007, -1.6615], [124.7007, -1.6609], [124.7007, -1.6603], [124.7007, -1.6597], [124.7007, -1.6591], [124.7013, -1.6585], [124.7013, -1.6579], [124.7013, -1.6573], [124.7013, -1.6567]]}}, {"type": "Feature", "properties": {"source": "DEMNAS D8 derived", "thresholdCells": 2000}, "geometry": {"type": "LineString", "coordinates": [[124.5051, -1.7329], [124.5045, -1.7329], [124.5039, -1.7323], [124.5033, -1.7317], [124.5027, -1.7311], [124.5021, -1.7305], [124.5015, -1.7299], [124.5015, -1.7293], [124.5009, -1.7287], [124.5009, -1.7281], [124.5009, -1.7275], [124.5015, -1.7269], [124.5015, -1.7263], [124.5021, -1.7263], [124.5027, -1.7257], [124.5033, -1.7257], [124.5039, -1.7251], [124.5045, -1.7245], [124.5051, -1.7239], [124.5051, -1.7233], [124.5051, -1.7227], [124.5057, -1.7221], [124.5057, -1.7215], [124.5063, -1.7209], [124.5063, -1.7203], [124.5069, -1.7197], [124.5069, -1.7191], [124.5075, -1.7185], [124.5075, -1.7179], [124.5075, -1.7173], [124.5081, -1.7167], [124.5081, -1.7161], [124.5081, -1.7155], [124.5081, -1.7149], [124.5081, -1.7143], [124.5087, -1.7137], [124.5087, -1.7131], [124.5087, -1.7125], [124.5093, -1.7119], [124.5093, -1.7113], [124.5099, -1.7107], [124.5099, -1.7101], [124.5099, -1.7095], [124.5099, -1.7089], [124.5105, -1.7083], [124.5111, -1.7077], [124.5117, -1.7071], [124.5123, -1.7065], [124.5129, -1.7065], [124.5135, -1.7059], [124.5141, -1.7053], [124.5147, -1.7053], [124.5153, -1.7047], [124.5159, -1.7041], [124.5159, -1.7035], [124.5153, -1.7029], [124.5147, -1.7023], [124.5147, -1.7017], [124.5147, -1.7011], [124.5147, -1.7005], [124.5141, -1.6999], [124.5147, -1.6993], [124.5147, -1.6987], [124.5153, -1.6987], [124.5159, -1.6981], [124.5165, -1.6981], [124.5171, -1.6975], [124.5177, -1.6969], [124.5171, -1.6963], [124.5171, -1.6957], [124.5171, -1.6951], [124.5165, -1.6945], [124.5159, -1.6939], [124.5153, -1.6939], [124.5147, -1.6933], [124.5141, -1.6927], [124.5135, -1.6927], [124.5129, -1.6927], [124.5123, -1.6933], [124.5117, -1.6933], [124.5111, -1.6927], [124.5111, -1.6921], [124.5111, -1.6915], [124.5111, -1.6909], [124.5105, -1.6903], [124.5099, -1.6903], [124.5099, -1.6897], [124.5093, -1.6891], [124.5087, -1.6885], [124.5081, -1.6879], [124.5075, -1.6873], [124.5081, -1.6867], [124.5081, -1.6861], [124.5087, -1.6855], [124.5093, -1.6849], [124.5087, -1.6843], [124.5081, -1.6843], [124.5075, -1.6837], [124.5069, -1.6837], [124.5063, -1.6837], [124.5057, -1.6837], [124.5051, -1.6831], [124.5051, -1.6825], [124.5051, -1.6819], [124.5045, -1.6813], [124.5045, -1.6807], [124.5045, -1.6801], [124.5045, -1.6795], [124.5045, -1.6789], [124.5051, -1.6783], [124.5057, -1.6777], [124.5057, -1.6771], [124.5057, -1.6765], [124.5063, -1.6759], [124.5063, -1.6753], [124.5063, -1.6747], [124.5063, -1.6741], [124.5057, -1.6735], [124.5057, -1.6729], [124.5063, -1.6723], [124.5069, -1.6723], [124.5075, -1.6717], [124.5075, -1.6711], [124.5075, -1.6705], [124.5075, -1.6699], [124.5081, -1.6693], [124.5075, -1.6687], [124.5069, -1.6687], [124.5063, -1.6687], [124.5057, -1.6687], [124.5051, -1.6681], [124.5045, -1.6675], [124.5039, -1.6669], [124.5039, -1.6663], [124.5039, -1.6657], [124.5033, -1.6651], [124.5027, -1.6645], [124.5027, -1.6639], [124.5021, -1.6633], [124.5015, -1.6627], [124.5009, -1.6621], [124.5003, -1.6615], [124.4997, -1.6615], [124.4991, -1.6609], [124.4985, -1.6603], [124.4985, -1.6597], [124.4985, -1.6591], [124.4991, -1.6585], [124.4985, -1.6579], [124.4979, -1.6573]]}}, {"type": "Feature", "properties": {"source": "DEMNAS D8 derived", "thresholdCells": 2000}, "geometry": {"type": "LineString", "coordinates": [[124.4415, -1.7341], [124.4415, -1.7335], [124.4409, -1.7329], [124.4403, -1.7323], [124.4403, -1.7317], [124.4403, -1.7311], [124.4397, -1.7305], [124.4397, -1.7299], [124.4391, -1.7293], [124.4391, -1.7287], [124.4385, -1.7281], [124.4379, -1.7275], [124.4373, -1.7269], [124.4367, -1.7263], [124.4367, -1.7257], [124.4373, -1.7251], [124.4373, -1.7245], [124.4367, -1.7239], [124.4367, -1.7233], [124.4361, -1.7227], [124.4361, -1.7221], [124.4361, -1.7215], [124.4361, -1.7209], [124.4361, -1.7203], [124.4361, -1.7197], [124.4361, -1.7191], [124.4361, -1.7185], [124.4367, -1.7179], [124.4367, -1.7173], [124.4373, -1.7167], [124.4373, -1.7161], [124.4367, -1.7155], [124.4361, -1.7149], [124.4355, -1.7143], [124.4349, -1.7137], [124.4349, -1.7131], [124.4355, -1.7125], [124.4349, -1.7119], [124.4343, -1.7113], [124.4349, -1.7107], [124.4349, -1.7101], [124.4349, -1.7095], [124.4349, -1.7089], [124.4355, -1.7083], [124.4361, -1.7077], [124.4367, -1.7071], [124.4373, -1.7065], [124.4379, -1.7059], [124.4379, -1.7053], [124.4379, -1.7047], [124.4379, -1.7041], [124.4385, -1.7035], [124.4385, -1.7029], [124.4391, -1.7023], [124.4397, -1.7017], [124.4403, -1.7011], [124.4403, -1.7005], [124.4403, -1.6999], [124.4409, -1.6993], [124.4409, -1.6987], [124.4409, -1.6981], [124.4415, -1.6981], [124.4421, -1.6975], [124.4427, -1.6975], [124.4427, -1.6969], [124.4433, -1.6963], [124.4427, -1.6957], [124.4427, -1.6951], [124.4427, -1.6945], [124.4427, -1.6939], [124.4421, -1.6933], [124.4421, -1.6927], [124.4427, -1.6921], [124.4433, -1.6921], [124.4439, -1.6927], [124.4445, -1.6927], [124.4451, -1.6927], [124.4457, -1.6921], [124.4457, -1.6915], [124.4451, -1.6909], [124.4451, -1.6903], [124.4451, -1.6897], [124.4445, -1.6891], [124.4439, -1.6885], [124.4439, -1.6879], [124.4445, -1.6873], [124.4451, -1.6873], [124.4451, -1.6867], [124.4445, -1.6861], [124.4451, -1.6855], [124.4457, -1.6849], [124.4463, -1.6843], [124.4463, -1.6837], [124.4463, -1.6831], [124.4457, -1.6825], [124.4463, -1.6819], [124.4463, -1.6813], [124.4463, -1.6807], [124.4463, -1.6801], [124.4463, -1.6795], [124.4463, -1.6789], [124.4463, -1.6783], [124.4463, -1.6777], [124.4463, -1.6771], [124.4463, -1.6765], [124.4463, -1.6759], [124.4463, -1.6753], [124.4463, -1.6747], [124.4463, -1.6741], [124.4463, -1.6735], [124.4463, -1.6729], [124.4463, -1.6723], [124.4469, -1.6717], [124.4475, -1.6711], [124.4481, -1.6705], [124.4481, -1.6699], [124.4481, -1.6693], [124.4481, -1.6687], [124.4481, -1.6681], [124.4487, -1.6675], [124.4481, -1.6669], [124.4475, -1.6663], [124.4475, -1.6657], [124.4481, -1.6651], [124.4481, -1.6645], [124.4481, -1.6639], [124.4475, -1.6639]]}}, {"type": "Feature", "properties": {"source": "DEMNAS D8 derived", "thresholdCells": 2000}, "geometry": {"type": "LineString", "coordinates": [[124.6725, -1.7431], [124.6731, -1.7425], [124.6737, -1.7425], [124.6743, -1.7425], [124.6749, -1.7419], [124.6755, -1.7413], [124.6761, -1.7407], [124.6767, -1.7401], [124.6773, -1.7401], [124.6779, -1.7395], [124.6785, -1.7389], [124.6791, -1.7383], [124.6797, -1.7383], [124.6803, -1.7377], [124.6803, -1.7371], [124.6803, -1.7365], [124.6803, -1.7359], [124.6803, -1.7353], [124.6803, -1.7347], [124.6809, -1.7341], [124.6815, -1.7341], [124.6821, -1.7341], [124.6827, -1.7341], [124.6833, -1.7341], [124.6839, -1.7341], [124.6845, -1.7335], [124.6851, -1.7329], [124.6857, -1.7323], [124.6863, -1.7317], [124.6869, -1.7311], [124.6869, -1.7305], [124.6875, -1.7299], [124.6881, -1.7293], [124.6887, -1.7287], [124.6893, -1.7281], [124.6899, -1.7275], [124.6899, -1.7269], [124.6899, -1.7263], [124.6899, -1.7257], [124.6899, -1.7251], [124.6905, -1.7245], [124.6905, -1.7239], [124.6911, -1.7239], [124.6917, -1.7233], [124.6923, -1.7227], [124.6929, -1.7221], [124.6935, -1.7215], [124.6941, -1.7209], [124.6947, -1.7203], [124.6953, -1.7197], [124.6953, -1.7191], [124.6953, -1.7185], [124.6953, -1.7179], [124.6953, -1.7173], [124.6947, -1.7167], [124.6947, -1.7161], [124.6941, -1.7155], [124.6941, -1.7149], [124.6941, -1.7143], [124.6941, -1.7137], [124.6941, -1.7131], [124.6941, -1.7125], [124.6947, -1.7119], [124.6947, -1.7113], [124.6947, -1.7107], [124.6947, -1.7101], [124.6941, -1.7095], [124.6941, -1.7089], [124.6935, -1.7083], [124.6935, -1.7077], [124.6935, -1.7071], [124.6935, -1.7065], [124.6929, -1.7059], [124.6935, -1.7053], [124.6935, -1.7047], [124.6935, -1.7041], [124.6941, -1.7035], [124.6947, -1.7035], [124.6953, -1.7029], [124.6959, -1.7023], [124.6965, -1.7017], [124.6971, -1.7011], [124.6971, -1.7005], [124.6977, -1.6999], [124.6983, -1.6993], [124.6983, -1.6987], [124.6989, -1.6981], [124.6995, -1.6975], [124.7001, -1.6969], [124.7001, -1.6963], [124.7007, -1.6957], [124.7007, -1.6951], [124.7007, -1.6945], [124.7007, -1.6939], [124.7013, -1.6939], [124.7019, -1.6933], [124.7019, -1.6927], [124.7025, -1.6921], [124.7025, -1.6915], [124.7025, -1.6909], [124.7025, -1.6903], [124.7025, -1.6897], [124.7025, -1.6891], [124.7025, -1.6885], [124.7025, -1.6879], [124.7025, -1.6873], [124.7025, -1.6867], [124.7025, -1.6861], [124.7025, -1.6855], [124.7031, -1.6849], [124.7037, -1.6843], [124.7043, -1.6837], [124.7043, -1.6831], [124.7049, -1.6825], [124.7055, -1.6819], [124.7061, -1.6813], [124.7067, -1.6807], [124.7073, -1.6801], [124.7073, -1.6795], [124.7073, -1.6789], [124.7079, -1.6783], [124.7079, -1.6777], [124.7085, -1.6771], [124.7091, -1.6765], [124.7097, -1.6759], [124.7103, -1.6753], [124.7109, -1.6753], [124.7115, -1.6747], [124.7121, -1.6747], [124.7127, -1.6747], [124.7133, -1.6753], [124.7139, -1.6753], [124.7145, -1.6753], [124.7151, -1.6753], [124.7157, -1.6747], [124.7163, -1.6747], [124.7169, -1.6747], [124.7175, -1.6747], [124.7181, -1.6747], [124.7187, -1.6747], [124.7193, -1.6747], [124.7199, -1.6747], [124.7205, -1.6741], [124.7211, -1.6735], [124.7217, -1.6729], [124.7223, -1.6723], [124.7229, -1.6717], [124.7235, -1.6711], [124.7241, -1.6711], [124.7247, -1.6705], [124.7253, -1.6699], [124.7259, -1.6693], [124.7265, -1.6687], [124.7271, -1.6681], [124.7277, -1.6675], [124.7283, -1.6675], [124.7289, -1.6675], [124.7295, -1.6669], [124.7301, -1.6663], [124.7307, -1.6663], [124.7313, -1.6657], [124.7319, -1.6657], [124.7325, -1.6657], [124.7331, -1.6651], [124.7337, -1.6645]]}}, {"type": "Feature", "properties": {"source": "DEMNAS D8 derived", "thresholdCells": 2000}, "geometry": {"type": "LineString", "coordinates": [[124.7367, -1.7545], [124.7367, -1.7539], [124.7373, -1.7533], [124.7373, -1.7527], [124.7373, -1.7521], [124.7373, -1.7515], [124.7373, -1.7509], [124.7373, -1.7503], [124.7373, -1.7497], [124.7373, -1.7491], [124.7373, -1.7485], [124.7367, -1.7479], [124.7361, -1.7473], [124.7355, -1.7467], [124.7349, -1.7461], [124.7343, -1.7455], [124.7343, -1.7449], [124.7343, -1.7443], [124.7337, -1.7437], [124.7337, -1.7431], [124.7331, -1.7425], [124.7331, -1.7419], [124.7331, -1.7413], [124.7331, -1.7407], [124.7331, -1.7401], [124.7331, -1.7395], [124.7337, -1.7395], [124.7343, -1.7395], [124.7349, -1.7389], [124.7355, -1.7389], [124.7361, -1.7383], [124.7367, -1.7377], [124.7373, -1.7371], [124.7379, -1.7365], [124.7379, -1.7359], [124.7379, -1.7353], [124.7379, -1.7347], [124.7373, -1.7341], [124.7367, -1.7335], [124.7367, -1.7329], [124.7361, -1.7329], [124.7361, -1.7323], [124.7355, -1.7317], [124.7349, -1.7311], [124.7349, -1.7305], [124.7349, -1.7299], [124.7355, -1.7293], [124.7361, -1.7287], [124.7367, -1.7281], [124.7361, -1.7275], [124.7361, -1.7269], [124.7355, -1.7263], [124.7355, -1.7257], [124.7355, -1.7251], [124.7349, -1.7245], [124.7349, -1.7239], [124.7355, -1.7233], [124.7355, -1.7227], [124.7361, -1.7221], [124.7361, -1.7215], [124.7367, -1.7209], [124.7367, -1.7203], [124.7373, -1.7203], [124.7379, -1.7197], [124.7385, -1.7191], [124.7391, -1.7185], [124.7397, -1.7185], [124.7403, -1.7185], [124.7409, -1.7179], [124.7415, -1.7173], [124.7421, -1.7167], [124.7427, -1.7161], [124.7433, -1.7155], [124.7439, -1.7149], [124.7445, -1.7143], [124.7451, -1.7137], [124.7457, -1.7131], [124.7463, -1.7125], [124.7469, -1.7119], [124.7469, -1.7113], [124.7475, -1.7107], [124.7481, -1.7101], [124.7481, -1.7095], [124.7487, -1.7089], [124.7493, -1.7083], [124.7493, -1.7077], [124.7499, -1.7071], [124.7499, -1.7065], [124.7499, -1.7059], [124.7505, -1.7059], [124.7511, -1.7053], [124.7517, -1.7047], [124.7517, -1.7041], [124.7517, -1.7035], [124.7517, -1.7029], [124.7523, -1.7023], [124.7529, -1.7017], [124.7535, -1.7011], [124.7541, -1.7005], [124.7541, -1.6999], [124.7547, -1.6993], [124.7553, -1.6993], [124.7559, -1.6993], [124.7565, -1.6993], [124.7571, -1.6993], [124.7577, -1.6993], [124.7583, -1.6987], [124.7589, -1.6981], [124.7589, -1.6975], [124.7589, -1.6969], [124.7589, -1.6963], [124.7583, -1.6957], [124.7583, -1.6951], [124.7589, -1.6951], [124.7595, -1.6945], [124.7601, -1.6939], [124.7601, -1.6933], [124.7607, -1.6927], [124.7613, -1.6921], [124.7613, -1.6915], [124.7619, -1.6909], [124.7625, -1.6903], [124.7631, -1.6897], [124.7637, -1.6891], [124.7643, -1.6885], [124.7649, -1.6879], [124.7649, -1.6873], [124.7655, -1.6867], [124.7661, -1.6861], [124.7667, -1.6855], [124.7673, -1.6855], [124.7679, -1.6849], [124.7685, -1.6843], [124.7691, -1.6837], [124.7691, -1.6831], [124.7697, -1.6825], [124.7697, -1.6819], [124.7697, -1.6813], [124.7697, -1.6807], [124.7697, -1.6801], [124.7697, -1.6795], [124.7697, -1.6789], [124.7703, -1.6783], [124.7703, -1.6777], [124.7709, -1.6771]]}}, {"type": "Feature", "properties": {"source": "DEMNAS D8 derived", "thresholdCells": 2000}, "geometry": {"type": "LineString", "coordinates": [[124.8849, -1.7587], [124.8855, -1.7587], [124.8861, -1.7581], [124.8861, -1.7575], [124.8867, -1.7569], [124.8873, -1.7569], [124.8879, -1.7569], [124.8885, -1.7569], [124.8891, -1.7575], [124.8897, -1.7575], [124.8903, -1.7569], [124.8909, -1.7569], [124.8915, -1.7569], [124.8921, -1.7563], [124.8927, -1.7563], [124.8933, -1.7563], [124.8939, -1.7563], [124.8945, -1.7563], [124.8951, -1.7563], [124.8957, -1.7557], [124.8963, -1.7551], [124.8969, -1.7551], [124.8975, -1.7557], [124.8981, -1.7563], [124.8981, -1.7569], [124.8987, -1.7575], [124.8993, -1.7581], [124.8999, -1.7587], [124.9005, -1.7593], [124.9011, -1.7593], [124.9017, -1.7593], [124.9023, -1.7599], [124.9029, -1.7599], [124.9035, -1.7605], [124.9041, -1.7599], [124.9047, -1.7599], [124.9047, -1.7593], [124.9047, -1.7587], [124.9053, -1.7587], [124.9059, -1.7587], [124.9065, -1.7593], [124.9071, -1.7593], [124.9077, -1.7587], [124.9083, -1.7581], [124.9089, -1.7575], [124.9095, -1.7575], [124.9101, -1.7581], [124.9107, -1.7581], [124.9113, -1.7581], [124.9119, -1.7575], [124.9125, -1.7569], [124.9125, -1.7563], [124.9131, -1.7557], [124.9131, -1.7551], [124.9137, -1.7545], [124.9143, -1.7539], [124.9149, -1.7539], [124.9155, -1.7545], [124.9161, -1.7551], [124.9167, -1.7557], [124.9173, -1.7563], [124.9179, -1.7563], [124.9185, -1.7557], [124.9191, -1.7551], [124.9197, -1.7545], [124.9203, -1.7545], [124.9209, -1.7539], [124.9215, -1.7533], [124.9221, -1.7533], [124.9227, -1.7527], [124.9227, -1.7521], [124.9233, -1.7515], [124.9239, -1.7509], [124.9239, -1.7503], [124.9245, -1.7497], [124.9245, -1.7491], [124.9245, -1.7485], [124.9245, -1.7479], [124.9245, -1.7473], [124.9245, -1.7467], [124.9245, -1.7461], [124.9251, -1.7455], [124.9251, -1.7449], [124.9251, -1.7443], [124.9251, -1.7437], [124.9251, -1.7431], [124.9257, -1.7431], [124.9263, -1.7425], [124.9269, -1.7419], [124.9269, -1.7413], [124.9269, -1.7407], [124.9269, -1.7401], [124.9263, -1.7395], [124.9263, -1.7389], [124.9269, -1.7383], [124.9269, -1.7377], [124.9269, -1.7371], [124.9269, -1.7365], [124.9269, -1.7359], [124.9269, -1.7353], [124.9269, -1.7347], [124.9269, -1.7341], [124.9269, -1.7335], [124.9275, -1.7329], [124.9281, -1.7323], [124.9287, -1.7317], [124.9293, -1.7311], [124.9293, -1.7305], [124.9299, -1.7299], [124.9299, -1.7293], [124.9293, -1.7287], [124.9293, -1.7281], [124.9287, -1.7275], [124.9287, -1.7269], [124.9281, -1.7263], [124.9281, -1.7257], [124.9287, -1.7251], [124.9287, -1.7245], [124.9293, -1.7239], [124.9293, -1.7233], [124.9293, -1.7227], [124.9299, -1.7221], [124.9299, -1.7215], [124.9299, -1.7209], [124.9305, -1.7203], [124.9311, -1.7203], [124.9317, -1.7203], [124.9323, -1.7203], [124.9329, -1.7197], [124.9335, -1.7191], [124.9329, -1.7185], [124.9323, -1.7185], [124.9317, -1.7185], [124.9311, -1.7185], [124.9305, -1.7179], [124.9299, -1.7173], [124.9299, -1.7167]]}}, {"type": "Feature", "properties": {"source": "DEMNAS D8 derived", "thresholdCells": 2000}, "geometry": {"type": "LineString", "coordinates": [[124.7703, -1.7623], [124.7709, -1.7623], [124.7715, -1.7629], [124.7721, -1.7635], [124.7721, -1.7641], [124.7727, -1.7647], [124.7733, -1.7647], [124.7739, -1.7641], [124.7745, -1.7641], [124.7751, -1.7641], [124.7757, -1.7641], [124.7763, -1.7641], [124.7769, -1.7647], [124.7775, -1.7647], [124.7781, -1.7641], [124.7787, -1.7647], [124.7793, -1.7653], [124.7799, -1.7659], [124.7805, -1.7653], [124.7811, -1.7653], [124.7817, -1.7647], [124.7823, -1.7647], [124.7829, -1.7653], [124.7835, -1.7653], [124.7841, -1.7653], [124.7847, -1.7653], [124.7853, -1.7653], [124.7859, -1.7653], [124.7865, -1.7653], [124.7871, -1.7653], [124.7877, -1.7653], [124.7883, -1.7653], [124.7889, -1.7653], [124.7895, -1.7653], [124.7901, -1.7653], [124.7907, -1.7653], [124.7913, -1.7653], [124.7919, -1.7653], [124.7925, -1.7653], [124.7931, -1.7653], [124.7937, -1.7653], [124.7943, -1.7653], [124.7949, -1.7653], [124.7955, -1.7653], [124.7961, -1.7653], [124.7967, -1.7653], [124.7973, -1.7653], [124.7979, -1.7653], [124.7985, -1.7647], [124.7991, -1.7641], [124.7997, -1.7635], [124.8003, -1.7629], [124.8009, -1.7623], [124.8015, -1.7617], [124.8015, -1.7611], [124.8015, -1.7605], [124.8015, -1.7599], [124.8015, -1.7593], [124.8015, -1.7587], [124.8021, -1.7581], [124.8027, -1.7575], [124.8033, -1.7569], [124.8039, -1.7563], [124.8045, -1.7557], [124.8051, -1.7551], [124.8057, -1.7545], [124.8057, -1.7539], [124.8057, -1.7533], [124.8057, -1.7527], [124.8057, -1.7521], [124.8057, -1.7515], [124.8063, -1.7509], [124.8063, -1.7503], [124.8069, -1.7497], [124.8075, -1.7491], [124.8075, -1.7485], [124.8075, -1.7479], [124.8081, -1.7473], [124.8081, -1.7467], [124.8087, -1.7461], [124.8093, -1.7455], [124.8099, -1.7449], [124.8105, -1.7443], [124.8111, -1.7437], [124.8117, -1.7437], [124.8123, -1.7431], [124.8129, -1.7425], [124.8135, -1.7425], [124.8141, -1.7419], [124.8147, -1.7413], [124.8153, -1.7407], [124.8159, -1.7401], [124.8165, -1.7395], [124.8171, -1.7389], [124.8177, -1.7383], [124.8183, -1.7383], [124.8189, -1.7377], [124.8195, -1.7377], [124.8201, -1.7371], [124.8207, -1.7371], [124.8213, -1.7365], [124.8219, -1.7365], [124.8225, -1.7359], [124.8231, -1.7359], [124.8237, -1.7353], [124.8243, -1.7353], [124.8249, -1.7347], [124.8255, -1.7347], [124.8261, -1.7347], [124.8267, -1.7347], [124.8273, -1.7341], [124.8279, -1.7341], [124.8285, -1.7335], [124.8291, -1.7335], [124.8297, -1.7329], [124.8303, -1.7323], [124.8309, -1.7317], [124.8315, -1.7311], [124.8315, -1.7305], [124.8315, -1.7299], [124.8315, -1.7293], [124.8315, -1.7287], [124.8309, -1.7287], [124.8303, -1.7287], [124.8297, -1.7287], [124.8291, -1.7281], [124.8285, -1.7275], [124.8279, -1.7269], [124.8273, -1.7263], [124.8273, -1.7257], [124.8273, -1.7251], [124.8273, -1.7245], [124.8279, -1.7239], [124.8285, -1.7233], [124.8291, -1.7233], [124.8297, -1.7233], [124.8303, -1.7233], [124.8309, -1.7233], [124.8315, -1.7227], [124.8321, -1.7227], [124.8327, -1.7227], [124.8333, -1.7227], [124.8339, -1.7227], [124.8345, -1.7221], [124.8351, -1.7221], [124.8357, -1.7221], [124.8363, -1.7221], [124.8369, -1.7221], [124.8375, -1.7221], [124.8381, -1.7221], [124.8387, -1.7215], [124.8393, -1.7215], [124.8399, -1.7215], [124.8405, -1.7209], [124.8411, -1.7203], [124.8417, -1.7197], [124.8417, -1.7191], [124.8423, -1.7185], [124.8429, -1.7179], [124.8435, -1.7173], [124.8435, -1.7167], [124.8441, -1.7161], [124.8441, -1.7155], [124.8447, -1.7149], [124.8453, -1.7143], [124.8453, -1.7137], [124.8453, -1.7131], [124.8453, -1.7125], [124.8447, -1.7119], [124.8447, -1.7113], [124.8447, -1.7107], [124.8447, -1.7101], [124.8453, -1.7095], [124.8453, -1.7089], [124.8459, -1.7083], [124.8465, -1.7077], [124.8465, -1.7071], [124.8471, -1.7065], [124.8477, -1.7059], [124.8477, -1.7053], [124.8483, -1.7047], [124.8489, -1.7041], [124.8495, -1.7035]]}}, {"type": "Feature", "properties": {"source": "DEMNAS D8 derived", "thresholdCells": 2000}, "geometry": {"type": "LineString", "coordinates": [[124.8489, -1.7719], [124.8495, -1.7713], [124.8501, -1.7707], [124.8501, -1.7701], [124.8501, -1.7695], [124.8501, -1.7689], [124.8501, -1.7683], [124.8501, -1.7677], [124.8501, -1.7671], [124.8501, -1.7665], [124.8501, -1.7659], [124.8501, -1.7653], [124.8495, -1.7647], [124.8495, -1.7641], [124.8495, -1.7635], [124.8495, -1.7629], [124.8495, -1.7623], [124.8495, -1.7617], [124.8501, -1.7611], [124.8507, -1.7605], [124.8507, -1.7599], [124.8507, -1.7593], [124.8513, -1.7587], [124.8519, -1.7581], [124.8519, -1.7575], [124.8519, -1.7569], [124.8525, -1.7563], [124.8531, -1.7557], [124.8537, -1.7551], [124.8543, -1.7545], [124.8549, -1.7539], [124.8549, -1.7533], [124.8555, -1.7527], [124.8561, -1.7521], [124.8567, -1.7515], [124.8573, -1.7515], [124.8573, -1.7509], [124.8579, -1.7503], [124.8585, -1.7503], [124.8591, -1.7497], [124.8597, -1.7491], [124.8591, -1.7485], [124.8591, -1.7479], [124.8591, -1.7473], [124.8591, -1.7467], [124.8591, -1.7461], [124.8591, -1.7455], [124.8597, -1.7449], [124.8597, -1.7443], [124.8597, -1.7437], [124.8597, -1.7431], [124.8597, -1.7425], [124.8597, -1.7419], [124.8603, -1.7413], [124.8603, -1.7407], [124.8603, -1.7401], [124.8603, -1.7395], [124.8603, -1.7389], [124.8603, -1.7383], [124.8603, -1.7377], [124.8603, -1.7371], [124.8603, -1.7365], [124.8609, -1.7359], [124.8609, -1.7353], [124.8615, -1.7347], [124.8615, -1.7341], [124.8609, -1.7335], [124.8609, -1.7329], [124.8609, -1.7323], [124.8609, -1.7317], [124.8609, -1.7311], [124.8615, -1.7305], [124.8615, -1.7299], [124.8615, -1.7293], [124.8615, -1.7287], [124.8615, -1.7281], [124.8609, -1.7281], [124.8609, -1.7275], [124.8603, -1.7269], [124.8603, -1.7263], [124.8603, -1.7257], [124.8603, -1.7251], [124.8603, -1.7245], [124.8603, -1.7239], [124.8597, -1.7233], [124.8591, -1.7227], [124.8591, -1.7221], [124.8591, -1.7215], [124.8597, -1.7209], [124.8591, -1.7203], [124.8585, -1.7197], [124.8579, -1.7191], [124.8573, -1.7185], [124.8567, -1.7179], [124.8561, -1.7173], [124.8555, -1.7167], [124.8549, -1.7161], [124.8543, -1.7155], [124.8537, -1.7161], [124.8531, -1.7161], [124.8525, -1.7161], [124.8519, -1.7161], [124.8513, -1.7161], [124.8507, -1.7161], [124.8501, -1.7161], [124.8495, -1.7161], [124.8489, -1.7161], [124.8483, -1.7167], [124.8477, -1.7167], [124.8471, -1.7173], [124.8465, -1.7167], [124.8459, -1.7167], [124.8453, -1.7167], [124.8447, -1.7161], [124.8447, -1.7155], [124.8447, -1.7149], [124.8453, -1.7143], [124.8453, -1.7137], [124.8453, -1.7131], [124.8453, -1.7125], [124.8447, -1.7119], [124.8447, -1.7113], [124.8447, -1.7107], [124.8447, -1.7101], [124.8453, -1.7095], [124.8453, -1.7089], [124.8459, -1.7083], [124.8465, -1.7077], [124.8465, -1.7071], [124.8471, -1.7065], [124.8477, -1.7059], [124.8477, -1.7053], [124.8483, -1.7047], [124.8489, -1.7041], [124.8495, -1.7035]]}}, {"type": "Feature", "properties": {"source": "DEMNAS D8 derived", "thresholdCells": 2000}, "geometry": {"type": "LineString", "coordinates": [[125.0037, -1.7725], [125.0043, -1.7719], [125.0049, -1.7719], [125.0055, -1.7719], [125.0061, -1.7713], [125.0067, -1.7707], [125.0073, -1.7701], [125.0079, -1.7695], [125.0085, -1.7695], [125.0091, -1.7695], [125.0097, -1.7695], [125.0097, -1.7689], [125.0097, -1.7683], [125.0103, -1.7677], [125.0109, -1.7671], [125.0109, -1.7665], [125.0115, -1.7659], [125.0121, -1.7653], [125.0127, -1.7653], [125.0133, -1.7647], [125.0133, -1.7641], [125.0133, -1.7635], [125.0133, -1.7629], [125.0133, -1.7623], [125.0133, -1.7617], [125.0133, -1.7611], [125.0139, -1.7611]]}}, {"type": "Feature", "properties": {"source": "DEMNAS D8 derived", "thresholdCells": 2000}, "geometry": {"type": "LineString", "coordinates": [[124.5831, -1.7737], [124.5825, -1.7731], [124.5819, -1.7725], [124.5813, -1.7719], [124.5807, -1.7713], [124.5807, -1.7707], [124.5801, -1.7701], [124.5801, -1.7695], [124.5801, -1.7689], [124.5807, -1.7683], [124.5807, -1.7677], [124.5801, -1.7671], [124.5795, -1.7665], [124.5789, -1.7659], [124.5789, -1.7653], [124.5783, -1.7647], [124.5777, -1.7641], [124.5771, -1.7635], [124.5765, -1.7629], [124.5765, -1.7623], [124.5765, -1.7617], [124.5765, -1.7611], [124.5765, -1.7605], [124.5765, -1.7599], [124.5765, -1.7593], [124.5765, -1.7587], [124.5771, -1.7581], [124.5777, -1.7575], [124.5783, -1.7569], [124.5783, -1.7563], [124.5783, -1.7557], [124.5783, -1.7551], [124.5783, -1.7545], [124.5783, -1.7539], [124.5783, -1.7533], [124.5783, -1.7527], [124.5777, -1.7521], [124.5777, -1.7515], [124.5777, -1.7509], [124.5777, -1.7503], [124.5771, -1.7503], [124.5771, -1.7497], [124.5771, -1.7491], [124.5771, -1.7485], [124.5771, -1.7479], [124.5771, -1.7473], [124.5771, -1.7467], [124.5771, -1.7461], [124.5771, -1.7455], [124.5777, -1.7449], [124.5783, -1.7443], [124.5783, -1.7437], [124.5789, -1.7431], [124.5789, -1.7425], [124.5795, -1.7419], [124.5801, -1.7419], [124.5807, -1.7413], [124.5813, -1.7407], [124.5813, -1.7401], [124.5819, -1.7395], [124.5819, -1.7389], [124.5825, -1.7383], [124.5825, -1.7377], [124.5825, -1.7371], [124.5825, -1.7365], [124.5825, -1.7359], [124.5825, -1.7353], [124.5825, -1.7347], [124.5825, -1.7341], [124.5819, -1.7335], [124.5819, -1.7329], [124.5819, -1.7323], [124.5819, -1.7317], [124.5819, -1.7311], [124.5819, -1.7305], [124.5825, -1.7299], [124.5825, -1.7293], [124.5825, -1.7287], [124.5825, -1.7281], [124.5825, -1.7275], [124.5825, -1.7269], [124.5825, -1.7263], [124.5825, -1.7257], [124.5825, -1.7251], [124.5825, -1.7245], [124.5825, -1.7239], [124.5819, -1.7233], [124.5819, -1.7227], [124.5819, -1.7221], [124.5819, -1.7215], [124.5819, -1.7209], [124.5819, -1.7203], [124.5819, -1.7197], [124.5819, -1.7191], [124.5819, -1.7185], [124.5819, -1.7179], [124.5819, -1.7173], [124.5819, -1.7167], [124.5819, -1.7161], [124.5819, -1.7155], [124.5819, -1.7149], [124.5813, -1.7143], [124.5813, -1.7137], [124.5807, -1.7131], [124.5801, -1.7131], [124.5795, -1.7131], [124.5789, -1.7125], [124.5783, -1.7125], [124.5777, -1.7125], [124.5771, -1.7119], [124.5765, -1.7113], [124.5759, -1.7107], [124.5753, -1.7101], [124.5747, -1.7095], [124.5747, -1.7089], [124.5741, -1.7083], [124.5735, -1.7077], [124.5729, -1.7071], [124.5723, -1.7065], [124.5723, -1.7059], [124.5723, -1.7053], [124.5723, -1.7047], [124.5723, -1.7041], [124.5717, -1.7035], [124.5717, -1.7029], [124.5711, -1.7023], [124.5711, -1.7017], [124.5705, -1.7017], [124.5705, -1.7011], [124.5699, -1.7005], [124.5693, -1.6999], [124.5693, -1.6993], [124.5693, -1.6987], [124.5693, -1.6981], [124.5693, -1.6975], [124.5693, -1.6969], [124.5693, -1.6963], [124.5699, -1.6957], [124.5699, -1.6951], [124.5699, -1.6945], [124.5693, -1.6939], [124.5693, -1.6933], [124.5687, -1.6927], [124.5687, -1.6921], [124.5687, -1.6915], [124.5687, -1.6909], [124.5693, -1.6903], [124.5693, -1.6897], [124.5693, -1.6891], [124.5693, -1.6885], [124.5693, -1.6879], [124.5693, -1.6873], [124.5693, -1.6867], [124.5693, -1.6861], [124.5693, -1.6855], [124.5699, -1.6849], [124.5699, -1.6843], [124.5699, -1.6837], [124.5693, -1.6831], [124.5693, -1.6825], [124.5693, -1.6819], [124.5693, -1.6813], [124.5693, -1.6807], [124.5693, -1.6801], [124.5687, -1.6795], [124.5681, -1.6789], [124.5675, -1.6783], [124.5681, -1.6777], [124.5681, -1.6771], [124.5681, -1.6765], [124.5687, -1.6759], [124.5687, -1.6753], [124.5687, -1.6747], [124.5693, -1.6741], [124.5699, -1.6735], [124.5693, -1.6729], [124.5687, -1.6723], [124.5687, -1.6717], [124.5681, -1.6711], [124.5675, -1.6705], [124.5669, -1.6699], [124.5663, -1.6693], [124.5663, -1.6687], [124.5663, -1.6681], [124.5669, -1.6675], [124.5669, -1.6669], [124.5669, -1.6663], [124.5669, -1.6657], [124.5663, -1.6651], [124.5663, -1.6645], [124.5657, -1.6639], [124.5651, -1.6633], [124.5645, -1.6627], [124.5639, -1.6621], [124.5633, -1.6621], [124.5627, -1.6615], [124.5621, -1.6615], [124.5615, -1.6615], [124.5609, -1.6615], [124.5603, -1.6615], [124.5603, -1.6609], [124.5597, -1.6609], [124.5591, -1.6603], [124.5585, -1.6597], [124.5585, -1.6591], [124.5585, -1.6585], [124.5591, -1.6579], [124.5591, -1.6573], [124.5591, -1.6567], [124.5585, -1.6561], [124.5579, -1.6555], [124.5573, -1.6549], [124.5573, -1.6543], [124.5567, -1.6537], [124.5561, -1.6531], [124.5555, -1.6525], [124.5549, -1.6519], [124.5543, -1.6519], [124.5537, -1.6519], [124.5537, -1.6513], [124.5537, -1.6507], [124.5537, -1.6501], [124.5531, -1.6495], [124.5525, -1.6489], [124.5525, -1.6483], [124.5519, -1.6477], [124.5513, -1.6471], [124.5507, -1.6471], [124.5501, -1.6471], [124.5495, -1.6471]]}}, {"type": "Feature", "properties": {"source": "DEMNAS D8 derived", "thresholdCells": 2000}, "geometry": {"type": "LineString", "coordinates": [[124.6725, -1.7755], [124.6731, -1.7761], [124.6737, -1.7767], [124.6743, -1.7773], [124.6743, -1.7779], [124.6743, -1.7785], [124.6743, -1.7791], [124.6737, -1.7797], [124.6737, -1.7803], [124.6737, -1.7809], [124.6731, -1.7815], [124.6731, -1.7821], [124.6725, -1.7827], [124.6725, -1.7833], [124.6719, -1.7839], [124.6713, -1.7839], [124.6707, -1.7845], [124.6701, -1.7851], [124.6695, -1.7857], [124.6689, -1.7863], [124.6683, -1.7869], [124.6677, -1.7875], [124.6671, -1.7875], [124.6665, -1.7881], [124.6659, -1.7881], [124.6653, -1.7887], [124.6647, -1.7893], [124.6641, -1.7899], [124.6647, -1.7905], [124.6647, -1.7911], [124.6653, -1.7917], [124.6653, -1.7923], [124.6659, -1.7929], [124.6659, -1.7935], [124.6665, -1.7935], [124.6671, -1.7941], [124.6677, -1.7947], [124.6677, -1.7953], [124.6683, -1.7959], [124.6683, -1.7965], [124.6683, -1.7971], [124.6689, -1.7977], [124.6689, -1.7983], [124.6695, -1.7989], [124.6695, -1.7995], [124.6701, -1.8001], [124.6701, -1.8007], [124.6695, -1.8013], [124.6689, -1.8019], [124.6683, -1.8025], [124.6677, -1.8025], [124.6677, -1.8031], [124.6677, -1.8037], [124.6677, -1.8043], [124.6677, -1.8049], [124.6671, -1.8055], [124.6671, -1.8061], [124.6671, -1.8067], [124.6671, -1.8073], [124.6665, -1.8079], [124.6665, -1.8085], [124.6665, -1.8091], [124.6665, -1.8097], [124.6665, -1.8103], [124.6665, -1.8109], [124.6665, -1.8115], [124.6671, -1.8121], [124.6671, -1.8127], [124.6677, -1.8133], [124.6671, -1.8139], [124.6671, -1.8145], [124.6665, -1.8151], [124.6665, -1.8157], [124.6659, -1.8163], [124.6659, -1.8169], [124.6659, -1.8175], [124.6659, -1.8181], [124.6659, -1.8187], [124.6659, -1.8193], [124.6653, -1.8199], [124.6653, -1.8205], [124.6653, -1.8211], [124.6653, -1.8217], [124.6653, -1.8223], [124.6653, -1.8229], [124.6653, -1.8235], [124.6653, -1.8241], [124.6653, -1.8247], [124.6653, -1.8253], [124.6659, -1.8259], [124.6665, -1.8265], [124.6671, -1.8271], [124.6677, -1.8277], [124.6683, -1.8283], [124.6689, -1.8289], [124.6695, -1.8295], [124.6701, -1.8301], [124.6707, -1.8307], [124.6707, -1.8313], [124.6713, -1.8319], [124.6719, -1.8325], [124.6725, -1.8331], [124.6731, -1.8337], [124.6731, -1.8343], [124.6737, -1.8349], [124.6743, -1.8355], [124.6743, -1.8361], [124.6743, -1.8367], [124.6743, -1.8373], [124.6749, -1.8379], [124.6749, -1.8385], [124.6755, -1.8391], [124.6755, -1.8397], [124.6761, -1.8403], [124.6761, -1.8409], [124.6767, -1.8415], [124.6773, -1.8421], [124.6779, -1.8427], [124.6785, -1.8433], [124.6791, -1.8439], [124.6797, -1.8445], [124.6803, -1.8445], [124.6809, -1.8445], [124.6815, -1.8451], [124.6821, -1.8457], [124.6827, -1.8463], [124.6833, -1.8463], [124.6833, -1.8469], [124.6833, -1.8475], [124.6839, -1.8481], [124.6845, -1.8487], [124.6851, -1.8493], [124.6857, -1.8499], [124.6863, -1.8505], [124.6869, -1.8505], [124.6875, -1.8505], [124.6881, -1.8505], [124.6887, -1.8505], [124.6893, -1.8505], [124.6899, -1.8505], [124.6905, -1.8505], [124.6911, -1.8511], [124.6917, -1.8511], [124.6923, -1.8517], [124.6929, -1.8523], [124.6935, -1.8529], [124.6941, -1.8535], [124.6941, -1.8541], [124.6941, -1.8547], [124.6947, -1.8553], [124.6947, -1.8559], [124.6947, -1.8565], [124.6947, -1.8571], [124.6947, -1.8577], [124.6947, -1.8583], [124.6947, -1.8589], [124.6947, -1.8595], [124.6953, -1.8601], [124.6959, -1.8607], [124.6965, -1.8613], [124.6971, -1.8619], [124.6977, -1.8625], [124.6977, -1.8631], [124.6977, -1.8637], [124.6977, -1.8643], [124.6977, -1.8649], [124.6977, -1.8655], [124.6977, -1.8661], [124.6977, -1.8667], [124.6977, -1.8673], [124.6977, -1.8679], [124.6971, -1.8685], [124.6965, -1.8691], [124.6959, -1.8697], [124.6953, -1.8703], [124.6947, -1.8709], [124.6941, -1.8715], [124.6935, -1.8721], [124.6929, -1.8727], [124.6929, -1.8733], [124.6929, -1.8739], [124.6929, -1.8745], [124.6929, -1.8751], [124.6929, -1.8757], [124.6923, -1.8763], [124.6917, -1.8769], [124.6917, -1.8775], [124.6917, -1.8781], [124.6917, -1.8787], [124.6917, -1.8793], [124.6917, -1.8799], [124.6917, -1.8805], [124.6923, -1.8811], [124.6923, -1.8817], [124.6923, -1.8823], [124.6923, -1.8829], [124.6929, -1.8835], [124.6929, -1.8841], [124.6935, -1.8847], [124.6941, -1.8847], [124.6941, -1.8853], [124.6947, -1.8853], [124.6953, -1.8859], [124.6959, -1.8859], [124.6965, -1.8859], [124.6965, -1.8865], [124.6965, -1.8871], [124.6971, -1.8877], [124.6977, -1.8883], [124.6983, -1.8883], [124.6989, -1.8883], [124.6995, -1.8889], [124.7001, -1.8889], [124.7007, -1.8889], [124.7013, -1.8889], [124.7019, -1.8889], [124.7025, -1.8889], [124.7031, -1.8895], [124.7031, -1.8901], [124.7037, -1.8901], [124.7043, -1.8907], [124.7049, -1.8901], [124.7055, -1.8895], [124.7061, -1.8901], [124.7061, -1.8907], [124.7067, -1.8907], [124.7073, -1.8907], [124.7079, -1.8913], [124.7079, -1.8919], [124.7079, -1.8925], [124.7085, -1.8931], [124.7091, -1.8931], [124.7097, -1.8937], [124.7103, -1.8937], [124.7109, -1.8937], [124.7115, -1.8937], [124.7115, -1.8943], [124.7115, -1.8949], [124.7115, -1.8955], [124.7115, -1.8961], [124.7121, -1.8967], [124.7127, -1.8973], [124.7133, -1.8979], [124.7133, -1.8985], [124.7139, -1.8991], [124.7145, -1.8991], [124.7151, -1.8991], [124.7157, -1.8985], [124.7163, -1.8979], [124.7169, -1.8979], [124.7175, -1.8973], [124.7181, -1.8973], [124.7187, -1.8967], [124.7193, -1.8967], [124.7199, -1.8961], [124.7205, -1.8961], [124.7211, -1.8961], [124.7217, -1.8955], [124.7223, -1.8961], [124.7229, -1.8967], [124.7229, -1.8973], [124.7229, -1.8979], [124.7229, -1.8985], [124.7235, -1.8991], [124.7235, -1.8997], [124.7241, -1.9003], [124.7241, -1.9009], [124.7247, -1.9015], [124.7253, -1.9015], [124.7259, -1.9015], [124.7265, -1.9009], [124.7271, -1.9009], [124.7277, -1.9009], [124.7283, -1.9015], [124.7283, -1.9021], [124.7283, -1.9027], [124.7283, -1.9033], [124.7283, -1.9039], [124.7277, -1.9045], [124.7277, -1.9051], [124.7277, -1.9057], [124.7283, -1.9063], [124.7289, -1.9063], [124.7295, -1.9069], [124.7301, -1.9075], [124.7301, -1.9081], [124.7307, -1.9087], [124.7307, -1.9093], [124.7307, -1.9099], [124.7313, -1.9105], [124.7319, -1.9105], [124.7325, -1.9111], [124.7331, -1.9117], [124.7337, -1.9123], [124.7343, -1.9129], [124.7349, -1.9135], [124.7355, -1.9141], [124.7361, -1.9141], [124.7367, -1.9141], [124.7373, -1.9147], [124.7379, -1.9153], [124.7385, -1.9153], [124.7391, -1.9159], [124.7397, -1.9159], [124.7397, -1.9165], [124.7397, -1.9171], [124.7403, -1.9177], [124.7403, -1.9183], [124.7403, -1.9189], [124.7403, -1.9195], [124.7409, -1.9201], [124.7415, -1.9207], [124.7409, -1.9213], [124.7409, -1.9219], [124.7409, -1.9225], [124.7409, -1.9231], [124.7403, -1.9237], [124.7409, -1.9243], [124.7409, -1.9249], [124.7409, -1.9255], [124.7415, -1.9261], [124.7415, -1.9267], [124.7409, -1.9273], [124.7403, -1.9273], [124.7397, -1.9279], [124.7391, -1.9285], [124.7391, -1.9291], [124.7391, -1.9297], [124.7385, -1.9303], [124.7385, -1.9309], [124.7385, -1.9315], [124.7385, -1.9321], [124.7379, -1.9327], [124.7385, -1.9333], [124.7391, -1.9339], [124.7397, -1.9339]]}}, {"type": "Feature", "properties": {"source": "DEMNAS D8 derived", "thresholdCells": 2000}, "geometry": {"type": "LineString", "coordinates": [[125.1543, -1.7773], [125.1549, -1.7779], [125.1555, -1.7785], [125.1561, -1.7785], [125.1567, -1.7791], [125.1573, -1.7797], [125.1579, -1.7791], [125.1585, -1.7791], [125.1591, -1.7791], [125.1597, -1.7791], [125.1603, -1.7797], [125.1609, -1.7803], [125.1615, -1.7803], [125.1615, -1.7809], [125.1621, -1.7815], [125.1627, -1.7815], [125.1633, -1.7815], [125.1639, -1.7821], [125.1645, -1.7815], [125.1645, -1.7809], [125.1651, -1.7803], [125.1657, -1.7797], [125.1663, -1.7797], [125.1669, -1.7791], [125.1675, -1.7791], [125.1681, -1.7791], [125.1687, -1.7785], [125.1693, -1.7791], [125.1699, -1.7791], [125.1705, -1.7791]]}}, {"type": "Feature", "properties": {"source": "DEMNAS D8 derived", "thresholdCells": 2000}, "geometry": {"type": "LineString", "coordinates": [[124.6791, -1.7779], [124.6785, -1.7785], [124.6779, -1.7785], [124.6773, -1.7791], [124.6767, -1.7797], [124.6761, -1.7803], [124.6755, -1.7809], [124.6749, -1.7809], [124.6743, -1.7815], [124.6737, -1.7821], [124.6731, -1.7821], [124.6725, -1.7827], [124.6725, -1.7833], [124.6719, -1.7839], [124.6713, -1.7839], [124.6707, -1.7845], [124.6701, -1.7851], [124.6695, -1.7857], [124.6689, -1.7863], [124.6683, -1.7869], [124.6677, -1.7875], [124.6671, -1.7875], [124.6665, -1.7881], [124.6659, -1.7881], [124.6653, -1.7887], [124.6647, -1.7893], [124.6641, -1.7899], [124.6647, -1.7905], [124.6647, -1.7911], [124.6653, -1.7917], [124.6653, -1.7923], [124.6659, -1.7929], [124.6659, -1.7935], [124.6665, -1.7935], [124.6671, -1.7941], [124.6677, -1.7947], [124.6677, -1.7953], [124.6683, -1.7959], [124.6683, -1.7965], [124.6683, -1.7971], [124.6689, -1.7977], [124.6689, -1.7983], [124.6695, -1.7989], [124.6695, -1.7995], [124.6701, -1.8001], [124.6701, -1.8007], [124.6695, -1.8013], [124.6689, -1.8019], [124.6683, -1.8025], [124.6677, -1.8025], [124.6677, -1.8031], [124.6677, -1.8037], [124.6677, -1.8043], [124.6677, -1.8049], [124.6671, -1.8055], [124.6671, -1.8061], [124.6671, -1.8067], [124.6671, -1.8073], [124.6665, -1.8079], [124.6665, -1.8085], [124.6665, -1.8091], [124.6665, -1.8097], [124.6665, -1.8103], [124.6665, -1.8109], [124.6665, -1.8115], [124.6671, -1.8121], [124.6671, -1.8127], [124.6677, -1.8133], [124.6671, -1.8139], [124.6671, -1.8145], [124.6665, -1.8151], [124.6665, -1.8157], [124.6659, -1.8163], [124.6659, -1.8169], [124.6659, -1.8175], [124.6659, -1.8181], [124.6659, -1.8187], [124.6659, -1.8193], [124.6653, -1.8199], [124.6653, -1.8205], [124.6653, -1.8211], [124.6653, -1.8217], [124.6653, -1.8223], [124.6653, -1.8229], [124.6653, -1.8235], [124.6653, -1.8241], [124.6653, -1.8247], [124.6653, -1.8253], [124.6659, -1.8259], [124.6665, -1.8265], [124.6671, -1.8271], [124.6677, -1.8277], [124.6683, -1.8283], [124.6689, -1.8289], [124.6695, -1.8295], [124.6701, -1.8301], [124.6707, -1.8307], [124.6707, -1.8313], [124.6713, -1.8319], [124.6719, -1.8325], [124.6725, -1.8331], [124.6731, -1.8337], [124.6731, -1.8343], [124.6737, -1.8349], [124.6743, -1.8355], [124.6743, -1.8361], [124.6743, -1.8367], [124.6743, -1.8373], [124.6749, -1.8379], [124.6749, -1.8385], [124.6755, -1.8391], [124.6755, -1.8397], [124.6761, -1.8403], [124.6761, -1.8409], [124.6767, -1.8415], [124.6773, -1.8421], [124.6779, -1.8427], [124.6785, -1.8433], [124.6791, -1.8439], [124.6797, -1.8445], [124.6803, -1.8445], [124.6809, -1.8445], [124.6815, -1.8451], [124.6821, -1.8457], [124.6827, -1.8463], [124.6833, -1.8463], [124.6833, -1.8469], [124.6833, -1.8475], [124.6839, -1.8481], [124.6845, -1.8487], [124.6851, -1.8493], [124.6857, -1.8499], [124.6863, -1.8505], [124.6869, -1.8505], [124.6875, -1.8505], [124.6881, -1.8505], [124.6887, -1.8505], [124.6893, -1.8505], [124.6899, -1.8505], [124.6905, -1.8505], [124.6911, -1.8511], [124.6917, -1.8511], [124.6923, -1.8517], [124.6929, -1.8523], [124.6935, -1.8529], [124.6941, -1.8535], [124.6941, -1.8541], [124.6941, -1.8547], [124.6947, -1.8553], [124.6947, -1.8559], [124.6947, -1.8565], [124.6947, -1.8571], [124.6947, -1.8577], [124.6947, -1.8583], [124.6947, -1.8589], [124.6947, -1.8595], [124.6953, -1.8601], [124.6959, -1.8607], [124.6965, -1.8613], [124.6971, -1.8619], [124.6977, -1.8625], [124.6977, -1.8631], [124.6977, -1.8637], [124.6977, -1.8643], [124.6977, -1.8649], [124.6977, -1.8655], [124.6977, -1.8661], [124.6977, -1.8667], [124.6977, -1.8673], [124.6977, -1.8679], [124.6971, -1.8685], [124.6965, -1.8691], [124.6959, -1.8697], [124.6953, -1.8703], [124.6947, -1.8709], [124.6941, -1.8715], [124.6935, -1.8721], [124.6929, -1.8727], [124.6929, -1.8733], [124.6929, -1.8739], [124.6929, -1.8745], [124.6929, -1.8751], [124.6929, -1.8757], [124.6923, -1.8763], [124.6917, -1.8769], [124.6917, -1.8775], [124.6917, -1.8781], [124.6917, -1.8787], [124.6917, -1.8793], [124.6917, -1.8799], [124.6917, -1.8805], [124.6923, -1.8811], [124.6923, -1.8817], [124.6923, -1.8823], [124.6923, -1.8829], [124.6929, -1.8835], [124.6929, -1.8841], [124.6935, -1.8847], [124.6941, -1.8847], [124.6941, -1.8853], [124.6947, -1.8853], [124.6953, -1.8859], [124.6959, -1.8859], [124.6965, -1.8859], [124.6965, -1.8865], [124.6965, -1.8871], [124.6971, -1.8877], [124.6977, -1.8883], [124.6983, -1.8883], [124.6989, -1.8883], [124.6995, -1.8889], [124.7001, -1.8889], [124.7007, -1.8889], [124.7013, -1.8889], [124.7019, -1.8889], [124.7025, -1.8889], [124.7031, -1.8895], [124.7031, -1.8901], [124.7037, -1.8901], [124.7043, -1.8907], [124.7049, -1.8901], [124.7055, -1.8895], [124.7061, -1.8901], [124.7061, -1.8907], [124.7067, -1.8907], [124.7073, -1.8907], [124.7079, -1.8913], [124.7079, -1.8919], [124.7079, -1.8925], [124.7085, -1.8931], [124.7091, -1.8931], [124.7097, -1.8937], [124.7103, -1.8937], [124.7109, -1.8937], [124.7115, -1.8937], [124.7115, -1.8943], [124.7115, -1.8949], [124.7115, -1.8955], [124.7115, -1.8961], [124.7121, -1.8967], [124.7127, -1.8973], [124.7133, -1.8979], [124.7133, -1.8985], [124.7139, -1.8991], [124.7145, -1.8991], [124.7151, -1.8991], [124.7157, -1.8985], [124.7163, -1.8979], [124.7169, -1.8979], [124.7175, -1.8973], [124.7181, -1.8973], [124.7187, -1.8967], [124.7193, -1.8967], [124.7199, -1.8961], [124.7205, -1.8961], [124.7211, -1.8961], [124.7217, -1.8955], [124.7223, -1.8961], [124.7229, -1.8967], [124.7229, -1.8973], [124.7229, -1.8979], [124.7229, -1.8985], [124.7235, -1.8991], [124.7235, -1.8997], [124.7241, -1.9003], [124.7241, -1.9009], [124.7247, -1.9015], [124.7253, -1.9015], [124.7259, -1.9015], [124.7265, -1.9009], [124.7271, -1.9009], [124.7277, -1.9009], [124.7283, -1.9015], [124.7283, -1.9021], [124.7283, -1.9027], [124.7283, -1.9033], [124.7283, -1.9039], [124.7277, -1.9045], [124.7277, -1.9051], [124.7277, -1.9057], [124.7283, -1.9063], [124.7289, -1.9063], [124.7295, -1.9069], [124.7301, -1.9075], [124.7301, -1.9081], [124.7307, -1.9087], [124.7307, -1.9093], [124.7307, -1.9099], [124.7313, -1.9105], [124.7319, -1.9105], [124.7325, -1.9111], [124.7331, -1.9117], [124.7337, -1.9123], [124.7343, -1.9129], [124.7349, -1.9135], [124.7355, -1.9141], [124.7361, -1.9141], [124.7367, -1.9141], [124.7373, -1.9147], [124.7379, -1.9153], [124.7385, -1.9153], [124.7391, -1.9159], [124.7397, -1.9159], [124.7397, -1.9165], [124.7397, -1.9171], [124.7403, -1.9177], [124.7403, -1.9183], [124.7403, -1.9189], [124.7403, -1.9195], [124.7409, -1.9201], [124.7415, -1.9207], [124.7409, -1.9213], [124.7409, -1.9219], [124.7409, -1.9225], [124.7409, -1.9231], [124.7403, -1.9237], [124.7409, -1.9243], [124.7409, -1.9249], [124.7409, -1.9255], [124.7415, -1.9261], [124.7415, -1.9267], [124.7409, -1.9273], [124.7403, -1.9273], [124.7397, -1.9279], [124.7391, -1.9285], [124.7391, -1.9291], [124.7391, -1.9297], [124.7385, -1.9303], [124.7385, -1.9309], [124.7385, -1.9315], [124.7385, -1.9321], [124.7379, -1.9327], [124.7385, -1.9333], [124.7391, -1.9339], [124.7397, -1.9339]]}}, {"type": "Feature", "properties": {"source": "DEMNAS D8 derived", "thresholdCells": 2000}, "geometry": {"type": "LineString", "coordinates": [[124.5069, -1.7803], [124.5069, -1.7797], [124.5075, -1.7791], [124.5081, -1.7785], [124.5087, -1.7779], [124.5093, -1.7779], [124.5099, -1.7779], [124.5105, -1.7779], [124.5111, -1.7779], [124.5117, -1.7779], [124.5123, -1.7773], [124.5129, -1.7779], [124.5135, -1.7779], [124.5141, -1.7779], [124.5147, -1.7779], [124.5153, -1.7785], [124.5159, -1.7785], [124.5159, -1.7791], [124.5165, -1.7797], [124.5171, -1.7791], [124.5177, -1.7785], [124.5183, -1.7779], [124.5189, -1.7773], [124.5189, -1.7767], [124.5189, -1.7761], [124.5195, -1.7761], [124.5195, -1.7755], [124.5195, -1.7749], [124.5195, -1.7743], [124.5195, -1.7737], [124.5201, -1.7731], [124.5207, -1.7725], [124.5213, -1.7719], [124.5219, -1.7719], [124.5225, -1.7713], [124.5231, -1.7707], [124.5237, -1.7707], [124.5243, -1.7707], [124.5249, -1.7707], [124.5255, -1.7707], [124.5261, -1.7707], [124.5267, -1.7701], [124.5267, -1.7695], [124.5267, -1.7689], [124.5267, -1.7683], [124.5273, -1.7677], [124.5279, -1.7671], [124.5279, -1.7665], [124.5279, -1.7659], [124.5279, -1.7653], [124.5273, -1.7647], [124.5267, -1.7641], [124.5261, -1.7635], [124.5255, -1.7629], [124.5255, -1.7623], [124.5249, -1.7617], [124.5243, -1.7611], [124.5237, -1.7605], [124.5237, -1.7599], [124.5231, -1.7593], [124.5231, -1.7587], [124.5231, -1.7581], [124.5231, -1.7575], [124.5231, -1.7569], [124.5231, -1.7563], [124.5237, -1.7557], [124.5243, -1.7551], [124.5243, -1.7545], [124.5237, -1.7539], [124.5237, -1.7533], [124.5237, -1.7527], [124.5237, -1.7521], [124.5231, -1.7515], [124.5225, -1.7509], [124.5219, -1.7503], [124.5219, -1.7497], [124.5219, -1.7491], [124.5219, -1.7485], [124.5219, -1.7479], [124.5219, -1.7473], [124.5225, -1.7467], [124.5231, -1.7461], [124.5237, -1.7455], [124.5243, -1.7449], [124.5249, -1.7443], [124.5255, -1.7437], [124.5261, -1.7431], [124.5267, -1.7425], [124.5273, -1.7419], [124.5279, -1.7413], [124.5285, -1.7407], [124.5285, -1.7401], [124.5291, -1.7395], [124.5297, -1.7389], [124.5303, -1.7383], [124.5309, -1.7377], [124.5315, -1.7371], [124.5315, -1.7365], [124.5315, -1.7359], [124.5315, -1.7353], [124.5315, -1.7347], [124.5315, -1.7341], [124.5315, -1.7335], [124.5315, -1.7329], [124.5315, -1.7323], [124.5315, -1.7317], [124.5315, -1.7311], [124.5315, -1.7305], [124.5315, -1.7299], [124.5315, -1.7293], [124.5315, -1.7287], [124.5321, -1.7281], [124.5327, -1.7275], [124.5333, -1.7269], [124.5339, -1.7263], [124.5339, -1.7257], [124.5339, -1.7251], [124.5339, -1.7245], [124.5345, -1.7239], [124.5351, -1.7233], [124.5351, -1.7227], [124.5357, -1.7221], [124.5357, -1.7215], [124.5357, -1.7209], [124.5363, -1.7203], [124.5363, -1.7197], [124.5363, -1.7191], [124.5357, -1.7185], [124.5351, -1.7179], [124.5345, -1.7173], [124.5339, -1.7167], [124.5333, -1.7161], [124.5333, -1.7155], [124.5333, -1.7149], [124.5333, -1.7143], [124.5333, -1.7137], [124.5333, -1.7131], [124.5333, -1.7125], [124.5333, -1.7119], [124.5327, -1.7113], [124.5321, -1.7107], [124.5321, -1.7101], [124.5321, -1.7095], [124.5321, -1.7089], [124.5321, -1.7083], [124.5321, -1.7077], [124.5315, -1.7071], [124.5315, -1.7065], [124.5315, -1.7059], [124.5309, -1.7053], [124.5303, -1.7053], [124.5297, -1.7047], [124.5291, -1.7047], [124.5285, -1.7047], [124.5279, -1.7041], [124.5273, -1.7035], [124.5267, -1.7029], [124.5261, -1.7023], [124.5261, -1.7017], [124.5261, -1.7011], [124.5255, -1.7005], [124.5249, -1.6999], [124.5243, -1.6993], [124.5243, -1.6987], [124.5237, -1.6981], [124.5237, -1.6975], [124.5231, -1.6969], [124.5231, -1.6963], [124.5225, -1.6957], [124.5225, -1.6951], [124.5225, -1.6945], [124.5225, -1.6939], [124.5225, -1.6933], [124.5225, -1.6927], [124.5225, -1.6921], [124.5225, -1.6915], [124.5225, -1.6909], [124.5219, -1.6903], [124.5219, -1.6897], [124.5213, -1.6891], [124.5207, -1.6891], [124.5201, -1.6891], [124.5195, -1.6891], [124.5189, -1.6897], [124.5183, -1.6903], [124.5177, -1.6903], [124.5171, -1.6897], [124.5171, -1.6891], [124.5171, -1.6885], [124.5171, -1.6879], [124.5171, -1.6873], [124.5171, -1.6867], [124.5165, -1.6861], [124.5159, -1.6861], [124.5153, -1.6861], [124.5147, -1.6867], [124.5141, -1.6873], [124.5135, -1.6873], [124.5129, -1.6867], [124.5123, -1.6861], [124.5123, -1.6855], [124.5117, -1.6849], [124.5111, -1.6849], [124.5105, -1.6843], [124.5099, -1.6843], [124.5093, -1.6843], [124.5087, -1.6843], [124.5081, -1.6843], [124.5075, -1.6837], [124.5069, -1.6837], [124.5063, -1.6837], [124.5057, -1.6837], [124.5051, -1.6831], [124.5051, -1.6825], [124.5051, -1.6819], [124.5045, -1.6813], [124.5045, -1.6807], [124.5045, -1.6801], [124.5045, -1.6795], [124.5045, -1.6789], [124.5051, -1.6783], [124.5057, -1.6777], [124.5057, -1.6771], [124.5057, -1.6765], [124.5063, -1.6759], [124.5063, -1.6753], [124.5063, -1.6747], [124.5063, -1.6741], [124.5057, -1.6735], [124.5057, -1.6729], [124.5063, -1.6723], [124.5069, -1.6723], [124.5075, -1.6717], [124.5075, -1.6711], [124.5075, -1.6705], [124.5075, -1.6699], [124.5081, -1.6693], [124.5075, -1.6687], [124.5069, -1.6687], [124.5063, -1.6687], [124.5057, -1.6687], [124.5051, -1.6681], [124.5045, -1.6675], [124.5039, -1.6669], [124.5039, -1.6663], [124.5039, -1.6657], [124.5033, -1.6651], [124.5027, -1.6645], [124.5027, -1.6639], [124.5021, -1.6633], [124.5015, -1.6627], [124.5009, -1.6621], [124.5003, -1.6615], [124.4997, -1.6615], [124.4991, -1.6609], [124.4985, -1.6603], [124.4985, -1.6597], [124.4985, -1.6591], [124.4991, -1.6585], [124.4985, -1.6579], [124.4979, -1.6573]]}}, {"type": "Feature", "properties": {"source": "DEMNAS D8 derived", "thresholdCells": 2000}, "geometry": {"type": "LineString", "coordinates": [[124.7733, -1.7815], [124.7739, -1.7815], [124.7745, -1.7815], [124.7751, -1.7809], [124.7757, -1.7809], [124.7763, -1.7803], [124.7769, -1.7803], [124.7775, -1.7803], [124.7781, -1.7797], [124.7787, -1.7791], [124.7793, -1.7785], [124.7799, -1.7785], [124.7805, -1.7779], [124.7811, -1.7779], [124.7817, -1.7779], [124.7823, -1.7779], [124.7829, -1.7779], [124.7835, -1.7779], [124.7841, -1.7779], [124.7847, -1.7779], [124.7853, -1.7779], [124.7859, -1.7779], [124.7865, -1.7773], [124.7871, -1.7767], [124.7871, -1.7761], [124.7871, -1.7755], [124.7877, -1.7749], [124.7877, -1.7743], [124.7883, -1.7743], [124.7889, -1.7737], [124.7895, -1.7731], [124.7901, -1.7725], [124.7901, -1.7719], [124.7907, -1.7713], [124.7913, -1.7707], [124.7919, -1.7701], [124.7925, -1.7695], [124.7931, -1.7689], [124.7937, -1.7689], [124.7943, -1.7689], [124.7949, -1.7683], [124.7955, -1.7677], [124.7961, -1.7671], [124.7967, -1.7665], [124.7973, -1.7659], [124.7979, -1.7653], [124.7985, -1.7647], [124.7991, -1.7641], [124.7997, -1.7635], [124.8003, -1.7629], [124.8009, -1.7623], [124.8015, -1.7617], [124.8015, -1.7611], [124.8015, -1.7605], [124.8015, -1.7599], [124.8015, -1.7593], [124.8015, -1.7587], [124.8021, -1.7581], [124.8027, -1.7575], [124.8033, -1.7569], [124.8039, -1.7563], [124.8045, -1.7557], [124.8051, -1.7551], [124.8057, -1.7545], [124.8057, -1.7539], [124.8057, -1.7533], [124.8057, -1.7527], [124.8057, -1.7521], [124.8057, -1.7515], [124.8063, -1.7509], [124.8063, -1.7503], [124.8069, -1.7497], [124.8075, -1.7491], [124.8075, -1.7485], [124.8075, -1.7479], [124.8081, -1.7473], [124.8081, -1.7467], [124.8087, -1.7461], [124.8093, -1.7455], [124.8099, -1.7449], [124.8105, -1.7443], [124.8111, -1.7437], [124.8117, -1.7437], [124.8123, -1.7431], [124.8129, -1.7425], [124.8135, -1.7425], [124.8141, -1.7419], [124.8147, -1.7413], [124.8153, -1.7407], [124.8159, -1.7401], [124.8165, -1.7395], [124.8171, -1.7389], [124.8177, -1.7383], [124.8183, -1.7383], [124.8189, -1.7377], [124.8195, -1.7377], [124.8201, -1.7371], [124.8207, -1.7371], [124.8213, -1.7365], [124.8219, -1.7365], [124.8225, -1.7359], [124.8231, -1.7359], [124.8237, -1.7353], [124.8243, -1.7353], [124.8249, -1.7347], [124.8255, -1.7347], [124.8261, -1.7347], [124.8267, -1.7347], [124.8273, -1.7341], [124.8279, -1.7341], [124.8285, -1.7335], [124.8291, -1.7335], [124.8297, -1.7329], [124.8303, -1.7323], [124.8309, -1.7317], [124.8315, -1.7311], [124.8315, -1.7305], [124.8315, -1.7299], [124.8315, -1.7293], [124.8315, -1.7287], [124.8309, -1.7287], [124.8303, -1.7287], [124.8297, -1.7287], [124.8291, -1.7281], [124.8285, -1.7275], [124.8279, -1.7269], [124.8273, -1.7263], [124.8273, -1.7257], [124.8273, -1.7251], [124.8273, -1.7245], [124.8279, -1.7239], [124.8285, -1.7233], [124.8291, -1.7233], [124.8297, -1.7233], [124.8303, -1.7233], [124.8309, -1.7233], [124.8315, -1.7227], [124.8321, -1.7227], [124.8327, -1.7227], [124.8333, -1.7227], [124.8339, -1.7227], [124.8345, -1.7221], [124.8351, -1.7221], [124.8357, -1.7221], [124.8363, -1.7221], [124.8369, -1.7221], [124.8375, -1.7221], [124.8381, -1.7221], [124.8387, -1.7215], [124.8393, -1.7215], [124.8399, -1.7215], [124.8405, -1.7209], [124.8411, -1.7203], [124.8417, -1.7197], [124.8417, -1.7191], [124.8423, -1.7185], [124.8429, -1.7179], [124.8435, -1.7173], [124.8435, -1.7167], [124.8441, -1.7161], [124.8441, -1.7155], [124.8447, -1.7149], [124.8453, -1.7143], [124.8453, -1.7137], [124.8453, -1.7131], [124.8453, -1.7125], [124.8447, -1.7119], [124.8447, -1.7113], [124.8447, -1.7107], [124.8447, -1.7101], [124.8453, -1.7095], [124.8453, -1.7089], [124.8459, -1.7083], [124.8465, -1.7077], [124.8465, -1.7071], [124.8471, -1.7065], [124.8477, -1.7059], [124.8477, -1.7053], [124.8483, -1.7047], [124.8489, -1.7041], [124.8495, -1.7035]]}}, {"type": "Feature", "properties": {"source": "DEMNAS D8 derived", "thresholdCells": 2000}, "geometry": {"type": "LineString", "coordinates": [[125.0583, -1.7821], [125.0577, -1.7821], [125.0571, -1.7821], [125.0571, -1.7815], [125.0571, -1.7809], [125.0565, -1.7803], [125.0571, -1.7797], [125.0565, -1.7791], [125.0559, -1.7785], [125.0559, -1.7779], [125.0559, -1.7773], [125.0559, -1.7767], [125.0559, -1.7761], [125.0553, -1.7755], [125.0547, -1.7749], [125.0547, -1.7743], [125.0547, -1.7737], [125.0541, -1.7731], [125.0541, -1.7725], [125.0541, -1.7719], [125.0547, -1.7713], [125.0547, -1.7707], [125.0553, -1.7701], [125.0559, -1.7707]]}}, {"type": "Feature", "properties": {"source": "DEMNAS D8 derived", "thresholdCells": 2000}, "geometry": {"type": "LineString", "coordinates": [[124.6341, -1.7833], [124.6347, -1.7833], [124.6353, -1.7827], [124.6359, -1.7821], [124.6365, -1.7815], [124.6371, -1.7815], [124.6377, -1.7815], [124.6383, -1.7815], [124.6389, -1.7821], [124.6395, -1.7827], [124.6401, -1.7833], [124.6401, -1.7839], [124.6401, -1.7845], [124.6401, -1.7851], [124.6407, -1.7857], [124.6407, -1.7863], [124.6413, -1.7869], [124.6413, -1.7875], [124.6419, -1.7881], [124.6425, -1.7881], [124.6431, -1.7881], [124.6437, -1.7875], [124.6443, -1.7875], [124.6449, -1.7881], [124.6455, -1.7881], [124.6461, -1.7881], [124.6467, -1.7875], [124.6473, -1.7869], [124.6473, -1.7863], [124.6479, -1.7857], [124.6485, -1.7857], [124.6491, -1.7857], [124.6497, -1.7851], [124.6503, -1.7851], [124.6509, -1.7851], [124.6515, -1.7851], [124.6521, -1.7851], [124.6527, -1.7857], [124.6533, -1.7863], [124.6539, -1.7869], [124.6545, -1.7875], [124.6551, -1.7881], [124.6557, -1.7887], [124.6557, -1.7893], [124.6557, -1.7899], [124.6557, -1.7905], [124.6557, -1.7911], [124.6563, -1.7911], [124.6569, -1.7917], [124.6575, -1.7911], [124.6581, -1.7911], [124.6587, -1.7917], [124.6593, -1.7917], [124.6599, -1.7917], [124.6605, -1.7911], [124.6611, -1.7905], [124.6617, -1.7905], [124.6623, -1.7905], [124.6629, -1.7905], [124.6635, -1.7905], [124.6641, -1.7899], [124.6647, -1.7905], [124.6647, -1.7911], [124.6653, -1.7917], [124.6653, -1.7923], [124.6659, -1.7929], [124.6659, -1.7935], [124.6665, -1.7935], [124.6671, -1.7941], [124.6677, -1.7947], [124.6677, -1.7953], [124.6683, -1.7959], [124.6683, -1.7965], [124.6683, -1.7971], [124.6689, -1.7977], [124.6689, -1.7983], [124.6695, -1.7989], [124.6695, -1.7995], [124.6701, -1.8001], [124.6701, -1.8007], [124.6695, -1.8013], [124.6689, -1.8019], [124.6683, -1.8025], [124.6677, -1.8025], [124.6677, -1.8031], [124.6677, -1.8037], [124.6677, -1.8043], [124.6677, -1.8049], [124.6671, -1.8055], [124.6671, -1.8061], [124.6671, -1.8067], [124.6671, -1.8073], [124.6665, -1.8079], [124.6665, -1.8085], [124.6665, -1.8091], [124.6665, -1.8097], [124.6665, -1.8103], [124.6665, -1.8109], [124.6665, -1.8115], [124.6671, -1.8121], [124.6671, -1.8127], [124.6677, -1.8133], [124.6671, -1.8139], [124.6671, -1.8145], [124.6665, -1.8151], [124.6665, -1.8157], [124.6659, -1.8163], [124.6659, -1.8169], [124.6659, -1.8175], [124.6659, -1.8181], [124.6659, -1.8187], [124.6659, -1.8193], [124.6653, -1.8199], [124.6653, -1.8205], [124.6653, -1.8211], [124.6653, -1.8217], [124.6653, -1.8223], [124.6653, -1.8229], [124.6653, -1.8235], [124.6653, -1.8241], [124.6653, -1.8247], [124.6653, -1.8253], [124.6659, -1.8259], [124.6665, -1.8265], [124.6671, -1.8271], [124.6677, -1.8277], [124.6683, -1.8283], [124.6689, -1.8289], [124.6695, -1.8295], [124.6701, -1.8301], [124.6707, -1.8307], [124.6707, -1.8313], [124.6713, -1.8319], [124.6719, -1.8325], [124.6725, -1.8331], [124.6731, -1.8337], [124.6731, -1.8343], [124.6737, -1.8349], [124.6743, -1.8355], [124.6743, -1.8361], [124.6743, -1.8367], [124.6743, -1.8373], [124.6749, -1.8379], [124.6749, -1.8385], [124.6755, -1.8391], [124.6755, -1.8397], [124.6761, -1.8403], [124.6761, -1.8409], [124.6767, -1.8415], [124.6773, -1.8421], [124.6779, -1.8427], [124.6785, -1.8433], [124.6791, -1.8439], [124.6797, -1.8445], [124.6803, -1.8445], [124.6809, -1.8445], [124.6815, -1.8451], [124.6821, -1.8457], [124.6827, -1.8463], [124.6833, -1.8463], [124.6833, -1.8469], [124.6833, -1.8475], [124.6839, -1.8481], [124.6845, -1.8487], [124.6851, -1.8493], [124.6857, -1.8499], [124.6863, -1.8505], [124.6869, -1.8505], [124.6875, -1.8505], [124.6881, -1.8505], [124.6887, -1.8505], [124.6893, -1.8505], [124.6899, -1.8505], [124.6905, -1.8505], [124.6911, -1.8511], [124.6917, -1.8511], [124.6923, -1.8517], [124.6929, -1.8523], [124.6935, -1.8529], [124.6941, -1.8535], [124.6941, -1.8541], [124.6941, -1.8547], [124.6947, -1.8553], [124.6947, -1.8559], [124.6947, -1.8565], [124.6947, -1.8571], [124.6947, -1.8577], [124.6947, -1.8583], [124.6947, -1.8589], [124.6947, -1.8595], [124.6953, -1.8601], [124.6959, -1.8607], [124.6965, -1.8613], [124.6971, -1.8619], [124.6977, -1.8625], [124.6977, -1.8631], [124.6977, -1.8637], [124.6977, -1.8643], [124.6977, -1.8649], [124.6977, -1.8655], [124.6977, -1.8661], [124.6977, -1.8667], [124.6977, -1.8673], [124.6977, -1.8679], [124.6971, -1.8685], [124.6965, -1.8691], [124.6959, -1.8697], [124.6953, -1.8703], [124.6947, -1.8709], [124.6941, -1.8715], [124.6935, -1.8721], [124.6929, -1.8727], [124.6929, -1.8733], [124.6929, -1.8739], [124.6929, -1.8745], [124.6929, -1.8751], [124.6929, -1.8757], [124.6923, -1.8763], [124.6917, -1.8769], [124.6917, -1.8775], [124.6917, -1.8781], [124.6917, -1.8787], [124.6917, -1.8793], [124.6917, -1.8799], [124.6917, -1.8805], [124.6923, -1.8811], [124.6923, -1.8817], [124.6923, -1.8823], [124.6923, -1.8829], [124.6929, -1.8835], [124.6929, -1.8841], [124.6935, -1.8847], [124.6941, -1.8847], [124.6941, -1.8853], [124.6947, -1.8853], [124.6953, -1.8859], [124.6959, -1.8859], [124.6965, -1.8859], [124.6965, -1.8865], [124.6965, -1.8871], [124.6971, -1.8877], [124.6977, -1.8883], [124.6983, -1.8883], [124.6989, -1.8883], [124.6995, -1.8889], [124.7001, -1.8889], [124.7007, -1.8889], [124.7013, -1.8889], [124.7019, -1.8889], [124.7025, -1.8889], [124.7031, -1.8895], [124.7031, -1.8901], [124.7037, -1.8901], [124.7043, -1.8907], [124.7049, -1.8901], [124.7055, -1.8895], [124.7061, -1.8901], [124.7061, -1.8907], [124.7067, -1.8907], [124.7073, -1.8907], [124.7079, -1.8913], [124.7079, -1.8919], [124.7079, -1.8925], [124.7085, -1.8931], [124.7091, -1.8931], [124.7097, -1.8937], [124.7103, -1.8937], [124.7109, -1.8937], [124.7115, -1.8937], [124.7115, -1.8943], [124.7115, -1.8949], [124.7115, -1.8955], [124.7115, -1.8961], [124.7121, -1.8967], [124.7127, -1.8973], [124.7133, -1.8979], [124.7133, -1.8985], [124.7139, -1.8991], [124.7145, -1.8991], [124.7151, -1.8991], [124.7157, -1.8985], [124.7163, -1.8979], [124.7169, -1.8979], [124.7175, -1.8973], [124.7181, -1.8973], [124.7187, -1.8967], [124.7193, -1.8967], [124.7199, -1.8961], [124.7205, -1.8961], [124.7211, -1.8961], [124.7217, -1.8955], [124.7223, -1.8961], [124.7229, -1.8967], [124.7229, -1.8973], [124.7229, -1.8979], [124.7229, -1.8985], [124.7235, -1.8991], [124.7235, -1.8997], [124.7241, -1.9003], [124.7241, -1.9009], [124.7247, -1.9015], [124.7253, -1.9015], [124.7259, -1.9015], [124.7265, -1.9009], [124.7271, -1.9009], [124.7277, -1.9009], [124.7283, -1.9015], [124.7283, -1.9021], [124.7283, -1.9027], [124.7283, -1.9033], [124.7283, -1.9039], [124.7277, -1.9045], [124.7277, -1.9051], [124.7277, -1.9057], [124.7283, -1.9063], [124.7289, -1.9063], [124.7295, -1.9069], [124.7301, -1.9075], [124.7301, -1.9081], [124.7307, -1.9087], [124.7307, -1.9093], [124.7307, -1.9099], [124.7313, -1.9105], [124.7319, -1.9105], [124.7325, -1.9111], [124.7331, -1.9117], [124.7337, -1.9123], [124.7343, -1.9129], [124.7349, -1.9135], [124.7355, -1.9141], [124.7361, -1.9141], [124.7367, -1.9141], [124.7373, -1.9147], [124.7379, -1.9153], [124.7385, -1.9153], [124.7391, -1.9159], [124.7397, -1.9159], [124.7397, -1.9165], [124.7397, -1.9171], [124.7403, -1.9177], [124.7403, -1.9183], [124.7403, -1.9189], [124.7403, -1.9195], [124.7409, -1.9201], [124.7415, -1.9207], [124.7409, -1.9213], [124.7409, -1.9219], [124.7409, -1.9225], [124.7409, -1.9231], [124.7403, -1.9237], [124.7409, -1.9243], [124.7409, -1.9249], [124.7409, -1.9255], [124.7415, -1.9261], [124.7415, -1.9267], [124.7409, -1.9273], [124.7403, -1.9273], [124.7397, -1.9279], [124.7391, -1.9285], [124.7391, -1.9291], [124.7391, -1.9297], [124.7385, -1.9303], [124.7385, -1.9309], [124.7385, -1.9315], [124.7385, -1.9321], [124.7379, -1.9327], [124.7385, -1.9333], [124.7391, -1.9339], [124.7397, -1.9339]]}}, {"type": "Feature", "properties": {"source": "DEMNAS D8 derived", "thresholdCells": 2000}, "geometry": {"type": "LineString", "coordinates": [[124.7853, -1.7833], [124.7859, -1.7827], [124.7865, -1.7821], [124.7865, -1.7815], [124.7865, -1.7809], [124.7865, -1.7803], [124.7865, -1.7797], [124.7859, -1.7791], [124.7859, -1.7785], [124.7859, -1.7779], [124.7865, -1.7773], [124.7871, -1.7767], [124.7871, -1.7761], [124.7871, -1.7755], [124.7877, -1.7749], [124.7877, -1.7743], [124.7883, -1.7743], [124.7889, -1.7737], [124.7895, -1.7731], [124.7901, -1.7725], [124.7901, -1.7719], [124.7907, -1.7713], [124.7913, -1.7707], [124.7919, -1.7701], [124.7925, -1.7695], [124.7931, -1.7689], [124.7937, -1.7689], [124.7943, -1.7689], [124.7949, -1.7683], [124.7955, -1.7677], [124.7961, -1.7671], [124.7967, -1.7665], [124.7973, -1.7659], [124.7979, -1.7653], [124.7985, -1.7647], [124.7991, -1.7641], [124.7997, -1.7635], [124.8003, -1.7629], [124.8009, -1.7623], [124.8015, -1.7617], [124.8015, -1.7611], [124.8015, -1.7605], [124.8015, -1.7599], [124.8015, -1.7593], [124.8015, -1.7587], [124.8021, -1.7581], [124.8027, -1.7575], [124.8033, -1.7569], [124.8039, -1.7563], [124.8045, -1.7557], [124.8051, -1.7551], [124.8057, -1.7545], [124.8057, -1.7539], [124.8057, -1.7533], [124.8057, -1.7527], [124.8057, -1.7521], [124.8057, -1.7515], [124.8063, -1.7509], [124.8063, -1.7503], [124.8069, -1.7497], [124.8075, -1.7491], [124.8075, -1.7485], [124.8075, -1.7479], [124.8081, -1.7473], [124.8081, -1.7467], [124.8087, -1.7461], [124.8093, -1.7455], [124.8099, -1.7449], [124.8105, -1.7443], [124.8111, -1.7437], [124.8117, -1.7437], [124.8123, -1.7431], [124.8129, -1.7425], [124.8135, -1.7425], [124.8141, -1.7419], [124.8147, -1.7413], [124.8153, -1.7407], [124.8159, -1.7401], [124.8165, -1.7395], [124.8171, -1.7389], [124.8177, -1.7383], [124.8183, -1.7383], [124.8189, -1.7377], [124.8195, -1.7377], [124.8201, -1.7371], [124.8207, -1.7371], [124.8213, -1.7365], [124.8219, -1.7365], [124.8225, -1.7359], [124.8231, -1.7359], [124.8237, -1.7353], [124.8243, -1.7353], [124.8249, -1.7347], [124.8255, -1.7347], [124.8261, -1.7347], [124.8267, -1.7347], [124.8273, -1.7341], [124.8279, -1.7341], [124.8285, -1.7335], [124.8291, -1.7335], [124.8297, -1.7329], [124.8303, -1.7323], [124.8309, -1.7317], [124.8315, -1.7311], [124.8315, -1.7305], [124.8315, -1.7299], [124.8315, -1.7293], [124.8315, -1.7287], [124.8309, -1.7287], [124.8303, -1.7287], [124.8297, -1.7287], [124.8291, -1.7281], [124.8285, -1.7275], [124.8279, -1.7269], [124.8273, -1.7263], [124.8273, -1.7257], [124.8273, -1.7251], [124.8273, -1.7245], [124.8279, -1.7239], [124.8285, -1.7233], [124.8291, -1.7233], [124.8297, -1.7233], [124.8303, -1.7233], [124.8309, -1.7233], [124.8315, -1.7227], [124.8321, -1.7227], [124.8327, -1.7227], [124.8333, -1.7227], [124.8339, -1.7227], [124.8345, -1.7221], [124.8351, -1.7221], [124.8357, -1.7221], [124.8363, -1.7221], [124.8369, -1.7221], [124.8375, -1.7221], [124.8381, -1.7221], [124.8387, -1.7215], [124.8393, -1.7215], [124.8399, -1.7215], [124.8405, -1.7209], [124.8411, -1.7203], [124.8417, -1.7197], [124.8417, -1.7191], [124.8423, -1.7185], [124.8429, -1.7179], [124.8435, -1.7173], [124.8435, -1.7167], [124.8441, -1.7161], [124.8441, -1.7155], [124.8447, -1.7149], [124.8453, -1.7143], [124.8453, -1.7137], [124.8453, -1.7131], [124.8453, -1.7125], [124.8447, -1.7119], [124.8447, -1.7113], [124.8447, -1.7107], [124.8447, -1.7101], [124.8453, -1.7095], [124.8453, -1.7089], [124.8459, -1.7083], [124.8465, -1.7077], [124.8465, -1.7071], [124.8471, -1.7065], [124.8477, -1.7059], [124.8477, -1.7053], [124.8483, -1.7047], [124.8489, -1.7041], [124.8495, -1.7035]]}}, {"type": "Feature", "properties": {"source": "DEMNAS D8 derived", "thresholdCells": 2000}, "geometry": {"type": "LineString", "coordinates": [[124.4337, -1.7851], [124.4331, -1.7851], [124.4325, -1.7851], [124.4319, -1.7845], [124.4313, -1.7845], [124.4307, -1.7851], [124.4301, -1.7851], [124.4295, -1.7857], [124.4289, -1.7863], [124.4283, -1.7863], [124.4277, -1.7869], [124.4277, -1.7875], [124.4277, -1.7881], [124.4271, -1.7887], [124.4265, -1.7887], [124.4259, -1.7881], [124.4253, -1.7875], [124.4253, -1.7869], [124.4253, -1.7863], [124.4253, -1.7857], [124.4247, -1.7851], [124.4241, -1.7845], [124.4235, -1.7839], [124.4229, -1.7833], [124.4223, -1.7833], [124.4217, -1.7827], [124.4211, -1.7821], [124.4211, -1.7815], [124.4217, -1.7809], [124.4223, -1.7803], [124.4223, -1.7797], [124.4229, -1.7791], [124.4229, -1.7785], [124.4235, -1.7779], [124.4235, -1.7773], [124.4235, -1.7767], [124.4235, -1.7761], [124.4235, -1.7755], [124.4235, -1.7749], [124.4229, -1.7743], [124.4223, -1.7743], [124.4217, -1.7743], [124.4211, -1.7743], [124.4205, -1.7743], [124.4199, -1.7743], [124.4193, -1.7737], [124.4187, -1.7731], [124.4187, -1.7725], [124.4181, -1.7719], [124.4175, -1.7713], [124.4175, -1.7707], [124.4181, -1.7701], [124.4181, -1.7695], [124.4181, -1.7689], [124.4175, -1.7683], [124.4175, -1.7677], [124.4175, -1.7671], [124.4175, -1.7665], [124.4175, -1.7659], [124.4169, -1.7653], [124.4169, -1.7647], [124.4169, -1.7641], [124.4163, -1.7635], [124.4163, -1.7629], [124.4169, -1.7623], [124.4175, -1.7617], [124.4175, -1.7611], [124.4175, -1.7605], [124.4175, -1.7599], [124.4169, -1.7593], [124.4163, -1.7593], [124.4157, -1.7587], [124.4151, -1.7587], [124.4151, -1.7581], [124.4151, -1.7575], [124.4145, -1.7569], [124.4139, -1.7563], [124.4133, -1.7557], [124.4127, -1.7557], [124.4121, -1.7557], [124.4115, -1.7557], [124.4109, -1.7551], [124.4109, -1.7545], [124.4109, -1.7539], [124.4109, -1.7533], [124.4109, -1.7527], [124.4103, -1.7527], [124.4097, -1.7527], [124.4091, -1.7527], [124.4085, -1.7521], [124.4085, -1.7515], [124.4085, -1.7509], [124.4091, -1.7503], [124.4097, -1.7497], [124.4097, -1.7491], [124.4103, -1.7485], [124.4103, -1.7479], [124.4103, -1.7473], [124.4103, -1.7467], [124.4103, -1.7461], [124.4103, -1.7455], [124.4109, -1.7449], [124.4115, -1.7443], [124.4121, -1.7437], [124.4121, -1.7431], [124.4121, -1.7425], [124.4127, -1.7419], [124.4133, -1.7413], [124.4133, -1.7407], [124.4133, -1.7401], [124.4133, -1.7395], [124.4139, -1.7389], [124.4139, -1.7383], [124.4139, -1.7377], [124.4139, -1.7371], [124.4139, -1.7365], [124.4139, -1.7359], [124.4139, -1.7353], [124.4139, -1.7347], [124.4145, -1.7341], [124.4145, -1.7335], [124.4145, -1.7329], [124.4145, -1.7323], [124.4139, -1.7317], [124.4139, -1.7311], [124.4133, -1.7305], [124.4127, -1.7299], [124.4127, -1.7293], [124.4127, -1.7287], [124.4127, -1.7281], [124.4127, -1.7275], [124.4121, -1.7269], [124.4115, -1.7263], [124.4109, -1.7257], [124.4103, -1.7251], [124.4103, -1.7245], [124.4103, -1.7239], [124.4097, -1.7233], [124.4091, -1.7233], [124.4085, -1.7233], [124.4079, -1.7233], [124.4073, -1.7227], [124.4073, -1.7221], [124.4067, -1.7221], [124.4061, -1.7227], [124.4055, -1.7233], [124.4049, -1.7233], [124.4049, -1.7239], [124.4043, -1.7245], [124.4043, -1.7251], [124.4043, -1.7257], [124.4037, -1.7263], [124.4031, -1.7269], [124.4031, -1.7275], [124.4025, -1.7281], [124.4019, -1.7287], [124.4013, -1.7287], [124.4007, -1.7287], [124.4001, -1.7287], [124.3995, -1.7287], [124.3989, -1.7281], [124.3983, -1.7281], [124.3977, -1.7275], [124.3971, -1.7275], [124.3965, -1.7275], [124.3959, -1.7269], [124.3953, -1.7263], [124.3953, -1.7257], [124.3953, -1.7251], [124.3953, -1.7245], [124.3953, -1.7239], [124.3947, -1.7233], [124.3941, -1.7233], [124.3935, -1.7227], [124.3935, -1.7221], [124.3935, -1.7215], [124.3935, -1.7209], [124.3935, -1.7203], [124.3935, -1.7197], [124.3935, -1.7191], [124.3935, -1.7185], [124.3935, -1.7179], [124.3941, -1.7173], [124.3941, -1.7167], [124.3941, -1.7161], [124.3947, -1.7155], [124.3947, -1.7149], [124.3953, -1.7143], [124.3953, -1.7137], [124.3947, -1.7131], [124.3947, -1.7125], [124.3947, -1.7119], [124.3947, -1.7113], [124.3947, -1.7107], [124.3947, -1.7101], [124.3947, -1.7095], [124.3947, -1.7089], [124.3947, -1.7083], [124.3947, -1.7077], [124.3947, -1.7071], [124.3947, -1.7065], [124.3947, -1.7059], [124.3947, -1.7053], [124.3947, -1.7047], [124.3947, -1.7041], [124.3947, -1.7035], [124.3947, -1.7029], [124.3947, -1.7023], [124.3947, -1.7017], [124.3947, -1.7011], [124.3947, -1.7005], [124.3947, -1.6999], [124.3947, -1.6993], [124.3947, -1.6987], [124.3947, -1.6981], [124.3947, -1.6975], [124.3947, -1.6969], [124.3953, -1.6963], [124.3953, -1.6957], [124.3959, -1.6951], [124.3959, -1.6945], [124.3959, -1.6939], [124.3959, -1.6933], [124.3965, -1.6927], [124.3971, -1.6921], [124.3977, -1.6915], [124.3983, -1.6909], [124.3989, -1.6903], [124.3989, -1.6897], [124.3989, -1.6891], [124.3989, -1.6885], [124.3989, -1.6879], [124.3995, -1.6873], [124.3995, -1.6867], [124.4001, -1.6861], [124.4001, -1.6855], [124.4007, -1.6849], [124.4007, -1.6843], [124.4013, -1.6837], [124.4013, -1.6831], [124.4013, -1.6825], [124.4013, -1.6819], [124.4013, -1.6813], [124.4013, -1.6807], [124.4019, -1.6801], [124.4019, -1.6795], [124.4019, -1.6789], [124.4025, -1.6783], [124.4019, -1.6777], [124.4019, -1.6771], [124.4013, -1.6765], [124.4019, -1.6759], [124.4019, -1.6753], [124.4025, -1.6747], [124.4019, -1.6741], [124.4019, -1.6735], [124.4019, -1.6729], [124.4025, -1.6723], [124.4031, -1.6723], [124.4037, -1.6723], [124.4043, -1.6717], [124.4049, -1.6711], [124.4049, -1.6705], [124.4049, -1.6699], [124.4055, -1.6693], [124.4055, -1.6687], [124.4055, -1.6681], [124.4061, -1.6675], [124.4061, -1.6669], [124.4061, -1.6663], [124.4055, -1.6657], [124.4061, -1.6651], [124.4067, -1.6645], [124.4067, -1.6639], [124.4067, -1.6633], [124.4067, -1.6627], [124.4067, -1.6621], [124.4073, -1.6615]]}}, {"type": "Feature", "properties": {"source": "DEMNAS D8 derived", "thresholdCells": 2000}, "geometry": {"type": "LineString", "coordinates": [[124.9377, -1.7863], [124.9377, -1.7857], [124.9383, -1.7851], [124.9389, -1.7845], [124.9395, -1.7839], [124.9395, -1.7833], [124.9395, -1.7827], [124.9395, -1.7821], [124.9389, -1.7815], [124.9389, -1.7809], [124.9389, -1.7803], [124.9389, -1.7797], [124.9389, -1.7791], [124.9383, -1.7785], [124.9383, -1.7779], [124.9383, -1.7773], [124.9383, -1.7767], [124.9389, -1.7761], [124.9389, -1.7755], [124.9389, -1.7749], [124.9383, -1.7743], [124.9383, -1.7737], [124.9383, -1.7731], [124.9383, -1.7725], [124.9389, -1.7719], [124.9389, -1.7713], [124.9389, -1.7707], [124.9389, -1.7701], [124.9389, -1.7695], [124.9395, -1.7689], [124.9401, -1.7683], [124.9407, -1.7683], [124.9413, -1.7683], [124.9419, -1.7683], [124.9425, -1.7689], [124.9431, -1.7689], [124.9437, -1.7689], [124.9443, -1.7689], [124.9449, -1.7683], [124.9455, -1.7677], [124.9461, -1.7671], [124.9467, -1.7665], [124.9473, -1.7665], [124.9479, -1.7659], [124.9485, -1.7653], [124.9491, -1.7653], [124.9497, -1.7653], [124.9503, -1.7653], [124.9509, -1.7659], [124.9515, -1.7665], [124.9521, -1.7671], [124.9527, -1.7677], [124.9533, -1.7683], [124.9539, -1.7689], [124.9545, -1.7695], [124.9551, -1.7701], [124.9557, -1.7707], [124.9563, -1.7713], [124.9569, -1.7719], [124.9575, -1.7725], [124.9581, -1.7731], [124.9587, -1.7737], [124.9593, -1.7743], [124.9599, -1.7743], [124.9605, -1.7737], [124.9611, -1.7737], [124.9617, -1.7737], [124.9623, -1.7737], [124.9629, -1.7743], [124.9635, -1.7743], [124.9641, -1.7749], [124.9647, -1.7749], [124.9653, -1.7755], [124.9659, -1.7755], [124.9665, -1.7755], [124.9671, -1.7755], [124.9677, -1.7755], [124.9683, -1.7749], [124.9689, -1.7743], [124.9695, -1.7737], [124.9701, -1.7731], [124.9707, -1.7731], [124.9713, -1.7725], [124.9719, -1.7725], [124.9725, -1.7725], [124.9731, -1.7719], [124.9737, -1.7719], [124.9743, -1.7713], [124.9749, -1.7707], [124.9755, -1.7707], [124.9755, -1.7701], [124.9761, -1.7695], [124.9767, -1.7689], [124.9773, -1.7689], [124.9779, -1.7683], [124.9785, -1.7677], [124.9791, -1.7677], [124.9791, -1.7671], [124.9791, -1.7665], [124.9791, -1.7659], [124.9791, -1.7653], [124.9791, -1.7647], [124.9791, -1.7641], [124.9791, -1.7635], [124.9791, -1.7629], [124.9791, -1.7623], [124.9797, -1.7617], [124.9803, -1.7611], [124.9809, -1.7605], [124.9815, -1.7605], [124.9821, -1.7599], [124.9827, -1.7599], [124.9833, -1.7599], [124.9839, -1.7599], [124.9845, -1.7593], [124.9851, -1.7593], [124.9857, -1.7593], [124.9863, -1.7593], [124.9869, -1.7599], [124.9875, -1.7605], [124.9875, -1.7611], [124.9881, -1.7617], [124.9887, -1.7617], [124.9893, -1.7623], [124.9899, -1.7623], [124.9905, -1.7629], [124.9911, -1.7629], [124.9917, -1.7629], [124.9923, -1.7629], [124.9929, -1.7629], [124.9935, -1.7629], [124.9941, -1.7629], [124.9947, -1.7629], [124.9953, -1.7629], [124.9959, -1.7629], [124.9965, -1.7629], [124.9971, -1.7629], [124.9977, -1.7635], [124.9983, -1.7635], [124.9989, -1.7641], [124.9995, -1.7635], [124.9995, -1.7629], [124.9995, -1.7623], [124.9995, -1.7617], [124.9995, -1.7611], [124.9995, -1.7605], [124.9989, -1.7599], [124.9983, -1.7593], [124.9983, -1.7587], [124.9983, -1.7581], [124.9977, -1.7575], [124.9977, -1.7569], [124.9983, -1.7569], [124.9989, -1.7569], [124.9995, -1.7563], [124.9995, -1.7557], [124.9995, -1.7551], [124.9995, -1.7545], [124.9989, -1.7539], [124.9995, -1.7533], [124.9995, -1.7527], [124.9995, -1.7521], [124.9995, -1.7515], [124.9989, -1.7515], [124.9983, -1.7515], [124.9977, -1.7509], [124.9977, -1.7503], [124.9971, -1.7497], [124.9965, -1.7491], [124.9959, -1.7491], [124.9953, -1.7497], [124.9947, -1.7497]]}}, {"type": "Feature", "properties": {"source": "DEMNAS D8 derived", "thresholdCells": 2000}, "geometry": {"type": "LineString", "coordinates": [[124.3875, -1.7875], [124.3869, -1.7881], [124.3863, -1.7881], [124.3857, -1.7881], [124.3851, -1.7881], [124.3845, -1.7881], [124.3839, -1.7887], [124.3833, -1.7893], [124.3833, -1.7899], [124.3827, -1.7905], [124.3821, -1.7905], [124.3815, -1.7905], [124.3809, -1.7905], [124.3803, -1.7905], [124.3797, -1.7905], [124.3791, -1.7905], [124.3785, -1.7905], [124.3779, -1.7905], [124.3773, -1.7905], [124.3767, -1.7911], [124.3761, -1.7917], [124.3755, -1.7923], [124.3749, -1.7929], [124.3743, -1.7935], [124.3737, -1.7941], [124.3731, -1.7947], [124.3725, -1.7953], [124.3719, -1.7959], [124.3713, -1.7953], [124.3707, -1.7953], [124.3701, -1.7953], [124.3695, -1.7959], [124.3689, -1.7959], [124.3683, -1.7959], [124.3677, -1.7959], [124.3671, -1.7953], [124.3665, -1.7953], [124.3659, -1.7953], [124.3653, -1.7959], [124.3653, -1.7965], [124.3653, -1.7971], [124.3647, -1.7977], [124.3641, -1.7977], [124.3641, -1.7983], [124.3641, -1.7989], [124.3635, -1.7995], [124.3629, -1.7995], [124.3623, -1.8001], [124.3617, -1.7995], [124.3611, -1.7995], [124.3605, -1.8001], [124.3599, -1.8001], [124.3599, -1.7995], [124.3593, -1.7989], [124.3587, -1.7983], [124.3587, -1.7977], [124.3581, -1.7971], [124.3575, -1.7971], [124.3569, -1.7971], [124.3563, -1.7971], [124.3557, -1.7965], [124.3551, -1.7959], [124.3557, -1.7953], [124.3563, -1.7947], [124.3569, -1.7941], [124.3575, -1.7941], [124.3581, -1.7941], [124.3587, -1.7935], [124.3587, -1.7929], [124.3593, -1.7923], [124.3587, -1.7917], [124.3581, -1.7917]]}}, {"type": "Feature", "properties": {"source": "DEMNAS D8 derived", "thresholdCells": 2000}, "geometry": {"type": "LineString", "coordinates": [[124.4769, -1.7941], [124.4769, -1.7935], [124.4769, -1.7929], [124.4769, -1.7923], [124.4769, -1.7917], [124.4775, -1.7911], [124.4775, -1.7905], [124.4775, -1.7899], [124.4775, -1.7893], [124.4781, -1.7887], [124.4781, -1.7881], [124.4775, -1.7875], [124.4775, -1.7869], [124.4775, -1.7863], [124.4775, -1.7857], [124.4775, -1.7851], [124.4775, -1.7845], [124.4781, -1.7839], [124.4781, -1.7833], [124.4781, -1.7827], [124.4787, -1.7821], [124.4787, -1.7815], [124.4793, -1.7809], [124.4793, -1.7803], [124.4799, -1.7797], [124.4799, -1.7791], [124.4799, -1.7785], [124.4799, -1.7779], [124.4793, -1.7773], [124.4793, -1.7767], [124.4793, -1.7761], [124.4799, -1.7755], [124.4799, -1.7749], [124.4805, -1.7743], [124.4805, -1.7737], [124.4805, -1.7731], [124.4805, -1.7725], [124.4811, -1.7719], [124.4811, -1.7713], [124.4811, -1.7707], [124.4811, -1.7701], [124.4817, -1.7695], [124.4817, -1.7689], [124.4817, -1.7683], [124.4823, -1.7677], [124.4823, -1.7671], [124.4823, -1.7665], [124.4823, -1.7659], [124.4823, -1.7653], [124.4823, -1.7647], [124.4829, -1.7641], [124.4835, -1.7635], [124.4835, -1.7629], [124.4841, -1.7623], [124.4841, -1.7617], [124.4847, -1.7611], [124.4853, -1.7605], [124.4853, -1.7599], [124.4853, -1.7593], [124.4859, -1.7587], [124.4865, -1.7581], [124.4865, -1.7575], [124.4865, -1.7569], [124.4871, -1.7563], [124.4877, -1.7557], [124.4877, -1.7551], [124.4883, -1.7545], [124.4883, -1.7539], [124.4889, -1.7533], [124.4889, -1.7527], [124.4895, -1.7521], [124.4895, -1.7515], [124.4895, -1.7509], [124.4901, -1.7503], [124.4895, -1.7497], [124.4895, -1.7491], [124.4895, -1.7485], [124.4901, -1.7479], [124.4901, -1.7473], [124.4907, -1.7467], [124.4901, -1.7461], [124.4901, -1.7455], [124.4907, -1.7449], [124.4907, -1.7443], [124.4913, -1.7437], [124.4913, -1.7431], [124.4913, -1.7425], [124.4913, -1.7419], [124.4919, -1.7413], [124.4925, -1.7407], [124.4925, -1.7401], [124.4925, -1.7395], [124.4925, -1.7389], [124.4925, -1.7383], [124.4925, -1.7377], [124.4931, -1.7371], [124.4931, -1.7365], [124.4937, -1.7359], [124.4937, -1.7353], [124.4937, -1.7347], [124.4943, -1.7341], [124.4949, -1.7335], [124.4955, -1.7329], [124.4961, -1.7329], [124.4967, -1.7329], [124.4973, -1.7329], [124.4979, -1.7323], [124.4979, -1.7317], [124.4985, -1.7311], [124.4985, -1.7305], [124.4991, -1.7299], [124.4997, -1.7293], [124.5003, -1.7287], [124.5003, -1.7281], [124.5009, -1.7275], [124.5015, -1.7269], [124.5015, -1.7263], [124.5021, -1.7263], [124.5027, -1.7257], [124.5033, -1.7257], [124.5039, -1.7251], [124.5045, -1.7245], [124.5051, -1.7239], [124.5051, -1.7233], [124.5051, -1.7227], [124.5057, -1.7221], [124.5057, -1.7215], [124.5063, -1.7209], [124.5063, -1.7203], [124.5069, -1.7197], [124.5069, -1.7191], [124.5075, -1.7185], [124.5075, -1.7179], [124.5075, -1.7173], [124.5081, -1.7167], [124.5081, -1.7161], [124.5081, -1.7155], [124.5081, -1.7149], [124.5081, -1.7143], [124.5087, -1.7137], [124.5087, -1.7131], [124.5087, -1.7125], [124.5093, -1.7119], [124.5093, -1.7113], [124.5099, -1.7107], [124.5099, -1.7101], [124.5099, -1.7095], [124.5099, -1.7089], [124.5105, -1.7083], [124.5111, -1.7077], [124.5117, -1.7071], [124.5123, -1.7065], [124.5129, -1.7065], [124.5135, -1.7059], [124.5141, -1.7053], [124.5147, -1.7053], [124.5153, -1.7047], [124.5159, -1.7041], [124.5159, -1.7035], [124.5153, -1.7029], [124.5147, -1.7023], [124.5147, -1.7017], [124.5147, -1.7011], [124.5147, -1.7005], [124.5141, -1.6999], [124.5147, -1.6993], [124.5147, -1.6987], [124.5153, -1.6987], [124.5159, -1.6981], [124.5165, -1.6981], [124.5171, -1.6975], [124.5177, -1.6969], [124.5171, -1.6963], [124.5171, -1.6957], [124.5171, -1.6951], [124.5165, -1.6945], [124.5159, -1.6939], [124.5153, -1.6939], [124.5147, -1.6933], [124.5141, -1.6927], [124.5135, -1.6927], [124.5129, -1.6927], [124.5123, -1.6933], [124.5117, -1.6933], [124.5111, -1.6927], [124.5111, -1.6921], [124.5111, -1.6915], [124.5111, -1.6909], [124.5105, -1.6903], [124.5099, -1.6903], [124.5099, -1.6897], [124.5093, -1.6891], [124.5087, -1.6885], [124.5081, -1.6879], [124.5075, -1.6873], [124.5081, -1.6867], [124.5081, -1.6861], [124.5087, -1.6855], [124.5093, -1.6849], [124.5087, -1.6843], [124.5081, -1.6843], [124.5075, -1.6837], [124.5069, -1.6837], [124.5063, -1.6837], [124.5057, -1.6837], [124.5051, -1.6831], [124.5051, -1.6825], [124.5051, -1.6819], [124.5045, -1.6813], [124.5045, -1.6807], [124.5045, -1.6801], [124.5045, -1.6795], [124.5045, -1.6789], [124.5051, -1.6783], [124.5057, -1.6777], [124.5057, -1.6771], [124.5057, -1.6765], [124.5063, -1.6759], [124.5063, -1.6753], [124.5063, -1.6747], [124.5063, -1.6741], [124.5057, -1.6735], [124.5057, -1.6729], [124.5063, -1.6723], [124.5069, -1.6723], [124.5075, -1.6717], [124.5075, -1.6711], [124.5075, -1.6705], [124.5075, -1.6699], [124.5081, -1.6693], [124.5075, -1.6687], [124.5069, -1.6687], [124.5063, -1.6687], [124.5057, -1.6687], [124.5051, -1.6681], [124.5045, -1.6675], [124.5039, -1.6669], [124.5039, -1.6663], [124.5039, -1.6657], [124.5033, -1.6651], [124.5027, -1.6645], [124.5027, -1.6639], [124.5021, -1.6633], [124.5015, -1.6627], [124.5009, -1.6621], [124.5003, -1.6615], [124.4997, -1.6615], [124.4991, -1.6609], [124.4985, -1.6603], [124.4985, -1.6597], [124.4985, -1.6591], [124.4991, -1.6585], [124.4985, -1.6579], [124.4979, -1.6573]]}}, {"type": "Feature", "properties": {"source": "DEMNAS D8 derived", "thresholdCells": 2000}, "geometry": {"type": "LineString", "coordinates": [[124.8909, -1.7941], [124.8903, -1.7935], [124.8897, -1.7929], [124.8897, -1.7923], [124.8897, -1.7917], [124.8897, -1.7911], [124.8903, -1.7905], [124.8903, -1.7899], [124.8903, -1.7893], [124.8903, -1.7887], [124.8909, -1.7881], [124.8915, -1.7875], [124.8921, -1.7869], [124.8927, -1.7863], [124.8933, -1.7863], [124.8939, -1.7857], [124.8945, -1.7851], [124.8945, -1.7845], [124.8951, -1.7839], [124.8951, -1.7833], [124.8957, -1.7827], [124.8957, -1.7821], [124.8963, -1.7815], [124.8963, -1.7809], [124.8969, -1.7803], [124.8969, -1.7797], [124.8969, -1.7791], [124.8975, -1.7785], [124.8981, -1.7779], [124.8987, -1.7773], [124.8987, -1.7767], [124.8993, -1.7761], [124.8993, -1.7755], [124.8999, -1.7749], [124.9005, -1.7743], [124.9011, -1.7743], [124.9017, -1.7737], [124.9023, -1.7737], [124.9029, -1.7737], [124.9029, -1.7731], [124.9035, -1.7725], [124.9041, -1.7719], [124.9047, -1.7713], [124.9047, -1.7707], [124.9053, -1.7701], [124.9059, -1.7695], [124.9065, -1.7689], [124.9071, -1.7683], [124.9077, -1.7677], [124.9083, -1.7677], [124.9089, -1.7671], [124.9089, -1.7665], [124.9095, -1.7659], [124.9095, -1.7653], [124.9095, -1.7647], [124.9095, -1.7641], [124.9095, -1.7635], [124.9095, -1.7629], [124.9089, -1.7623], [124.9083, -1.7617], [124.9077, -1.7617], [124.9071, -1.7611], [124.9065, -1.7611], [124.9059, -1.7611], [124.9053, -1.7605], [124.9047, -1.7605], [124.9047, -1.7599], [124.9047, -1.7593], [124.9047, -1.7587], [124.9053, -1.7587], [124.9059, -1.7587], [124.9065, -1.7593], [124.9071, -1.7593], [124.9077, -1.7587], [124.9083, -1.7581], [124.9089, -1.7575], [124.9095, -1.7575], [124.9101, -1.7581], [124.9107, -1.7581], [124.9113, -1.7581], [124.9119, -1.7575], [124.9125, -1.7569], [124.9125, -1.7563], [124.9131, -1.7557], [124.9131, -1.7551], [124.9137, -1.7545], [124.9143, -1.7539], [124.9149, -1.7539], [124.9155, -1.7545], [124.9161, -1.7551], [124.9167, -1.7557], [124.9173, -1.7563], [124.9179, -1.7563], [124.9185, -1.7557], [124.9191, -1.7551], [124.9197, -1.7545], [124.9203, -1.7545], [124.9209, -1.7539], [124.9215, -1.7533], [124.9221, -1.7533], [124.9227, -1.7527], [124.9227, -1.7521], [124.9233, -1.7515], [124.9239, -1.7509], [124.9239, -1.7503], [124.9245, -1.7497], [124.9245, -1.7491], [124.9245, -1.7485], [124.9245, -1.7479], [124.9245, -1.7473], [124.9245, -1.7467], [124.9245, -1.7461], [124.9251, -1.7455], [124.9251, -1.7449], [124.9251, -1.7443], [124.9251, -1.7437], [124.9251, -1.7431], [124.9257, -1.7431], [124.9263, -1.7425], [124.9269, -1.7419], [124.9269, -1.7413], [124.9269, -1.7407], [124.9269, -1.7401], [124.9263, -1.7395], [124.9263, -1.7389], [124.9269, -1.7383], [124.9269, -1.7377], [124.9269, -1.7371], [124.9269, -1.7365], [124.9269, -1.7359], [124.9269, -1.7353], [124.9269, -1.7347], [124.9269, -1.7341], [124.9269, -1.7335], [124.9275, -1.7329], [124.9281, -1.7323], [124.9287, -1.7317], [124.9293, -1.7311], [124.9293, -1.7305], [124.9299, -1.7299], [124.9299, -1.7293], [124.9293, -1.7287], [124.9293, -1.7281], [124.9287, -1.7275], [124.9287, -1.7269], [124.9281, -1.7263], [124.9281, -1.7257], [124.9287, -1.7251], [124.9287, -1.7245], [124.9293, -1.7239], [124.9293, -1.7233], [124.9293, -1.7227], [124.9299, -1.7221], [124.9299, -1.7215], [124.9299, -1.7209], [124.9305, -1.7203], [124.9311, -1.7203], [124.9317, -1.7203], [124.9323, -1.7203], [124.9329, -1.7197], [124.9335, -1.7191], [124.9329, -1.7185], [124.9323, -1.7185], [124.9317, -1.7185], [124.9311, -1.7185], [124.9305, -1.7179], [124.9299, -1.7173], [124.9299, -1.7167]]}}, {"type": "Feature", "properties": {"source": "DEMNAS D8 derived", "thresholdCells": 2000}, "geometry": {"type": "LineString", "coordinates": [[125.1939, -1.8091], [125.1945, -1.8085], [125.1945, -1.8079], [125.1945, -1.8073], [125.1951, -1.8067], [125.1945, -1.8061], [125.1945, -1.8055], [125.1945, -1.8049], [125.1945, -1.8043], [125.1945, -1.8037], [125.1945, -1.8031], [125.1945, -1.8025], [125.1945, -1.8019], [125.1945, -1.8013], [125.1951, -1.8007], [125.1951, -1.8001], [125.1957, -1.7995], [125.1957, -1.7989], [125.1951, -1.7983], [125.1951, -1.7977], [125.1951, -1.7971]]}}, {"type": "Feature", "properties": {"source": "DEMNAS D8 derived", "thresholdCells": 2000}, "geometry": {"type": "LineString", "coordinates": [[124.6485, -1.8109], [124.6491, -1.8115], [124.6497, -1.8121], [124.6503, -1.8127], [124.6509, -1.8133], [124.6515, -1.8139], [124.6521, -1.8145], [124.6527, -1.8151], [124.6533, -1.8157], [124.6539, -1.8163], [124.6545, -1.8169], [124.6551, -1.8175], [124.6557, -1.8181], [124.6563, -1.8187], [124.6563, -1.8193], [124.6569, -1.8193], [124.6575, -1.8193], [124.6581, -1.8193], [124.6587, -1.8193], [124.6593, -1.8193], [124.6599, -1.8193], [124.6605, -1.8193], [124.6611, -1.8193], [124.6617, -1.8193], [124.6623, -1.8193], [124.6629, -1.8193], [124.6635, -1.8193], [124.6641, -1.8199], [124.6641, -1.8205], [124.6641, -1.8211], [124.6647, -1.8217], [124.6647, -1.8223], [124.6647, -1.8229], [124.6647, -1.8235], [124.6647, -1.8241], [124.6647, -1.8247], [124.6653, -1.8253], [124.6659, -1.8259], [124.6665, -1.8265], [124.6671, -1.8271], [124.6677, -1.8277], [124.6683, -1.8283], [124.6689, -1.8289], [124.6695, -1.8295], [124.6701, -1.8301], [124.6707, -1.8307], [124.6707, -1.8313], [124.6713, -1.8319], [124.6719, -1.8325], [124.6725, -1.8331], [124.6731, -1.8337], [124.6731, -1.8343], [124.6737, -1.8349], [124.6743, -1.8355], [124.6743, -1.8361], [124.6743, -1.8367], [124.6743, -1.8373], [124.6749, -1.8379], [124.6749, -1.8385], [124.6755, -1.8391], [124.6755, -1.8397], [124.6761, -1.8403], [124.6761, -1.8409], [124.6767, -1.8415], [124.6773, -1.8421], [124.6779, -1.8427], [124.6785, -1.8433], [124.6791, -1.8439], [124.6797, -1.8445], [124.6803, -1.8445], [124.6809, -1.8445], [124.6815, -1.8451], [124.6821, -1.8457], [124.6827, -1.8463], [124.6833, -1.8463], [124.6833, -1.8469], [124.6833, -1.8475], [124.6839, -1.8481], [124.6845, -1.8487], [124.6851, -1.8493], [124.6857, -1.8499], [124.6863, -1.8505], [124.6869, -1.8505], [124.6875, -1.8505], [124.6881, -1.8505], [124.6887, -1.8505], [124.6893, -1.8505], [124.6899, -1.8505], [124.6905, -1.8505], [124.6911, -1.8511], [124.6917, -1.8511], [124.6923, -1.8517], [124.6929, -1.8523], [124.6935, -1.8529], [124.6941, -1.8535], [124.6941, -1.8541], [124.6941, -1.8547], [124.6947, -1.8553], [124.6947, -1.8559], [124.6947, -1.8565], [124.6947, -1.8571], [124.6947, -1.8577], [124.6947, -1.8583], [124.6947, -1.8589], [124.6947, -1.8595], [124.6953, -1.8601], [124.6959, -1.8607], [124.6965, -1.8613], [124.6971, -1.8619], [124.6977, -1.8625], [124.6977, -1.8631], [124.6977, -1.8637], [124.6977, -1.8643], [124.6977, -1.8649], [124.6977, -1.8655], [124.6977, -1.8661], [124.6977, -1.8667], [124.6977, -1.8673], [124.6977, -1.8679], [124.6971, -1.8685], [124.6965, -1.8691], [124.6959, -1.8697], [124.6953, -1.8703], [124.6947, -1.8709], [124.6941, -1.8715], [124.6935, -1.8721], [124.6929, -1.8727], [124.6929, -1.8733], [124.6929, -1.8739], [124.6929, -1.8745], [124.6929, -1.8751], [124.6929, -1.8757], [124.6923, -1.8763], [124.6917, -1.8769], [124.6917, -1.8775], [124.6917, -1.8781], [124.6917, -1.8787], [124.6917, -1.8793], [124.6917, -1.8799], [124.6917, -1.8805], [124.6923, -1.8811], [124.6923, -1.8817], [124.6923, -1.8823], [124.6923, -1.8829], [124.6929, -1.8835], [124.6929, -1.8841], [124.6935, -1.8847], [124.6941, -1.8847], [124.6941, -1.8853], [124.6947, -1.8853], [124.6953, -1.8859], [124.6959, -1.8859], [124.6965, -1.8859], [124.6965, -1.8865], [124.6965, -1.8871], [124.6971, -1.8877], [124.6977, -1.8883], [124.6983, -1.8883], [124.6989, -1.8883], [124.6995, -1.8889], [124.7001, -1.8889], [124.7007, -1.8889], [124.7013, -1.8889], [124.7019, -1.8889], [124.7025, -1.8889], [124.7031, -1.8895], [124.7031, -1.8901], [124.7037, -1.8901], [124.7043, -1.8907], [124.7049, -1.8901], [124.7055, -1.8895], [124.7061, -1.8901], [124.7061, -1.8907], [124.7067, -1.8907], [124.7073, -1.8907], [124.7079, -1.8913], [124.7079, -1.8919], [124.7079, -1.8925], [124.7085, -1.8931], [124.7091, -1.8931], [124.7097, -1.8937], [124.7103, -1.8937], [124.7109, -1.8937], [124.7115, -1.8937], [124.7115, -1.8943], [124.7115, -1.8949], [124.7115, -1.8955], [124.7115, -1.8961], [124.7121, -1.8967], [124.7127, -1.8973], [124.7133, -1.8979], [124.7133, -1.8985], [124.7139, -1.8991], [124.7145, -1.8991], [124.7151, -1.8991], [124.7157, -1.8985], [124.7163, -1.8979], [124.7169, -1.8979], [124.7175, -1.8973], [124.7181, -1.8973], [124.7187, -1.8967], [124.7193, -1.8967], [124.7199, -1.8961], [124.7205, -1.8961], [124.7211, -1.8961], [124.7217, -1.8955], [124.7223, -1.8961], [124.7229, -1.8967], [124.7229, -1.8973], [124.7229, -1.8979], [124.7229, -1.8985], [124.7235, -1.8991], [124.7235, -1.8997], [124.7241, -1.9003], [124.7241, -1.9009], [124.7247, -1.9015], [124.7253, -1.9015], [124.7259, -1.9015], [124.7265, -1.9009], [124.7271, -1.9009], [124.7277, -1.9009], [124.7283, -1.9015], [124.7283, -1.9021], [124.7283, -1.9027], [124.7283, -1.9033], [124.7283, -1.9039], [124.7277, -1.9045], [124.7277, -1.9051], [124.7277, -1.9057], [124.7283, -1.9063], [124.7289, -1.9063], [124.7295, -1.9069], [124.7301, -1.9075], [124.7301, -1.9081], [124.7307, -1.9087], [124.7307, -1.9093], [124.7307, -1.9099], [124.7313, -1.9105], [124.7319, -1.9105], [124.7325, -1.9111], [124.7331, -1.9117], [124.7337, -1.9123], [124.7343, -1.9129], [124.7349, -1.9135], [124.7355, -1.9141], [124.7361, -1.9141], [124.7367, -1.9141], [124.7373, -1.9147], [124.7379, -1.9153], [124.7385, -1.9153], [124.7391, -1.9159], [124.7397, -1.9159], [124.7397, -1.9165], [124.7397, -1.9171], [124.7403, -1.9177], [124.7403, -1.9183], [124.7403, -1.9189], [124.7403, -1.9195], [124.7409, -1.9201], [124.7415, -1.9207], [124.7409, -1.9213], [124.7409, -1.9219], [124.7409, -1.9225], [124.7409, -1.9231], [124.7403, -1.9237], [124.7409, -1.9243], [124.7409, -1.9249], [124.7409, -1.9255], [124.7415, -1.9261], [124.7415, -1.9267], [124.7409, -1.9273], [124.7403, -1.9273], [124.7397, -1.9279], [124.7391, -1.9285], [124.7391, -1.9291], [124.7391, -1.9297], [124.7385, -1.9303], [124.7385, -1.9309], [124.7385, -1.9315], [124.7385, -1.9321], [124.7379, -1.9327], [124.7385, -1.9333], [124.7391, -1.9339], [124.7397, -1.9339]]}}, {"type": "Feature", "properties": {"source": "DEMNAS D8 derived", "thresholdCells": 2000}, "geometry": {"type": "LineString", "coordinates": [[125.1081, -1.8115], [125.1081, -1.8121], [125.1087, -1.8127], [125.1093, -1.8133], [125.1099, -1.8139], [125.1105, -1.8145], [125.1111, -1.8151], [125.1117, -1.8157], [125.1123, -1.8163], [125.1129, -1.8169], [125.1129, -1.8175], [125.1135, -1.8181], [125.1141, -1.8187], [125.1147, -1.8193], [125.1153, -1.8199], [125.1159, -1.8205], [125.1165, -1.8211], [125.1165, -1.8217], [125.1171, -1.8223], [125.1177, -1.8229], [125.1177, -1.8235], [125.1183, -1.8241], [125.1189, -1.8247], [125.1189, -1.8253], [125.1183, -1.8259], [125.1183, -1.8265], [125.1183, -1.8271], [125.1183, -1.8277], [125.1183, -1.8283], [125.1183, -1.8289], [125.1177, -1.8295], [125.1177, -1.8301], [125.1177, -1.8307], [125.1171, -1.8313], [125.1171, -1.8319], [125.1171, -1.8325], [125.1171, -1.8331], [125.1171, -1.8337], [125.1171, -1.8343], [125.1171, -1.8349], [125.1171, -1.8355], [125.1171, -1.8361], [125.1171, -1.8367], [125.1171, -1.8373], [125.1171, -1.8379], [125.1171, -1.8385], [125.1165, -1.8391], [125.1159, -1.8397], [125.1153, -1.8403], [125.1147, -1.8409], [125.1141, -1.8415], [125.1135, -1.8421], [125.1129, -1.8427], [125.1129, -1.8433], [125.1129, -1.8439], [125.1129, -1.8445], [125.1129, -1.8451], [125.1129, -1.8457], [125.1129, -1.8463], [125.1129, -1.8469], [125.1129, -1.8475], [125.1129, -1.8481], [125.1129, -1.8487], [125.1129, -1.8493], [125.1135, -1.8499], [125.1141, -1.8505], [125.1147, -1.8511], [125.1147, -1.8517], [125.1147, -1.8523], [125.1153, -1.8529], [125.1147, -1.8535], [125.1147, -1.8541], [125.1147, -1.8547], [125.1141, -1.8553], [125.1135, -1.8559], [125.1129, -1.8565], [125.1123, -1.8571], [125.1117, -1.8577], [125.1111, -1.8583], [125.1105, -1.8589], [125.1111, -1.8595], [125.1117, -1.8601], [125.1123, -1.8607], [125.1123, -1.8613], [125.1123, -1.8619], [125.1123, -1.8625], [125.1117, -1.8631], [125.1123, -1.8637], [125.1129, -1.8637], [125.1135, -1.8637], [125.1135, -1.8643], [125.1141, -1.8643], [125.1147, -1.8649], [125.1153, -1.8655], [125.1159, -1.8661], [125.1165, -1.8667], [125.1171, -1.8661], [125.1177, -1.8661], [125.1183, -1.8661], [125.1189, -1.8661], [125.1195, -1.8661], [125.1201, -1.8661], [125.1207, -1.8661], [125.1213, -1.8667], [125.1219, -1.8667], [125.1225, -1.8673], [125.1231, -1.8679], [125.1231, -1.8685], [125.1231, -1.8691], [125.1231, -1.8697], [125.1231, -1.8703], [125.1231, -1.8709], [125.1231, -1.8715], [125.1237, -1.8721], [125.1243, -1.8721], [125.1249, -1.8727], [125.1255, -1.8733], [125.1261, -1.8727], [125.1267, -1.8727], [125.1273, -1.8733], [125.1279, -1.8739], [125.1285, -1.8745]]}}, {"type": "Feature", "properties": {"source": "DEMNAS D8 derived", "thresholdCells": 2000}, "geometry": {"type": "LineString", "coordinates": [[124.4253, -1.8133], [124.4253, -1.8127], [124.4247, -1.8121], [124.4247, -1.8115], [124.4247, -1.8109], [124.4247, -1.8103], [124.4241, -1.8097], [124.4241, -1.8091], [124.4241, -1.8085], [124.4241, -1.8079], [124.4235, -1.8073], [124.4235, -1.8067], [124.4235, -1.8061], [124.4235, -1.8055], [124.4241, -1.8049], [124.4247, -1.8043], [124.4247, -1.8037], [124.4241, -1.8031], [124.4235, -1.8025], [124.4235, -1.8019], [124.4229, -1.8013], [124.4229, -1.8007], [124.4229, -1.8001], [124.4229, -1.7995], [124.4229, -1.7989], [124.4223, -1.7983], [124.4223, -1.7977], [124.4223, -1.7971], [124.4223, -1.7965], [124.4223, -1.7959], [124.4223, -1.7953], [124.4223, -1.7947], [124.4223, -1.7941], [124.4229, -1.7935], [124.4229, -1.7929], [124.4229, -1.7923], [124.4229, -1.7917], [124.4223, -1.7917], [124.4217, -1.7911], [124.4211, -1.7911], [124.4211, -1.7905], [124.4205, -1.7899], [124.4205, -1.7893], [124.4211, -1.7887], [124.4211, -1.7881], [124.4205, -1.7875], [124.4199, -1.7869], [124.4199, -1.7863], [124.4193, -1.7857], [124.4193, -1.7851], [124.4193, -1.7845], [124.4193, -1.7839], [124.4199, -1.7833], [124.4199, -1.7827], [124.4205, -1.7821], [124.4211, -1.7815], [124.4217, -1.7809], [124.4223, -1.7803], [124.4223, -1.7797], [124.4229, -1.7791], [124.4229, -1.7785], [124.4235, -1.7779], [124.4235, -1.7773], [124.4235, -1.7767], [124.4235, -1.7761], [124.4235, -1.7755], [124.4235, -1.7749], [124.4229, -1.7743], [124.4223, -1.7743], [124.4217, -1.7743], [124.4211, -1.7743], [124.4205, -1.7743], [124.4199, -1.7743], [124.4193, -1.7737], [124.4187, -1.7731], [124.4187, -1.7725], [124.4181, -1.7719], [124.4175, -1.7713], [124.4175, -1.7707], [124.4181, -1.7701], [124.4181, -1.7695], [124.4181, -1.7689], [124.4175, -1.7683], [124.4175, -1.7677], [124.4175, -1.7671], [124.4175, -1.7665], [124.4175, -1.7659], [124.4169, -1.7653], [124.4169, -1.7647], [124.4169, -1.7641], [124.4163, -1.7635], [124.4163, -1.7629], [124.4169, -1.7623], [124.4175, -1.7617], [124.4175, -1.7611], [124.4175, -1.7605], [124.4175, -1.7599], [124.4169, -1.7593], [124.4163, -1.7593], [124.4157, -1.7587], [124.4151, -1.7587], [124.4151, -1.7581], [124.4151, -1.7575], [124.4145, -1.7569], [124.4139, -1.7563], [124.4133, -1.7557], [124.4127, -1.7557], [124.4121, -1.7557], [124.4115, -1.7557], [124.4109, -1.7551], [124.4109, -1.7545], [124.4109, -1.7539], [124.4109, -1.7533], [124.4109, -1.7527], [124.4103, -1.7527], [124.4097, -1.7527], [124.4091, -1.7527], [124.4085, -1.7521], [124.4085, -1.7515], [124.4085, -1.7509], [124.4091, -1.7503], [124.4097, -1.7497], [124.4097, -1.7491], [124.4103, -1.7485], [124.4103, -1.7479], [124.4103, -1.7473], [124.4103, -1.7467], [124.4103, -1.7461], [124.4103, -1.7455], [124.4109, -1.7449], [124.4115, -1.7443], [124.4121, -1.7437], [124.4121, -1.7431], [124.4121, -1.7425], [124.4127, -1.7419], [124.4133, -1.7413], [124.4133, -1.7407], [124.4133, -1.7401], [124.4133, -1.7395], [124.4139, -1.7389], [124.4139, -1.7383], [124.4139, -1.7377], [124.4139, -1.7371], [124.4139, -1.7365], [124.4139, -1.7359], [124.4139, -1.7353], [124.4139, -1.7347], [124.4145, -1.7341], [124.4145, -1.7335], [124.4145, -1.7329], [124.4145, -1.7323], [124.4139, -1.7317], [124.4139, -1.7311], [124.4133, -1.7305], [124.4127, -1.7299], [124.4127, -1.7293], [124.4127, -1.7287], [124.4127, -1.7281], [124.4127, -1.7275], [124.4121, -1.7269], [124.4115, -1.7263], [124.4109, -1.7257], [124.4103, -1.7251], [124.4103, -1.7245], [124.4103, -1.7239], [124.4097, -1.7233], [124.4091, -1.7233], [124.4085, -1.7233], [124.4079, -1.7233], [124.4073, -1.7227], [124.4073, -1.7221], [124.4067, -1.7221], [124.4061, -1.7227], [124.4055, -1.7233], [124.4049, -1.7233], [124.4049, -1.7239], [124.4043, -1.7245], [124.4043, -1.7251], [124.4043, -1.7257], [124.4037, -1.7263], [124.4031, -1.7269], [124.4031, -1.7275], [124.4025, -1.7281], [124.4019, -1.7287], [124.4013, -1.7287], [124.4007, -1.7287], [124.4001, -1.7287], [124.3995, -1.7287], [124.3989, -1.7281], [124.3983, -1.7281], [124.3977, -1.7275], [124.3971, -1.7275], [124.3965, -1.7275], [124.3959, -1.7269], [124.3953, -1.7263], [124.3953, -1.7257], [124.3953, -1.7251], [124.3953, -1.7245], [124.3953, -1.7239], [124.3947, -1.7233], [124.3941, -1.7233], [124.3935, -1.7227], [124.3935, -1.7221], [124.3935, -1.7215], [124.3935, -1.7209], [124.3935, -1.7203], [124.3935, -1.7197], [124.3935, -1.7191], [124.3935, -1.7185], [124.3935, -1.7179], [124.3941, -1.7173], [124.3941, -1.7167], [124.3941, -1.7161], [124.3947, -1.7155], [124.3947, -1.7149], [124.3953, -1.7143], [124.3953, -1.7137], [124.3947, -1.7131], [124.3947, -1.7125], [124.3947, -1.7119], [124.3947, -1.7113], [124.3947, -1.7107], [124.3947, -1.7101], [124.3947, -1.7095], [124.3947, -1.7089], [124.3947, -1.7083], [124.3947, -1.7077], [124.3947, -1.7071], [124.3947, -1.7065], [124.3947, -1.7059], [124.3947, -1.7053], [124.3947, -1.7047], [124.3947, -1.7041], [124.3947, -1.7035], [124.3947, -1.7029], [124.3947, -1.7023], [124.3947, -1.7017], [124.3947, -1.7011], [124.3947, -1.7005], [124.3947, -1.6999], [124.3947, -1.6993], [124.3947, -1.6987], [124.3947, -1.6981], [124.3947, -1.6975], [124.3947, -1.6969], [124.3953, -1.6963], [124.3953, -1.6957], [124.3959, -1.6951], [124.3959, -1.6945], [124.3959, -1.6939], [124.3959, -1.6933], [124.3965, -1.6927], [124.3971, -1.6921], [124.3977, -1.6915], [124.3983, -1.6909], [124.3989, -1.6903], [124.3989, -1.6897], [124.3989, -1.6891], [124.3989, -1.6885], [124.3989, -1.6879], [124.3995, -1.6873], [124.3995, -1.6867], [124.4001, -1.6861], [124.4001, -1.6855], [124.4007, -1.6849], [124.4007, -1.6843], [124.4013, -1.6837], [124.4013, -1.6831], [124.4013, -1.6825], [124.4013, -1.6819], [124.4013, -1.6813], [124.4013, -1.6807], [124.4019, -1.6801], [124.4019, -1.6795], [124.4019, -1.6789], [124.4025, -1.6783], [124.4019, -1.6777], [124.4019, -1.6771], [124.4013, -1.6765], [124.4019, -1.6759], [124.4019, -1.6753], [124.4025, -1.6747], [124.4019, -1.6741], [124.4019, -1.6735], [124.4019, -1.6729], [124.4025, -1.6723], [124.4031, -1.6723], [124.4037, -1.6723], [124.4043, -1.6717], [124.4049, -1.6711], [124.4049, -1.6705], [124.4049, -1.6699], [124.4055, -1.6693], [124.4055, -1.6687], [124.4055, -1.6681], [124.4061, -1.6675], [124.4061, -1.6669], [124.4061, -1.6663], [124.4055, -1.6657], [124.4061, -1.6651], [124.4067, -1.6645], [124.4067, -1.6639], [124.4067, -1.6633], [124.4067, -1.6627], [124.4067, -1.6621], [124.4073, -1.6615]]}}, {"type": "Feature", "properties": {"source": "DEMNAS D8 derived", "thresholdCells": 2000}, "geometry": {"type": "LineString", "coordinates": [[125.0181, -1.8145], [125.0187, -1.8145], [125.0193, -1.8145], [125.0199, -1.8145], [125.0205, -1.8151], [125.0211, -1.8157], [125.0217, -1.8163], [125.0223, -1.8169], [125.0229, -1.8175], [125.0223, -1.8181], [125.0229, -1.8187], [125.0235, -1.8193], [125.0241, -1.8199], [125.0241, -1.8205], [125.0247, -1.8211], [125.0253, -1.8211], [125.0259, -1.8217], [125.0265, -1.8217], [125.0271, -1.8223], [125.0277, -1.8223], [125.0283, -1.8223], [125.0289, -1.8223], [125.0295, -1.8223], [125.0301, -1.8223], [125.0307, -1.8223], [125.0313, -1.8229], [125.0319, -1.8229], [125.0325, -1.8235], [125.0325, -1.8241], [125.0325, -1.8247], [125.0325, -1.8253], [125.0325, -1.8259], [125.0331, -1.8265], [125.0331, -1.8271], [125.0331, -1.8277], [125.0337, -1.8283], [125.0337, -1.8289], [125.0337, -1.8295], [125.0337, -1.8301], [125.0343, -1.8307], [125.0349, -1.8307], [125.0355, -1.8307], [125.0361, -1.8313], [125.0361, -1.8319], [125.0361, -1.8325], [125.0361, -1.8331], [125.0361, -1.8337], [125.0361, -1.8343], [125.0361, -1.8349], [125.0361, -1.8355], [125.0367, -1.8361], [125.0373, -1.8361], [125.0379, -1.8367], [125.0385, -1.8373], [125.0385, -1.8379], [125.0385, -1.8385], [125.0385, -1.8391], [125.0385, -1.8397], [125.0379, -1.8403], [125.0379, -1.8409], [125.0379, -1.8415], [125.0385, -1.8421], [125.0391, -1.8427], [125.0397, -1.8433], [125.0403, -1.8439], [125.0409, -1.8445], [125.0415, -1.8451], [125.0415, -1.8457], [125.0415, -1.8463], [125.0415, -1.8469], [125.0415, -1.8475], [125.0415, -1.8481], [125.0415, -1.8487], [125.0415, -1.8493], [125.0415, -1.8499], [125.0421, -1.8505], [125.0427, -1.8511], [125.0427, -1.8517], [125.0427, -1.8523], [125.0433, -1.8529], [125.0433, -1.8535], [125.0439, -1.8541], [125.0445, -1.8547], [125.0451, -1.8553], [125.0457, -1.8559], [125.0463, -1.8565], [125.0469, -1.8571], [125.0475, -1.8577], [125.0475, -1.8583], [125.0475, -1.8589], [125.0469, -1.8595], [125.0463, -1.8601], [125.0463, -1.8607], [125.0463, -1.8613], [125.0463, -1.8619], [125.0463, -1.8625], [125.0463, -1.8631], [125.0457, -1.8637], [125.0457, -1.8643], [125.0457, -1.8649], [125.0457, -1.8655], [125.0451, -1.8661], [125.0445, -1.8667], [125.0445, -1.8673], [125.0439, -1.8673], [125.0433, -1.8673], [125.0427, -1.8673], [125.0421, -1.8673], [125.0415, -1.8679], [125.0409, -1.8685], [125.0409, -1.8691], [125.0409, -1.8697], [125.0415, -1.8703], [125.0415, -1.8709], [125.0415, -1.8715], [125.0415, -1.8721], [125.0409, -1.8727], [125.0403, -1.8733], [125.0403, -1.8739], [125.0397, -1.8745], [125.0391, -1.8751], [125.0397, -1.8757], [125.0397, -1.8763], [125.0397, -1.8769], [125.0397, -1.8775], [125.0397, -1.8781], [125.0391, -1.8787], [125.0397, -1.8793], [125.0391, -1.8799], [125.0391, -1.8805], [125.0391, -1.8811], [125.0397, -1.8817], [125.0403, -1.8817], [125.0409, -1.8817], [125.0415, -1.8811], [125.0421, -1.8817], [125.0427, -1.8823], [125.0433, -1.8829], [125.0439, -1.8835], [125.0445, -1.8841], [125.0445, -1.8847], [125.0445, -1.8853], [125.0439, -1.8859]]}}, {"type": "Feature", "properties": {"source": "DEMNAS D8 derived", "thresholdCells": 2000}, "geometry": {"type": "LineString", "coordinates": [[124.6983, -1.8169], [124.6983, -1.8175], [124.6977, -1.8181], [124.6977, -1.8187], [124.6977, -1.8193], [124.6983, -1.8199], [124.6989, -1.8205], [124.6989, -1.8211], [124.6995, -1.8217], [124.7001, -1.8223], [124.7007, -1.8229], [124.7013, -1.8235], [124.7019, -1.8241], [124.7019, -1.8247], [124.7025, -1.8253], [124.7031, -1.8259], [124.7037, -1.8259], [124.7043, -1.8259], [124.7049, -1.8265], [124.7049, -1.8271], [124.7049, -1.8277], [124.7049, -1.8283], [124.7049, -1.8289], [124.7055, -1.8295], [124.7055, -1.8301], [124.7061, -1.8307], [124.7067, -1.8307], [124.7073, -1.8307], [124.7079, -1.8307], [124.7079, -1.8313], [124.7079, -1.8319], [124.7079, -1.8325], [124.7079, -1.8331], [124.7073, -1.8337], [124.7073, -1.8343], [124.7073, -1.8349], [124.7073, -1.8355], [124.7073, -1.8361], [124.7073, -1.8367], [124.7073, -1.8373], [124.7073, -1.8379], [124.7073, -1.8385], [124.7073, -1.8391], [124.7073, -1.8397], [124.7073, -1.8403], [124.7073, -1.8409], [124.7073, -1.8415], [124.7079, -1.8421], [124.7085, -1.8427], [124.7091, -1.8433], [124.7097, -1.8439], [124.7103, -1.8445], [124.7097, -1.8451], [124.7103, -1.8457], [124.7103, -1.8463], [124.7109, -1.8469], [124.7115, -1.8475], [124.7121, -1.8481], [124.7127, -1.8487], [124.7127, -1.8493], [124.7133, -1.8499], [124.7139, -1.8505], [124.7145, -1.8511], [124.7151, -1.8517], [124.7157, -1.8523], [124.7163, -1.8523], [124.7169, -1.8523], [124.7175, -1.8529], [124.7181, -1.8529], [124.7187, -1.8535], [124.7193, -1.8541], [124.7199, -1.8541], [124.7205, -1.8541], [124.7211, -1.8547], [124.7217, -1.8553], [124.7223, -1.8559], [124.7229, -1.8559], [124.7235, -1.8565], [124.7235, -1.8571], [124.7241, -1.8577], [124.7247, -1.8583], [124.7253, -1.8583], [124.7259, -1.8583], [124.7265, -1.8583], [124.7265, -1.8589], [124.7271, -1.8595], [124.7277, -1.8601], [124.7277, -1.8607], [124.7277, -1.8613], [124.7277, -1.8619], [124.7283, -1.8625], [124.7289, -1.8631], [124.7295, -1.8637], [124.7295, -1.8643], [124.7301, -1.8649], [124.7307, -1.8649], [124.7313, -1.8649], [124.7319, -1.8655], [124.7325, -1.8655], [124.7331, -1.8655], [124.7337, -1.8661], [124.7337, -1.8667], [124.7337, -1.8673], [124.7337, -1.8679], [124.7343, -1.8685], [124.7343, -1.8691], [124.7343, -1.8697], [124.7343, -1.8703], [124.7343, -1.8709], [124.7337, -1.8715], [124.7331, -1.8721], [124.7325, -1.8727], [124.7319, -1.8733], [124.7313, -1.8739], [124.7313, -1.8745], [124.7313, -1.8751], [124.7313, -1.8757], [124.7307, -1.8763], [124.7313, -1.8769], [124.7313, -1.8775], [124.7319, -1.8781], [124.7325, -1.8787], [124.7325, -1.8793], [124.7325, -1.8799], [124.7325, -1.8805], [124.7331, -1.8811], [124.7331, -1.8817], [124.7337, -1.8823], [124.7343, -1.8829], [124.7343, -1.8835], [124.7343, -1.8841], [124.7349, -1.8847], [124.7355, -1.8853], [124.7361, -1.8859], [124.7367, -1.8859], [124.7373, -1.8859], [124.7379, -1.8859], [124.7385, -1.8859], [124.7391, -1.8865], [124.7397, -1.8865], [124.7403, -1.8871], [124.7409, -1.8877], [124.7415, -1.8883], [124.7421, -1.8889], [124.7427, -1.8895], [124.7433, -1.8895], [124.7439, -1.8901], [124.7445, -1.8907], [124.7451, -1.8907], [124.7457, -1.8913], [124.7463, -1.8913], [124.7469, -1.8919], [124.7475, -1.8925], [124.7475, -1.8931], [124.7475, -1.8937], [124.7475, -1.8943], [124.7475, -1.8949], [124.7475, -1.8955], [124.7475, -1.8961], [124.7469, -1.8967], [124.7469, -1.8973], [124.7475, -1.8979], [124.7475, -1.8985], [124.7475, -1.8991], [124.7475, -1.8997], [124.7481, -1.9003], [124.7481, -1.9009], [124.7487, -1.9015], [124.7487, -1.9021], [124.7487, -1.9027], [124.7487, -1.9033], [124.7481, -1.9039], [124.7481, -1.9045], [124.7481, -1.9051], [124.7487, -1.9057], [124.7487, -1.9063], [124.7487, -1.9069], [124.7493, -1.9075], [124.7499, -1.9081], [124.7499, -1.9087], [124.7505, -1.9087], [124.7511, -1.9093], [124.7517, -1.9099], [124.7523, -1.9105], [124.7529, -1.9111], [124.7535, -1.9117], [124.7535, -1.9123], [124.7529, -1.9129], [124.7529, -1.9135], [124.7529, -1.9141], [124.7529, -1.9147], [124.7529, -1.9153], [124.7529, -1.9159], [124.7529, -1.9165], [124.7529, -1.9171], [124.7529, -1.9177], [124.7529, -1.9183], [124.7535, -1.9189], [124.7541, -1.9195]]}}, {"type": "Feature", "properties": {"source": "DEMNAS D8 derived", "thresholdCells": 2000}, "geometry": {"type": "LineString", "coordinates": [[124.5213, -1.8193], [124.5219, -1.8187], [124.5225, -1.8181], [124.5231, -1.8175], [124.5237, -1.8175], [124.5243, -1.8175], [124.5249, -1.8175], [124.5255, -1.8175], [124.5261, -1.8175], [124.5267, -1.8169], [124.5273, -1.8169], [124.5279, -1.8163], [124.5285, -1.8163], [124.5291, -1.8157], [124.5297, -1.8151], [124.5297, -1.8145], [124.5297, -1.8139], [124.5303, -1.8133], [124.5303, -1.8127], [124.5303, -1.8121], [124.5303, -1.8115], [124.5303, -1.8109], [124.5303, -1.8103], [124.5309, -1.8097], [124.5309, -1.8091], [124.5309, -1.8085], [124.5315, -1.8079], [124.5315, -1.8073], [124.5321, -1.8067], [124.5321, -1.8061], [124.5327, -1.8055], [124.5327, -1.8049], [124.5327, -1.8043], [124.5333, -1.8037], [124.5333, -1.8031], [124.5333, -1.8025], [124.5333, -1.8019], [124.5333, -1.8013], [124.5333, -1.8007], [124.5333, -1.8001], [124.5333, -1.7995], [124.5333, -1.7989], [124.5333, -1.7983], [124.5339, -1.7977], [124.5339, -1.7971], [124.5339, -1.7965], [124.5339, -1.7959], [124.5339, -1.7953], [124.5339, -1.7947], [124.5339, -1.7941], [124.5345, -1.7935], [124.5345, -1.7929], [124.5345, -1.7923], [124.5345, -1.7917], [124.5345, -1.7911], [124.5345, -1.7905], [124.5345, -1.7899], [124.5345, -1.7893], [124.5351, -1.7887], [124.5345, -1.7881], [124.5345, -1.7875], [124.5345, -1.7869], [124.5345, -1.7863], [124.5345, -1.7857], [124.5345, -1.7851], [124.5345, -1.7845], [124.5345, -1.7839], [124.5345, -1.7833], [124.5345, -1.7827], [124.5345, -1.7821], [124.5345, -1.7815], [124.5345, -1.7809], [124.5345, -1.7803], [124.5339, -1.7797], [124.5339, -1.7791], [124.5345, -1.7785], [124.5351, -1.7785], [124.5357, -1.7785], [124.5363, -1.7785], [124.5369, -1.7785], [124.5375, -1.7779], [124.5375, -1.7773], [124.5375, -1.7767], [124.5381, -1.7761], [124.5381, -1.7755], [124.5381, -1.7749], [124.5387, -1.7743], [124.5387, -1.7737], [124.5387, -1.7731], [124.5387, -1.7725], [124.5387, -1.7719], [124.5393, -1.7713], [124.5399, -1.7707], [124.5399, -1.7701], [124.5399, -1.7695], [124.5399, -1.7689], [124.5405, -1.7683], [124.5405, -1.7677], [124.5405, -1.7671], [124.5399, -1.7665], [124.5393, -1.7659], [124.5387, -1.7659], [124.5381, -1.7659], [124.5375, -1.7653], [124.5369, -1.7647], [124.5369, -1.7641], [124.5369, -1.7635], [124.5375, -1.7629], [124.5375, -1.7623], [124.5375, -1.7617], [124.5369, -1.7617], [124.5363, -1.7611], [124.5357, -1.7605], [124.5351, -1.7605], [124.5345, -1.7599], [124.5339, -1.7593], [124.5333, -1.7587], [124.5333, -1.7581], [124.5333, -1.7575], [124.5333, -1.7569], [124.5327, -1.7563], [124.5321, -1.7563], [124.5315, -1.7563], [124.5309, -1.7569], [124.5303, -1.7575], [124.5297, -1.7575], [124.5291, -1.7575], [124.5285, -1.7575], [124.5279, -1.7575], [124.5273, -1.7575], [124.5267, -1.7575], [124.5261, -1.7575], [124.5255, -1.7569], [124.5249, -1.7563], [124.5243, -1.7557], [124.5243, -1.7551], [124.5243, -1.7545], [124.5237, -1.7539], [124.5237, -1.7533], [124.5237, -1.7527], [124.5237, -1.7521], [124.5231, -1.7515], [124.5225, -1.7509], [124.5219, -1.7503], [124.5219, -1.7497], [124.5219, -1.7491], [124.5219, -1.7485], [124.5219, -1.7479], [124.5219, -1.7473], [124.5225, -1.7467], [124.5231, -1.7461], [124.5237, -1.7455], [124.5243, -1.7449], [124.5249, -1.7443], [124.5255, -1.7437], [124.5261, -1.7431], [124.5267, -1.7425], [124.5273, -1.7419], [124.5279, -1.7413], [124.5285, -1.7407], [124.5285, -1.7401], [124.5291, -1.7395], [124.5297, -1.7389], [124.5303, -1.7383], [124.5309, -1.7377], [124.5315, -1.7371], [124.5315, -1.7365], [124.5315, -1.7359], [124.5315, -1.7353], [124.5315, -1.7347], [124.5315, -1.7341], [124.5315, -1.7335], [124.5315, -1.7329], [124.5315, -1.7323], [124.5315, -1.7317], [124.5315, -1.7311], [124.5315, -1.7305], [124.5315, -1.7299], [124.5315, -1.7293], [124.5315, -1.7287], [124.5321, -1.7281], [124.5327, -1.7275], [124.5333, -1.7269], [124.5339, -1.7263], [124.5339, -1.7257], [124.5339, -1.7251], [124.5339, -1.7245], [124.5345, -1.7239], [124.5351, -1.7233], [124.5351, -1.7227], [124.5357, -1.7221], [124.5357, -1.7215], [124.5357, -1.7209], [124.5363, -1.7203], [124.5363, -1.7197], [124.5363, -1.7191], [124.5357, -1.7185], [124.5351, -1.7179], [124.5345, -1.7173], [124.5339, -1.7167], [124.5333, -1.7161], [124.5333, -1.7155], [124.5333, -1.7149], [124.5333, -1.7143], [124.5333, -1.7137], [124.5333, -1.7131], [124.5333, -1.7125], [124.5333, -1.7119], [124.5327, -1.7113], [124.5321, -1.7107], [124.5321, -1.7101], [124.5321, -1.7095], [124.5321, -1.7089], [124.5321, -1.7083], [124.5321, -1.7077], [124.5315, -1.7071], [124.5315, -1.7065], [124.5315, -1.7059], [124.5309, -1.7053], [124.5303, -1.7053], [124.5297, -1.7047], [124.5291, -1.7047], [124.5285, -1.7047], [124.5279, -1.7041], [124.5273, -1.7035], [124.5267, -1.7029], [124.5261, -1.7023], [124.5261, -1.7017], [124.5261, -1.7011], [124.5255, -1.7005], [124.5249, -1.6999], [124.5243, -1.6993], [124.5243, -1.6987], [124.5237, -1.6981], [124.5237, -1.6975], [124.5231, -1.6969], [124.5231, -1.6963], [124.5225, -1.6957], [124.5225, -1.6951], [124.5225, -1.6945], [124.5225, -1.6939], [124.5225, -1.6933], [124.5225, -1.6927], [124.5225, -1.6921], [124.5225, -1.6915], [124.5225, -1.6909], [124.5219, -1.6903], [124.5219, -1.6897], [124.5213, -1.6891], [124.5207, -1.6891], [124.5201, -1.6891], [124.5195, -1.6891], [124.5189, -1.6897], [124.5183, -1.6903], [124.5177, -1.6903], [124.5171, -1.6897], [124.5171, -1.6891], [124.5171, -1.6885], [124.5171, -1.6879], [124.5171, -1.6873], [124.5171, -1.6867], [124.5165, -1.6861], [124.5159, -1.6861], [124.5153, -1.6861], [124.5147, -1.6867], [124.5141, -1.6873], [124.5135, -1.6873], [124.5129, -1.6867], [124.5123, -1.6861], [124.5123, -1.6855], [124.5117, -1.6849], [124.5111, -1.6849], [124.5105, -1.6843], [124.5099, -1.6843], [124.5093, -1.6843], [124.5087, -1.6843], [124.5081, -1.6843], [124.5075, -1.6837], [124.5069, -1.6837], [124.5063, -1.6837], [124.5057, -1.6837], [124.5051, -1.6831], [124.5051, -1.6825], [124.5051, -1.6819], [124.5045, -1.6813], [124.5045, -1.6807], [124.5045, -1.6801], [124.5045, -1.6795], [124.5045, -1.6789], [124.5051, -1.6783], [124.5057, -1.6777], [124.5057, -1.6771], [124.5057, -1.6765], [124.5063, -1.6759], [124.5063, -1.6753], [124.5063, -1.6747], [124.5063, -1.6741], [124.5057, -1.6735], [124.5057, -1.6729], [124.5063, -1.6723], [124.5069, -1.6723], [124.5075, -1.6717], [124.5075, -1.6711], [124.5075, -1.6705], [124.5075, -1.6699], [124.5081, -1.6693], [124.5075, -1.6687], [124.5069, -1.6687], [124.5063, -1.6687], [124.5057, -1.6687], [124.5051, -1.6681], [124.5045, -1.6675], [124.5039, -1.6669], [124.5039, -1.6663], [124.5039, -1.6657], [124.5033, -1.6651], [124.5027, -1.6645], [124.5027, -1.6639], [124.5021, -1.6633], [124.5015, -1.6627], [124.5009, -1.6621], [124.5003, -1.6615], [124.4997, -1.6615], [124.4991, -1.6609], [124.4985, -1.6603], [124.4985, -1.6597], [124.4985, -1.6591], [124.4991, -1.6585], [124.4985, -1.6579], [124.4979, -1.6573]]}}, {"type": "Feature", "properties": {"source": "DEMNAS D8 derived", "thresholdCells": 2000}, "geometry": {"type": "LineString", "coordinates": [[125.0979, -1.8223], [125.0985, -1.8223], [125.0991, -1.8229], [125.0997, -1.8229], [125.1003, -1.8223], [125.1009, -1.8223], [125.1015, -1.8229], [125.1021, -1.8229], [125.1027, -1.8229], [125.1033, -1.8229], [125.1039, -1.8229], [125.1045, -1.8229], [125.1051, -1.8235], [125.1057, -1.8241], [125.1063, -1.8247], [125.1069, -1.8247], [125.1075, -1.8247], [125.1081, -1.8253], [125.1087, -1.8259], [125.1093, -1.8265], [125.1099, -1.8259], [125.1105, -1.8253], [125.1111, -1.8247], [125.1117, -1.8253], [125.1123, -1.8259], [125.1129, -1.8259], [125.1135, -1.8265], [125.1135, -1.8271], [125.1135, -1.8277], [125.1141, -1.8283], [125.1147, -1.8289], [125.1153, -1.8289], [125.1159, -1.8289], [125.1165, -1.8295], [125.1171, -1.8301], [125.1171, -1.8307], [125.1171, -1.8313], [125.1171, -1.8319], [125.1171, -1.8325], [125.1171, -1.8331], [125.1171, -1.8337], [125.1171, -1.8343], [125.1171, -1.8349], [125.1171, -1.8355], [125.1171, -1.8361], [125.1171, -1.8367], [125.1171, -1.8373], [125.1171, -1.8379], [125.1171, -1.8385], [125.1165, -1.8391], [125.1159, -1.8397], [125.1153, -1.8403], [125.1147, -1.8409], [125.1141, -1.8415], [125.1135, -1.8421], [125.1129, -1.8427], [125.1129, -1.8433], [125.1129, -1.8439], [125.1129, -1.8445], [125.1129, -1.8451], [125.1129, -1.8457], [125.1129, -1.8463], [125.1129, -1.8469], [125.1129, -1.8475], [125.1129, -1.8481], [125.1129, -1.8487], [125.1129, -1.8493], [125.1135, -1.8499], [125.1141, -1.8505], [125.1147, -1.8511], [125.1147, -1.8517], [125.1147, -1.8523], [125.1153, -1.8529], [125.1147, -1.8535], [125.1147, -1.8541], [125.1147, -1.8547], [125.1141, -1.8553], [125.1135, -1.8559], [125.1129, -1.8565], [125.1123, -1.8571], [125.1117, -1.8577], [125.1111, -1.8583], [125.1105, -1.8589], [125.1111, -1.8595], [125.1117, -1.8601], [125.1123, -1.8607], [125.1123, -1.8613], [125.1123, -1.8619], [125.1123, -1.8625], [125.1117, -1.8631], [125.1123, -1.8637], [125.1129, -1.8637], [125.1135, -1.8637], [125.1135, -1.8643], [125.1141, -1.8643], [125.1147, -1.8649], [125.1153, -1.8655], [125.1159, -1.8661], [125.1165, -1.8667], [125.1171, -1.8661], [125.1177, -1.8661], [125.1183, -1.8661], [125.1189, -1.8661], [125.1195, -1.8661], [125.1201, -1.8661], [125.1207, -1.8661], [125.1213, -1.8667], [125.1219, -1.8667], [125.1225, -1.8673], [125.1231, -1.8679], [125.1231, -1.8685], [125.1231, -1.8691], [125.1231, -1.8697], [125.1231, -1.8703], [125.1231, -1.8709], [125.1231, -1.8715], [125.1237, -1.8721], [125.1243, -1.8721], [125.1249, -1.8727], [125.1255, -1.8733], [125.1261, -1.8727], [125.1267, -1.8727], [125.1273, -1.8733], [125.1279, -1.8739], [125.1285, -1.8745]]}}, {"type": "Feature", "properties": {"source": "DEMNAS D8 derived", "thresholdCells": 2000}, "geometry": {"type": "LineString", "coordinates": [[124.8387, -1.8259], [124.8381, -1.8265], [124.8381, -1.8271], [124.8375, -1.8277], [124.8369, -1.8283], [124.8363, -1.8289], [124.8357, -1.8295], [124.8351, -1.8295], [124.8345, -1.8295], [124.8339, -1.8301], [124.8333, -1.8301], [124.8327, -1.8301], [124.8321, -1.8301], [124.8315, -1.8301], [124.8309, -1.8301], [124.8303, -1.8307], [124.8297, -1.8313], [124.8291, -1.8313], [124.8285, -1.8313], [124.8279, -1.8313], [124.8273, -1.8313], [124.8267, -1.8313], [124.8261, -1.8313], [124.8255, -1.8313], [124.8249, -1.8319], [124.8243, -1.8325], [124.8237, -1.8331], [124.8231, -1.8337], [124.8225, -1.8343], [124.8219, -1.8349], [124.8219, -1.8355], [124.8219, -1.8361], [124.8219, -1.8367], [124.8219, -1.8373], [124.8219, -1.8379], [124.8219, -1.8385], [124.8219, -1.8391], [124.8219, -1.8397], [124.8219, -1.8403], [124.8219, -1.8409], [124.8219, -1.8415], [124.8219, -1.8421], [124.8213, -1.8427], [124.8213, -1.8433], [124.8213, -1.8439], [124.8213, -1.8445], [124.8213, -1.8451], [124.8213, -1.8457], [124.8213, -1.8463], [124.8219, -1.8469], [124.8225, -1.8475], [124.8219, -1.8481], [124.8219, -1.8487], [124.8219, -1.8493], [124.8225, -1.8493], [124.8231, -1.8493], [124.8237, -1.8493], [124.8237, -1.8499], [124.8237, -1.8505], [124.8243, -1.8511], [124.8243, -1.8517], [124.8249, -1.8523], [124.8255, -1.8529], [124.8255, -1.8535], [124.8255, -1.8541], [124.8249, -1.8547], [124.8243, -1.8553], [124.8243, -1.8559], [124.8237, -1.8565], [124.8243, -1.8571], [124.8243, -1.8577], [124.8237, -1.8577], [124.8237, -1.8583], [124.8231, -1.8589], [124.8231, -1.8595], [124.8225, -1.8601], [124.8219, -1.8607], [124.8213, -1.8613], [124.8207, -1.8619], [124.8201, -1.8619], [124.8195, -1.8625], [124.8189, -1.8631], [124.8183, -1.8637], [124.8177, -1.8643], [124.8177, -1.8649], [124.8171, -1.8655], [124.8171, -1.8661], [124.8171, -1.8667], [124.8165, -1.8673], [124.8171, -1.8679], [124.8177, -1.8679], [124.8183, -1.8679], [124.8189, -1.8685], [124.8195, -1.8691], [124.8201, -1.8697], [124.8207, -1.8703], [124.8213, -1.8703], [124.8219, -1.8709], [124.8225, -1.8715], [124.8231, -1.8721], [124.8231, -1.8727], [124.8225, -1.8733], [124.8219, -1.8739], [124.8219, -1.8745], [124.8219, -1.8751], [124.8225, -1.8757], [124.8231, -1.8763], [124.8237, -1.8763], [124.8243, -1.8763], [124.8249, -1.8769], [124.8255, -1.8769], [124.8261, -1.8769], [124.8267, -1.8769], [124.8273, -1.8769], [124.8279, -1.8775], [124.8285, -1.8781], [124.8285, -1.8787], [124.8291, -1.8793], [124.8291, -1.8799], [124.8297, -1.8805], [124.8297, -1.8811], [124.8297, -1.8817], [124.8303, -1.8823], [124.8309, -1.8829], [124.8309, -1.8835], [124.8315, -1.8841], [124.8315, -1.8847], [124.8315, -1.8853], [124.8315, -1.8859], [124.8315, -1.8865], [124.8315, -1.8871], [124.8321, -1.8877], [124.8321, -1.8883], [124.8327, -1.8889], [124.8327, -1.8895], [124.8333, -1.8901], [124.8333, -1.8907], [124.8333, -1.8913], [124.8333, -1.8919], [124.8333, -1.8925]]}}, {"type": "Feature", "properties": {"source": "DEMNAS D8 derived", "thresholdCells": 2000}, "geometry": {"type": "LineString", "coordinates": [[125.2755, -1.8259], [125.2761, -1.8259], [125.2767, -1.8259], [125.2773, -1.8259], [125.2779, -1.8259], [125.2785, -1.8259], [125.2791, -1.8259], [125.2797, -1.8265], [125.2803, -1.8265], [125.2809, -1.8265], [125.2815, -1.8265], [125.2821, -1.8265], [125.2827, -1.8265], [125.2833, -1.8271], [125.2839, -1.8271], [125.2845, -1.8271], [125.2851, -1.8271], [125.2857, -1.8277], [125.2857, -1.8283], [125.2863, -1.8289], [125.2869, -1.8289], [125.2875, -1.8289], [125.2881, -1.8289], [125.2887, -1.8295], [125.2893, -1.8301], [125.2899, -1.8301], [125.2905, -1.8295], [125.2911, -1.8289], [125.2911, -1.8283], [125.2917, -1.8277], [125.2923, -1.8271], [125.2923, -1.8265], [125.2923, -1.8259], [125.2923, -1.8253], [125.2923, -1.8247], [125.2929, -1.8241], [125.2935, -1.8241], [125.2941, -1.8241], [125.2947, -1.8241], [125.2953, -1.8241], [125.2959, -1.8241], [125.2965, -1.8241], [125.2971, -1.8247], [125.2977, -1.8253], [125.2983, -1.8247], [125.2989, -1.8247], [125.2995, -1.8253], [125.3001, -1.8259], [125.3007, -1.8265], [125.3013, -1.8265], [125.3013, -1.8259], [125.3019, -1.8259], [125.3025, -1.8259], [125.3025, -1.8265], [125.3031, -1.8271]]}}, {"type": "Feature", "properties": {"source": "DEMNAS D8 derived", "thresholdCells": 2000}, "geometry": {"type": "LineString", "coordinates": [[124.5291, -1.8265], [124.5297, -1.8259], [124.5297, -1.8253], [124.5303, -1.8247], [124.5303, -1.8241], [124.5303, -1.8235], [124.5303, -1.8229], [124.5309, -1.8223], [124.5309, -1.8217], [124.5309, -1.8211], [124.5309, -1.8205], [124.5309, -1.8199], [124.5303, -1.8193], [124.5303, -1.8187], [124.5303, -1.8181], [124.5297, -1.8175], [124.5297, -1.8169], [124.5297, -1.8163], [124.5297, -1.8157], [124.5297, -1.8151], [124.5297, -1.8145], [124.5297, -1.8139], [124.5303, -1.8133], [124.5303, -1.8127], [124.5303, -1.8121], [124.5303, -1.8115], [124.5303, -1.8109], [124.5303, -1.8103], [124.5309, -1.8097], [124.5309, -1.8091], [124.5309, -1.8085], [124.5315, -1.8079], [124.5315, -1.8073], [124.5321, -1.8067], [124.5321, -1.8061], [124.5327, -1.8055], [124.5327, -1.8049], [124.5327, -1.8043], [124.5333, -1.8037], [124.5333, -1.8031], [124.5333, -1.8025], [124.5333, -1.8019], [124.5333, -1.8013], [124.5333, -1.8007], [124.5333, -1.8001], [124.5333, -1.7995], [124.5333, -1.7989], [124.5333, -1.7983], [124.5339, -1.7977], [124.5339, -1.7971], [124.5339, -1.7965], [124.5339, -1.7959], [124.5339, -1.7953], [124.5339, -1.7947], [124.5339, -1.7941], [124.5345, -1.7935], [124.5345, -1.7929], [124.5345, -1.7923], [124.5345, -1.7917], [124.5345, -1.7911], [124.5345, -1.7905], [124.5345, -1.7899], [124.5345, -1.7893], [124.5351, -1.7887], [124.5345, -1.7881], [124.5345, -1.7875], [124.5345, -1.7869], [124.5345, -1.7863], [124.5345, -1.7857], [124.5345, -1.7851], [124.5345, -1.7845], [124.5345, -1.7839], [124.5345, -1.7833], [124.5345, -1.7827], [124.5345, -1.7821], [124.5345, -1.7815], [124.5345, -1.7809], [124.5345, -1.7803], [124.5339, -1.7797], [124.5339, -1.7791], [124.5345, -1.7785], [124.5351, -1.7785], [124.5357, -1.7785], [124.5363, -1.7785], [124.5369, -1.7785], [124.5375, -1.7779], [124.5375, -1.7773], [124.5375, -1.7767], [124.5381, -1.7761], [124.5381, -1.7755], [124.5381, -1.7749], [124.5387, -1.7743], [124.5387, -1.7737], [124.5387, -1.7731], [124.5387, -1.7725], [124.5387, -1.7719], [124.5393, -1.7713], [124.5399, -1.7707], [124.5399, -1.7701], [124.5399, -1.7695], [124.5399, -1.7689], [124.5405, -1.7683], [124.5405, -1.7677], [124.5405, -1.7671], [124.5399, -1.7665], [124.5393, -1.7659], [124.5387, -1.7659], [124.5381, -1.7659], [124.5375, -1.7653], [124.5369, -1.7647], [124.5369, -1.7641], [124.5369, -1.7635], [124.5375, -1.7629], [124.5375, -1.7623], [124.5375, -1.7617], [124.5369, -1.7617], [124.5363, -1.7611], [124.5357, -1.7605], [124.5351, -1.7605], [124.5345, -1.7599], [124.5339, -1.7593], [124.5333, -1.7587], [124.5333, -1.7581], [124.5333, -1.7575], [124.5333, -1.7569], [124.5327, -1.7563], [124.5321, -1.7563], [124.5315, -1.7563], [124.5309, -1.7569], [124.5303, -1.7575], [124.5297, -1.7575], [124.5291, -1.7575], [124.5285, -1.7575], [124.5279, -1.7575], [124.5273, -1.7575], [124.5267, -1.7575], [124.5261, -1.7575], [124.5255, -1.7569], [124.5249, -1.7563], [124.5243, -1.7557], [124.5243, -1.7551], [124.5243, -1.7545], [124.5237, -1.7539], [124.5237, -1.7533], [124.5237, -1.7527], [124.5237, -1.7521], [124.5231, -1.7515], [124.5225, -1.7509], [124.5219, -1.7503], [124.5219, -1.7497], [124.5219, -1.7491], [124.5219, -1.7485], [124.5219, -1.7479], [124.5219, -1.7473], [124.5225, -1.7467], [124.5231, -1.7461], [124.5237, -1.7455], [124.5243, -1.7449], [124.5249, -1.7443], [124.5255, -1.7437], [124.5261, -1.7431], [124.5267, -1.7425], [124.5273, -1.7419], [124.5279, -1.7413], [124.5285, -1.7407], [124.5285, -1.7401], [124.5291, -1.7395], [124.5297, -1.7389], [124.5303, -1.7383], [124.5309, -1.7377], [124.5315, -1.7371], [124.5315, -1.7365], [124.5315, -1.7359], [124.5315, -1.7353], [124.5315, -1.7347], [124.5315, -1.7341], [124.5315, -1.7335], [124.5315, -1.7329], [124.5315, -1.7323], [124.5315, -1.7317], [124.5315, -1.7311], [124.5315, -1.7305], [124.5315, -1.7299], [124.5315, -1.7293], [124.5315, -1.7287], [124.5321, -1.7281], [124.5327, -1.7275], [124.5333, -1.7269], [124.5339, -1.7263], [124.5339, -1.7257], [124.5339, -1.7251], [124.5339, -1.7245], [124.5345, -1.7239], [124.5351, -1.7233], [124.5351, -1.7227], [124.5357, -1.7221], [124.5357, -1.7215], [124.5357, -1.7209], [124.5363, -1.7203], [124.5363, -1.7197], [124.5363, -1.7191], [124.5357, -1.7185], [124.5351, -1.7179], [124.5345, -1.7173], [124.5339, -1.7167], [124.5333, -1.7161], [124.5333, -1.7155], [124.5333, -1.7149], [124.5333, -1.7143], [124.5333, -1.7137], [124.5333, -1.7131], [124.5333, -1.7125], [124.5333, -1.7119], [124.5327, -1.7113], [124.5321, -1.7107], [124.5321, -1.7101], [124.5321, -1.7095], [124.5321, -1.7089], [124.5321, -1.7083], [124.5321, -1.7077], [124.5315, -1.7071], [124.5315, -1.7065], [124.5315, -1.7059], [124.5309, -1.7053], [124.5303, -1.7053], [124.5297, -1.7047], [124.5291, -1.7047], [124.5285, -1.7047], [124.5279, -1.7041], [124.5273, -1.7035], [124.5267, -1.7029], [124.5261, -1.7023], [124.5261, -1.7017], [124.5261, -1.7011], [124.5255, -1.7005], [124.5249, -1.6999], [124.5243, -1.6993], [124.5243, -1.6987], [124.5237, -1.6981], [124.5237, -1.6975], [124.5231, -1.6969], [124.5231, -1.6963], [124.5225, -1.6957], [124.5225, -1.6951], [124.5225, -1.6945], [124.5225, -1.6939], [124.5225, -1.6933], [124.5225, -1.6927], [124.5225, -1.6921], [124.5225, -1.6915], [124.5225, -1.6909], [124.5219, -1.6903], [124.5219, -1.6897], [124.5213, -1.6891], [124.5207, -1.6891], [124.5201, -1.6891], [124.5195, -1.6891], [124.5189, -1.6897], [124.5183, -1.6903], [124.5177, -1.6903], [124.5171, -1.6897], [124.5171, -1.6891], [124.5171, -1.6885], [124.5171, -1.6879], [124.5171, -1.6873], [124.5171, -1.6867], [124.5165, -1.6861], [124.5159, -1.6861], [124.5153, -1.6861], [124.5147, -1.6867], [124.5141, -1.6873], [124.5135, -1.6873], [124.5129, -1.6867], [124.5123, -1.6861], [124.5123, -1.6855], [124.5117, -1.6849], [124.5111, -1.6849], [124.5105, -1.6843], [124.5099, -1.6843], [124.5093, -1.6843], [124.5087, -1.6843], [124.5081, -1.6843], [124.5075, -1.6837], [124.5069, -1.6837], [124.5063, -1.6837], [124.5057, -1.6837], [124.5051, -1.6831], [124.5051, -1.6825], [124.5051, -1.6819], [124.5045, -1.6813], [124.5045, -1.6807], [124.5045, -1.6801], [124.5045, -1.6795], [124.5045, -1.6789], [124.5051, -1.6783], [124.5057, -1.6777], [124.5057, -1.6771], [124.5057, -1.6765], [124.5063, -1.6759], [124.5063, -1.6753], [124.5063, -1.6747], [124.5063, -1.6741], [124.5057, -1.6735], [124.5057, -1.6729], [124.5063, -1.6723], [124.5069, -1.6723], [124.5075, -1.6717], [124.5075, -1.6711], [124.5075, -1.6705], [124.5075, -1.6699], [124.5081, -1.6693], [124.5075, -1.6687], [124.5069, -1.6687], [124.5063, -1.6687], [124.5057, -1.6687], [124.5051, -1.6681], [124.5045, -1.6675], [124.5039, -1.6669], [124.5039, -1.6663], [124.5039, -1.6657], [124.5033, -1.6651], [124.5027, -1.6645], [124.5027, -1.6639], [124.5021, -1.6633], [124.5015, -1.6627], [124.5009, -1.6621], [124.5003, -1.6615], [124.4997, -1.6615], [124.4991, -1.6609], [124.4985, -1.6603], [124.4985, -1.6597], [124.4985, -1.6591], [124.4991, -1.6585], [124.4985, -1.6579], [124.4979, -1.6573]]}}, {"type": "Feature", "properties": {"source": "DEMNAS D8 derived", "thresholdCells": 2000}, "geometry": {"type": "LineString", "coordinates": [[124.5627, -1.8271], [124.5627, -1.8277], [124.5621, -1.8283], [124.5615, -1.8289], [124.5609, -1.8295], [124.5603, -1.8301], [124.5597, -1.8307], [124.5597, -1.8313], [124.5591, -1.8319], [124.5585, -1.8325], [124.5579, -1.8331], [124.5579, -1.8337], [124.5579, -1.8343], [124.5579, -1.8349], [124.5579, -1.8355], [124.5579, -1.8361], [124.5579, -1.8367], [124.5579, -1.8373], [124.5579, -1.8379], [124.5579, -1.8385], [124.5585, -1.8391], [124.5591, -1.8397], [124.5597, -1.8403], [124.5597, -1.8409], [124.5597, -1.8415], [124.5597, -1.8421], [124.5597, -1.8427], [124.5597, -1.8433], [124.5597, -1.8439], [124.5597, -1.8445], [124.5597, -1.8451], [124.5603, -1.8457], [124.5609, -1.8463], [124.5615, -1.8469], [124.5621, -1.8475], [124.5627, -1.8481], [124.5633, -1.8487], [124.5639, -1.8493], [124.5645, -1.8499], [124.5651, -1.8505], [124.5657, -1.8511], [124.5663, -1.8517], [124.5663, -1.8523], [124.5663, -1.8529], [124.5663, -1.8535], [124.5663, -1.8541], [124.5669, -1.8541], [124.5675, -1.8535], [124.5681, -1.8535], [124.5687, -1.8535], [124.5693, -1.8535], [124.5699, -1.8535], [124.5705, -1.8541], [124.5711, -1.8541], [124.5717, -1.8547], [124.5723, -1.8547], [124.5729, -1.8553], [124.5729, -1.8559], [124.5735, -1.8565], [124.5735, -1.8571], [124.5741, -1.8577], [124.5741, -1.8583], [124.5741, -1.8589], [124.5747, -1.8595], [124.5753, -1.8601], [124.5759, -1.8595], [124.5765, -1.8595], [124.5771, -1.8595], [124.5777, -1.8595], [124.5783, -1.8601], [124.5789, -1.8607], [124.5795, -1.8607], [124.5801, -1.8607], [124.5807, -1.8613], [124.5807, -1.8619], [124.5807, -1.8625], [124.5807, -1.8631], [124.5813, -1.8637], [124.5819, -1.8643], [124.5825, -1.8649], [124.5831, -1.8655], [124.5837, -1.8661], [124.5843, -1.8667], [124.5849, -1.8673], [124.5855, -1.8679], [124.5861, -1.8679], [124.5867, -1.8679], [124.5873, -1.8685], [124.5879, -1.8691], [124.5885, -1.8697], [124.5885, -1.8703], [124.5885, -1.8709], [124.5885, -1.8715], [124.5885, -1.8721], [124.5885, -1.8727], [124.5885, -1.8733], [124.5891, -1.8739], [124.5891, -1.8745], [124.5897, -1.8751], [124.5903, -1.8757], [124.5909, -1.8763], [124.5915, -1.8769], [124.5921, -1.8775], [124.5927, -1.8781], [124.5933, -1.8787], [124.5939, -1.8787], [124.5945, -1.8793], [124.5951, -1.8793], [124.5957, -1.8799], [124.5963, -1.8799], [124.5969, -1.8799], [124.5975, -1.8799], [124.5981, -1.8799], [124.5987, -1.8799], [124.5993, -1.8799], [124.5999, -1.8799], [124.5999, -1.8805], [124.6005, -1.8811], [124.6011, -1.8817], [124.6011, -1.8823], [124.6011, -1.8829], [124.6017, -1.8835], [124.6017, -1.8841], [124.6017, -1.8847], [124.6017, -1.8853], [124.6017, -1.8859], [124.6017, -1.8865], [124.6011, -1.8871], [124.6011, -1.8877], [124.6005, -1.8883], [124.6005, -1.8889], [124.5999, -1.8895], [124.5993, -1.8901], [124.5993, -1.8907], [124.5993, -1.8913], [124.5993, -1.8919], [124.5993, -1.8925], [124.5993, -1.8931], [124.5993, -1.8937], [124.5993, -1.8943], [124.5993, -1.8949], [124.5999, -1.8955], [124.5999, -1.8961], [124.5999, -1.8967], [124.5999, -1.8973], [124.6005, -1.8979], [124.6011, -1.8985], [124.6017, -1.8991], [124.6023, -1.8997], [124.6029, -1.9003], [124.6035, -1.9009], [124.6041, -1.9015], [124.6047, -1.9015], [124.6053, -1.9015], [124.6059, -1.9015], [124.6065, -1.9015], [124.6071, -1.9021], [124.6077, -1.9027], [124.6083, -1.9033], [124.6089, -1.9039], [124.6089, -1.9045], [124.6089, -1.9051], [124.6089, -1.9057], [124.6089, -1.9063], [124.6089, -1.9069], [124.6095, -1.9075], [124.6101, -1.9081], [124.6101, -1.9087], [124.6107, -1.9093], [124.6113, -1.9099], [124.6119, -1.9105], [124.6119, -1.9111], [124.6125, -1.9117], [124.6125, -1.9123], [124.6125, -1.9129], [124.6131, -1.9135], [124.6137, -1.9141], [124.6143, -1.9147], [124.6149, -1.9147], [124.6155, -1.9153], [124.6161, -1.9153], [124.6167, -1.9153], [124.6173, -1.9153], [124.6179, -1.9159], [124.6185, -1.9165], [124.6191, -1.9171], [124.6197, -1.9177], [124.6203, -1.9177], [124.6209, -1.9183], [124.6215, -1.9189], [124.6221, -1.9195], [124.6221, -1.9201], [124.6215, -1.9207], [124.6215, -1.9213], [124.6215, -1.9219], [124.6215, -1.9225], [124.6215, -1.9231], [124.6221, -1.9237], [124.6227, -1.9237], [124.6233, -1.9237], [124.6239, -1.9243], [124.6245, -1.9243], [124.6251, -1.9237], [124.6257, -1.9237], [124.6263, -1.9243], [124.6269, -1.9249], [124.6275, -1.9255], [124.6275, -1.9261], [124.6281, -1.9267], [124.6281, -1.9273], [124.6287, -1.9279], [124.6293, -1.9285], [124.6299, -1.9291], [124.6299, -1.9297], [124.6305, -1.9303], [124.6311, -1.9303], [124.6317, -1.9309], [124.6323, -1.9315], [124.6323, -1.9321], [124.6323, -1.9327], [124.6329, -1.9333], [124.6329, -1.9339], [124.6329, -1.9345], [124.6329, -1.9351], [124.6329, -1.9357], [124.6323, -1.9363], [124.6317, -1.9369], [124.6311, -1.9375], [124.6311, -1.9381], [124.6311, -1.9387], [124.6317, -1.9393], [124.6317, -1.9399], [124.6317, -1.9405], [124.6317, -1.9411], [124.6323, -1.9417], [124.6323, -1.9423], [124.6323, -1.9429], [124.6329, -1.9435], [124.6329, -1.9441], [124.6329, -1.9447], [124.6335, -1.9453], [124.6335, -1.9459], [124.6335, -1.9465], [124.6335, -1.9471], [124.6335, -1.9477], [124.6329, -1.9483], [124.6329, -1.9489], [124.6329, -1.9495], [124.6335, -1.9501], [124.6335, -1.9507], [124.6335, -1.9513], [124.6335, -1.9519], [124.6335, -1.9525], [124.6335, -1.9531], [124.6335, -1.9537], [124.6335, -1.9543], [124.6335, -1.9549], [124.6335, -1.9555], [124.6335, -1.9561], [124.6341, -1.9567], [124.6341, -1.9573], [124.6347, -1.9579], [124.6347, -1.9585], [124.6353, -1.9591], [124.6359, -1.9597], [124.6365, -1.9603], [124.6359, -1.9609], [124.6359, -1.9615], [124.6359, -1.9621], [124.6359, -1.9627], [124.6365, -1.9633], [124.6365, -1.9639], [124.6359, -1.9645], [124.6353, -1.9651], [124.6347, -1.9657], [124.6341, -1.9663], [124.6335, -1.9669], [124.6335, -1.9675], [124.6329, -1.9681], [124.6329, -1.9687], [124.6329, -1.9693], [124.6329, -1.9699], [124.6329, -1.9705], [124.6329, -1.9711], [124.6335, -1.9717], [124.6335, -1.9723], [124.6329, -1.9729], [124.6329, -1.9735], [124.6329, -1.9741], [124.6329, -1.9747], [124.6335, -1.9753], [124.6335, -1.9759], [124.6329, -1.9765], [124.6335, -1.9771], [124.6335, -1.9777], [124.6335, -1.9783], [124.6335, -1.9789], [124.6341, -1.9795], [124.6341, -1.9801], [124.6341, -1.9807], [124.6335, -1.9813], [124.6341, -1.9819], [124.6347, -1.9825], [124.6347, -1.9831], [124.6353, -1.9837], [124.6353, -1.9843], [124.6353, -1.9849], [124.6353, -1.9855], [124.6353, -1.9861]]}}, {"type": "Feature", "properties": {"source": "DEMNAS D8 derived", "thresholdCells": 2000}, "geometry": {"type": "LineString", "coordinates": [[124.9767, -1.8289], [124.9773, -1.8289], [124.9779, -1.8295], [124.9785, -1.8301], [124.9791, -1.8307], [124.9797, -1.8313], [124.9803, -1.8319], [124.9803, -1.8325], [124.9803, -1.8331], [124.9809, -1.8337], [124.9815, -1.8337], [124.9821, -1.8343], [124.9827, -1.8349], [124.9833, -1.8349], [124.9833, -1.8355], [124.9833, -1.8361], [124.9839, -1.8367], [124.9845, -1.8373], [124.9851, -1.8373], [124.9857, -1.8379], [124.9863, -1.8379], [124.9869, -1.8379], [124.9875, -1.8379], [124.9881, -1.8385], [124.9887, -1.8385], [124.9893, -1.8391], [124.9899, -1.8391], [124.9905, -1.8391], [124.9911, -1.8397], [124.9917, -1.8397], [124.9923, -1.8403], [124.9929, -1.8409], [124.9935, -1.8415], [124.9935, -1.8421], [124.9935, -1.8427], [124.9941, -1.8433], [124.9941, -1.8439], [124.9947, -1.8439], [124.9953, -1.8445], [124.9959, -1.8445], [124.9965, -1.8451], [124.9971, -1.8457], [124.9971, -1.8463], [124.9977, -1.8463], [124.9983, -1.8463], [124.9989, -1.8463], [124.9995, -1.8469], [124.9995, -1.8475], [125.0001, -1.8481], [125.0001, -1.8487], [125.0007, -1.8487], [125.0013, -1.8493], [125.0019, -1.8499], [125.0025, -1.8499], [125.0031, -1.8505], [125.0037, -1.8511], [125.0043, -1.8517], [125.0049, -1.8511], [125.0055, -1.8511], [125.0061, -1.8511], [125.0067, -1.8505], [125.0073, -1.8499], [125.0079, -1.8505], [125.0085, -1.8505], [125.0091, -1.8511], [125.0097, -1.8511], [125.0103, -1.8517], [125.0109, -1.8523], [125.0115, -1.8529], [125.0121, -1.8535], [125.0127, -1.8541], [125.0133, -1.8541], [125.0133, -1.8547], [125.0139, -1.8553], [125.0145, -1.8553], [125.0151, -1.8559], [125.0157, -1.8565], [125.0163, -1.8565], [125.0169, -1.8571], [125.0175, -1.8571], [125.0181, -1.8571], [125.0187, -1.8571], [125.0193, -1.8571], [125.0199, -1.8577], [125.0205, -1.8583], [125.0211, -1.8583], [125.0217, -1.8583], [125.0223, -1.8589], [125.0229, -1.8595], [125.0235, -1.8601], [125.0235, -1.8607], [125.0235, -1.8613], [125.0235, -1.8619], [125.0241, -1.8619], [125.0247, -1.8625], [125.0253, -1.8625], [125.0259, -1.8625], [125.0265, -1.8625], [125.0271, -1.8625], [125.0277, -1.8625], [125.0283, -1.8625], [125.0289, -1.8625], [125.0295, -1.8631], [125.0301, -1.8631], [125.0307, -1.8631], [125.0313, -1.8637], [125.0319, -1.8643], [125.0325, -1.8643], [125.0331, -1.8643], [125.0337, -1.8649], [125.0343, -1.8655], [125.0349, -1.8655], [125.0355, -1.8655], [125.0361, -1.8649], [125.0367, -1.8655], [125.0373, -1.8655], [125.0379, -1.8661], [125.0379, -1.8667], [125.0379, -1.8673], [125.0379, -1.8679], [125.0385, -1.8679], [125.0391, -1.8679], [125.0397, -1.8685], [125.0403, -1.8691], [125.0409, -1.8697], [125.0415, -1.8703], [125.0415, -1.8709], [125.0415, -1.8715], [125.0415, -1.8721], [125.0409, -1.8727], [125.0403, -1.8733], [125.0403, -1.8739], [125.0397, -1.8745], [125.0391, -1.8751], [125.0397, -1.8757], [125.0397, -1.8763], [125.0397, -1.8769], [125.0397, -1.8775], [125.0397, -1.8781], [125.0391, -1.8787], [125.0397, -1.8793], [125.0391, -1.8799], [125.0391, -1.8805], [125.0391, -1.8811], [125.0397, -1.8817], [125.0403, -1.8817], [125.0409, -1.8817], [125.0415, -1.8811], [125.0421, -1.8817], [125.0427, -1.8823], [125.0433, -1.8829], [125.0439, -1.8835], [125.0445, -1.8841], [125.0445, -1.8847], [125.0445, -1.8853], [125.0439, -1.8859]]}}, {"type": "Feature", "properties": {"source": "DEMNAS D8 derived", "thresholdCells": 2000}, "geometry": {"type": "LineString", "coordinates": [[125.2395, -1.8313], [125.2401, -1.8313], [125.2407, -1.8313], [125.2413, -1.8313], [125.2419, -1.8313], [125.2425, -1.8313], [125.2431, -1.8313], [125.2437, -1.8307], [125.2443, -1.8301], [125.2449, -1.8295], [125.2455, -1.8295], [125.2461, -1.8295], [125.2467, -1.8295], [125.2473, -1.8295], [125.2479, -1.8295], [125.2485, -1.8295], [125.2491, -1.8301], [125.2497, -1.8307], [125.2503, -1.8307], [125.2509, -1.8307], [125.2515, -1.8301], [125.2521, -1.8295], [125.2527, -1.8295], [125.2533, -1.8295], [125.2539, -1.8295], [125.2545, -1.8295], [125.2551, -1.8295], [125.2557, -1.8295], [125.2563, -1.8295], [125.2569, -1.8295], [125.2575, -1.8295], [125.2581, -1.8295], [125.2587, -1.8295], [125.2593, -1.8295], [125.2599, -1.8295], [125.2605, -1.8289], [125.2611, -1.8289], [125.2617, -1.8289], [125.2623, -1.8283], [125.2629, -1.8283], [125.2635, -1.8283], [125.2641, -1.8289], [125.2647, -1.8289], [125.2653, -1.8289], [125.2659, -1.8289], [125.2665, -1.8289], [125.2671, -1.8289], [125.2677, -1.8289], [125.2683, -1.8289], [125.2689, -1.8289], [125.2695, -1.8289], [125.2701, -1.8289], [125.2707, -1.8289], [125.2713, -1.8289], [125.2719, -1.8289], [125.2725, -1.8289], [125.2731, -1.8289], [125.2737, -1.8289], [125.2743, -1.8289], [125.2749, -1.8289], [125.2755, -1.8289], [125.2761, -1.8289], [125.2767, -1.8289], [125.2773, -1.8289], [125.2779, -1.8289], [125.2785, -1.8283], [125.2791, -1.8283], [125.2797, -1.8283], [125.2803, -1.8283], [125.2809, -1.8283], [125.2815, -1.8277], [125.2821, -1.8271], [125.2827, -1.8265], [125.2833, -1.8271], [125.2839, -1.8271], [125.2845, -1.8271], [125.2851, -1.8271], [125.2857, -1.8277], [125.2857, -1.8283], [125.2863, -1.8289], [125.2869, -1.8289], [125.2875, -1.8289], [125.2881, -1.8289], [125.2887, -1.8295], [125.2893, -1.8301], [125.2899, -1.8301], [125.2905, -1.8295], [125.2911, -1.8289], [125.2911, -1.8283], [125.2917, -1.8277], [125.2923, -1.8271], [125.2923, -1.8265], [125.2923, -1.8259], [125.2923, -1.8253], [125.2923, -1.8247], [125.2929, -1.8241], [125.2935, -1.8241], [125.2941, -1.8241], [125.2947, -1.8241], [125.2953, -1.8241], [125.2959, -1.8241], [125.2965, -1.8241], [125.2971, -1.8247], [125.2977, -1.8253], [125.2983, -1.8247], [125.2989, -1.8247], [125.2995, -1.8253], [125.3001, -1.8259], [125.3007, -1.8265], [125.3013, -1.8265], [125.3013, -1.8259], [125.3019, -1.8259], [125.3025, -1.8259], [125.3025, -1.8265], [125.3031, -1.8271]]}}, {"type": "Feature", "properties": {"source": "DEMNAS D8 derived", "thresholdCells": 2000}, "geometry": {"type": "LineString", "coordinates": [[124.4163, -1.8319], [124.4157, -1.8313], [124.4151, -1.8307], [124.4145, -1.8301], [124.4139, -1.8301], [124.4133, -1.8301], [124.4127, -1.8307], [124.4121, -1.8307], [124.4115, -1.8307], [124.4109, -1.8301], [124.4103, -1.8301], [124.4103, -1.8295], [124.4097, -1.8289], [124.4091, -1.8283], [124.4085, -1.8283], [124.4079, -1.8283], [124.4073, -1.8277], [124.4073, -1.8271], [124.4067, -1.8265], [124.4061, -1.8259], [124.4055, -1.8253], [124.4049, -1.8253], [124.4043, -1.8247], [124.4037, -1.8247], [124.4031, -1.8247], [124.4025, -1.8247], [124.4019, -1.8241], [124.4013, -1.8235], [124.4007, -1.8229], [124.4001, -1.8229], [124.3995, -1.8223], [124.3989, -1.8223], [124.3983, -1.8223], [124.3977, -1.8223], [124.3971, -1.8223], [124.3965, -1.8223], [124.3959, -1.8229], [124.3953, -1.8229], [124.3947, -1.8229], [124.3941, -1.8229], [124.3935, -1.8229], [124.3929, -1.8229], [124.3923, -1.8229], [124.3917, -1.8229], [124.3911, -1.8229], [124.3905, -1.8223], [124.3899, -1.8223], [124.3893, -1.8223], [124.3887, -1.8217], [124.3881, -1.8211], [124.3875, -1.8211], [124.3869, -1.8211], [124.3863, -1.8217], [124.3857, -1.8223], [124.3851, -1.8229], [124.3845, -1.8229], [124.3839, -1.8229], [124.3833, -1.8229], [124.3827, -1.8229], [124.3821, -1.8229], [124.3815, -1.8229], [124.3809, -1.8235], [124.3803, -1.8235], [124.3797, -1.8235], [124.3797, -1.8241], [124.3791, -1.8247], [124.3785, -1.8247], [124.3779, -1.8247], [124.3773, -1.8241], [124.3767, -1.8235], [124.3761, -1.8229], [124.3755, -1.8223], [124.3749, -1.8217], [124.3749, -1.8211], [124.3755, -1.8205], [124.3755, -1.8199], [124.3749, -1.8193], [124.3743, -1.8187], [124.3737, -1.8181], [124.3731, -1.8175], [124.3725, -1.8175], [124.3719, -1.8175], [124.3713, -1.8175], [124.3707, -1.8175], [124.3701, -1.8181], [124.3695, -1.8181], [124.3689, -1.8175], [124.3683, -1.8169], [124.3677, -1.8169], [124.3671, -1.8163], [124.3665, -1.8157], [124.3659, -1.8157], [124.3659, -1.8151], [124.3653, -1.8145], [124.3647, -1.8139], [124.3641, -1.8133], [124.3635, -1.8127], [124.3629, -1.8121], [124.3629, -1.8115], [124.3623, -1.8109], [124.3617, -1.8103], [124.3611, -1.8097], [124.3605, -1.8091], [124.3599, -1.8085], [124.3593, -1.8085], [124.3587, -1.8079], [124.3581, -1.8073], [124.3575, -1.8067], [124.3569, -1.8061], [124.3569, -1.8055], [124.3569, -1.8049], [124.3569, -1.8043], [124.3569, -1.8037], [124.3575, -1.8031], [124.3575, -1.8025], [124.3581, -1.8019], [124.3587, -1.8013], [124.3593, -1.8007], [124.3599, -1.8001], [124.3599, -1.7995], [124.3593, -1.7989], [124.3587, -1.7983], [124.3587, -1.7977], [124.3581, -1.7971], [124.3575, -1.7971], [124.3569, -1.7971], [124.3563, -1.7971], [124.3557, -1.7965], [124.3551, -1.7959], [124.3557, -1.7953], [124.3563, -1.7947], [124.3569, -1.7941], [124.3575, -1.7941], [124.3581, -1.7941], [124.3587, -1.7935], [124.3587, -1.7929], [124.3593, -1.7923], [124.3587, -1.7917], [124.3581, -1.7917]]}}, {"type": "Feature", "properties": {"source": "DEMNAS D8 derived", "thresholdCells": 2000}, "geometry": {"type": "LineString", "coordinates": [[124.8759, -1.8343], [124.8759, -1.8349], [124.8759, -1.8355], [124.8759, -1.8361], [124.8765, -1.8367], [124.8765, -1.8373], [124.8765, -1.8379], [124.8765, -1.8385], [124.8765, -1.8391], [124.8759, -1.8397], [124.8753, -1.8403], [124.8753, -1.8409], [124.8759, -1.8415], [124.8765, -1.8421], [124.8765, -1.8427], [124.8771, -1.8433], [124.8771, -1.8439], [124.8771, -1.8445], [124.8771, -1.8451], [124.8777, -1.8457], [124.8783, -1.8463], [124.8777, -1.8469], [124.8771, -1.8475], [124.8765, -1.8481], [124.8765, -1.8487], [124.8759, -1.8493], [124.8759, -1.8499], [124.8759, -1.8505], [124.8753, -1.8511], [124.8747, -1.8511], [124.8741, -1.8517], [124.8741, -1.8523], [124.8741, -1.8529], [124.8741, -1.8535], [124.8741, -1.8541], [124.8741, -1.8547], [124.8735, -1.8553], [124.8741, -1.8559], [124.8747, -1.8559], [124.8753, -1.8565], [124.8759, -1.8571], [124.8765, -1.8577], [124.8771, -1.8583], [124.8777, -1.8589], [124.8777, -1.8595], [124.8783, -1.8601], [124.8783, -1.8607], [124.8783, -1.8613], [124.8783, -1.8619], [124.8783, -1.8625], [124.8783, -1.8631], [124.8783, -1.8637], [124.8789, -1.8643], [124.8795, -1.8649], [124.8795, -1.8655], [124.8801, -1.8661], [124.8801, -1.8667], [124.8801, -1.8673], [124.8807, -1.8673], [124.8813, -1.8679], [124.8807, -1.8685], [124.8807, -1.8691], [124.8801, -1.8697], [124.8795, -1.8697], [124.8789, -1.8703], [124.8783, -1.8709], [124.8777, -1.8709], [124.8771, -1.8709], [124.8765, -1.8709], [124.8759, -1.8709], [124.8753, -1.8709], [124.8747, -1.8709], [124.8741, -1.8709], [124.8735, -1.8709], [124.8729, -1.8709], [124.8723, -1.8709], [124.8717, -1.8709], [124.8711, -1.8709], [124.8705, -1.8715], [124.8699, -1.8721], [124.8693, -1.8727], [124.8687, -1.8733], [124.8681, -1.8739], [124.8675, -1.8745], [124.8669, -1.8751], [124.8663, -1.8757], [124.8657, -1.8763], [124.8651, -1.8769], [124.8651, -1.8775], [124.8651, -1.8781], [124.8651, -1.8787], [124.8651, -1.8793], [124.8651, -1.8799], [124.8657, -1.8805], [124.8657, -1.8811], [124.8663, -1.8817], [124.8669, -1.8823], [124.8675, -1.8829], [124.8681, -1.8829], [124.8687, -1.8835], [124.8693, -1.8841], [124.8699, -1.8841], [124.8705, -1.8841], [124.8711, -1.8841], [124.8717, -1.8835], [124.8723, -1.8841], [124.8729, -1.8841], [124.8735, -1.8835], [124.8741, -1.8835], [124.8741, -1.8841], [124.8747, -1.8847], [124.8747, -1.8853], [124.8753, -1.8859], [124.8759, -1.8865], [124.8765, -1.8871], [124.8765, -1.8877], [124.8765, -1.8883], [124.8765, -1.8889], [124.8759, -1.8895], [124.8765, -1.8901], [124.8771, -1.8907], [124.8777, -1.8907], [124.8783, -1.8913], [124.8783, -1.8919], [124.8783, -1.8925], [124.8777, -1.8931], [124.8777, -1.8937], [124.8783, -1.8943], [124.8777, -1.8949], [124.8777, -1.8955]]}}, {"type": "Feature", "properties": {"source": "DEMNAS D8 derived", "thresholdCells": 2000}, "geometry": {"type": "LineString", "coordinates": [[124.6113, -1.8361], [124.6113, -1.8367], [124.6113, -1.8373], [124.6113, -1.8379], [124.6107, -1.8385], [124.6107, -1.8391], [124.6101, -1.8397], [124.6101, -1.8403], [124.6095, -1.8403], [124.6089, -1.8403], [124.6083, -1.8409], [124.6077, -1.8409], [124.6071, -1.8409], [124.6065, -1.8409], [124.6059, -1.8409], [124.6053, -1.8409], [124.6047, -1.8403], [124.6041, -1.8403], [124.6035, -1.8397], [124.6029, -1.8397], [124.6023, -1.8403], [124.6017, -1.8403], [124.6011, -1.8403], [124.6005, -1.8409], [124.5999, -1.8415], [124.5993, -1.8421], [124.5987, -1.8427], [124.5981, -1.8427], [124.5975, -1.8433], [124.5969, -1.8439], [124.5963, -1.8445], [124.5957, -1.8451], [124.5951, -1.8457], [124.5945, -1.8463], [124.5945, -1.8469], [124.5945, -1.8475], [124.5945, -1.8481], [124.5945, -1.8487], [124.5945, -1.8493], [124.5939, -1.8499], [124.5939, -1.8505], [124.5933, -1.8511], [124.5927, -1.8517], [124.5921, -1.8523], [124.5915, -1.8523], [124.5909, -1.8523], [124.5903, -1.8529], [124.5897, -1.8529], [124.5891, -1.8529], [124.5885, -1.8529], [124.5879, -1.8535], [124.5873, -1.8541], [124.5867, -1.8547], [124.5861, -1.8553], [124.5855, -1.8559], [124.5849, -1.8565], [124.5843, -1.8571], [124.5837, -1.8577], [124.5831, -1.8583], [124.5831, -1.8589], [124.5831, -1.8595], [124.5831, -1.8601], [124.5825, -1.8607], [124.5825, -1.8613], [124.5819, -1.8619], [124.5819, -1.8625], [124.5819, -1.8631], [124.5819, -1.8637], [124.5819, -1.8643], [124.5825, -1.8649], [124.5831, -1.8655], [124.5837, -1.8661], [124.5843, -1.8667], [124.5849, -1.8673], [124.5855, -1.8679], [124.5861, -1.8679], [124.5867, -1.8679], [124.5873, -1.8685], [124.5879, -1.8691], [124.5885, -1.8697], [124.5885, -1.8703], [124.5885, -1.8709], [124.5885, -1.8715], [124.5885, -1.8721], [124.5885, -1.8727], [124.5885, -1.8733], [124.5891, -1.8739], [124.5891, -1.8745], [124.5897, -1.8751], [124.5903, -1.8757], [124.5909, -1.8763], [124.5915, -1.8769], [124.5921, -1.8775], [124.5927, -1.8781], [124.5933, -1.8787], [124.5939, -1.8787], [124.5945, -1.8793], [124.5951, -1.8793], [124.5957, -1.8799], [124.5963, -1.8799], [124.5969, -1.8799], [124.5975, -1.8799], [124.5981, -1.8799], [124.5987, -1.8799], [124.5993, -1.8799], [124.5999, -1.8799], [124.5999, -1.8805], [124.6005, -1.8811], [124.6011, -1.8817], [124.6011, -1.8823], [124.6011, -1.8829], [124.6017, -1.8835], [124.6017, -1.8841], [124.6017, -1.8847], [124.6017, -1.8853], [124.6017, -1.8859], [124.6017, -1.8865], [124.6011, -1.8871], [124.6011, -1.8877], [124.6005, -1.8883], [124.6005, -1.8889], [124.5999, -1.8895], [124.5993, -1.8901], [124.5993, -1.8907], [124.5993, -1.8913], [124.5993, -1.8919], [124.5993, -1.8925], [124.5993, -1.8931], [124.5993, -1.8937], [124.5993, -1.8943], [124.5993, -1.8949], [124.5999, -1.8955], [124.5999, -1.8961], [124.5999, -1.8967], [124.5999, -1.8973], [124.6005, -1.8979], [124.6011, -1.8985], [124.6017, -1.8991], [124.6023, -1.8997], [124.6029, -1.9003], [124.6035, -1.9009], [124.6041, -1.9015], [124.6047, -1.9015], [124.6053, -1.9015], [124.6059, -1.9015], [124.6065, -1.9015], [124.6071, -1.9021], [124.6077, -1.9027], [124.6083, -1.9033], [124.6089, -1.9039], [124.6089, -1.9045], [124.6089, -1.9051], [124.6089, -1.9057], [124.6089, -1.9063], [124.6089, -1.9069], [124.6095, -1.9075], [124.6101, -1.9081], [124.6101, -1.9087], [124.6107, -1.9093], [124.6113, -1.9099], [124.6119, -1.9105], [124.6119, -1.9111], [124.6125, -1.9117], [124.6125, -1.9123], [124.6125, -1.9129], [124.6131, -1.9135], [124.6137, -1.9141], [124.6143, -1.9147], [124.6149, -1.9147], [124.6155, -1.9153], [124.6161, -1.9153], [124.6167, -1.9153], [124.6173, -1.9153], [124.6179, -1.9159], [124.6185, -1.9165], [124.6191, -1.9171], [124.6197, -1.9177], [124.6203, -1.9177], [124.6209, -1.9183], [124.6215, -1.9189], [124.6221, -1.9195], [124.6221, -1.9201], [124.6215, -1.9207], [124.6215, -1.9213], [124.6215, -1.9219], [124.6215, -1.9225], [124.6215, -1.9231], [124.6221, -1.9237], [124.6227, -1.9237], [124.6233, -1.9237], [124.6239, -1.9243], [124.6245, -1.9243], [124.6251, -1.9237], [124.6257, -1.9237], [124.6263, -1.9243], [124.6269, -1.9249], [124.6275, -1.9255], [124.6275, -1.9261], [124.6281, -1.9267], [124.6281, -1.9273], [124.6287, -1.9279], [124.6293, -1.9285], [124.6299, -1.9291], [124.6299, -1.9297], [124.6305, -1.9303], [124.6311, -1.9303], [124.6317, -1.9309], [124.6323, -1.9315], [124.6323, -1.9321], [124.6323, -1.9327], [124.6329, -1.9333], [124.6329, -1.9339], [124.6329, -1.9345], [124.6329, -1.9351], [124.6329, -1.9357], [124.6323, -1.9363], [124.6317, -1.9369], [124.6311, -1.9375], [124.6311, -1.9381], [124.6311, -1.9387], [124.6317, -1.9393], [124.6317, -1.9399], [124.6317, -1.9405], [124.6317, -1.9411], [124.6323, -1.9417], [124.6323, -1.9423], [124.6323, -1.9429], [124.6329, -1.9435], [124.6329, -1.9441], [124.6329, -1.9447], [124.6335, -1.9453], [124.6335, -1.9459], [124.6335, -1.9465], [124.6335, -1.9471], [124.6335, -1.9477], [124.6329, -1.9483], [124.6329, -1.9489], [124.6329, -1.9495], [124.6335, -1.9501], [124.6335, -1.9507], [124.6335, -1.9513], [124.6335, -1.9519], [124.6335, -1.9525], [124.6335, -1.9531], [124.6335, -1.9537], [124.6335, -1.9543], [124.6335, -1.9549], [124.6335, -1.9555], [124.6335, -1.9561], [124.6341, -1.9567], [124.6341, -1.9573], [124.6347, -1.9579], [124.6347, -1.9585], [124.6353, -1.9591], [124.6359, -1.9597], [124.6365, -1.9603], [124.6359, -1.9609], [124.6359, -1.9615], [124.6359, -1.9621], [124.6359, -1.9627], [124.6365, -1.9633], [124.6365, -1.9639], [124.6359, -1.9645], [124.6353, -1.9651], [124.6347, -1.9657], [124.6341, -1.9663], [124.6335, -1.9669], [124.6335, -1.9675], [124.6329, -1.9681], [124.6329, -1.9687], [124.6329, -1.9693], [124.6329, -1.9699], [124.6329, -1.9705], [124.6329, -1.9711], [124.6335, -1.9717], [124.6335, -1.9723], [124.6329, -1.9729], [124.6329, -1.9735], [124.6329, -1.9741], [124.6329, -1.9747], [124.6335, -1.9753], [124.6335, -1.9759], [124.6329, -1.9765], [124.6335, -1.9771], [124.6335, -1.9777], [124.6335, -1.9783], [124.6335, -1.9789], [124.6341, -1.9795], [124.6341, -1.9801], [124.6341, -1.9807], [124.6335, -1.9813], [124.6341, -1.9819], [124.6347, -1.9825], [124.6347, -1.9831], [124.6353, -1.9837], [124.6353, -1.9843], [124.6353, -1.9849], [124.6353, -1.9855], [124.6353, -1.9861]]}}, {"type": "Feature", "properties": {"source": "DEMNAS D8 derived", "thresholdCells": 2000}, "geometry": {"type": "LineString", "coordinates": [[124.5723, -1.8367], [124.5723, -1.8373], [124.5717, -1.8379], [124.5717, -1.8385], [124.5717, -1.8391], [124.5711, -1.8397], [124.5711, -1.8403], [124.5711, -1.8409], [124.5711, -1.8415], [124.5711, -1.8421], [124.5717, -1.8427], [124.5723, -1.8433], [124.5723, -1.8439], [124.5729, -1.8445], [124.5735, -1.8451], [124.5735, -1.8457], [124.5735, -1.8463], [124.5735, -1.8469], [124.5741, -1.8475], [124.5741, -1.8481], [124.5747, -1.8487], [124.5747, -1.8493], [124.5747, -1.8499], [124.5753, -1.8505], [124.5753, -1.8511], [124.5747, -1.8517], [124.5741, -1.8523], [124.5735, -1.8529], [124.5735, -1.8535], [124.5735, -1.8541], [124.5735, -1.8547], [124.5735, -1.8553], [124.5735, -1.8559], [124.5735, -1.8565], [124.5735, -1.8571], [124.5741, -1.8577], [124.5741, -1.8583], [124.5741, -1.8589], [124.5747, -1.8595], [124.5753, -1.8601], [124.5759, -1.8595], [124.5765, -1.8595], [124.5771, -1.8595], [124.5777, -1.8595], [124.5783, -1.8601], [124.5789, -1.8607], [124.5795, -1.8607], [124.5801, -1.8607], [124.5807, -1.8613], [124.5807, -1.8619], [124.5807, -1.8625], [124.5807, -1.8631], [124.5813, -1.8637], [124.5819, -1.8643], [124.5825, -1.8649], [124.5831, -1.8655], [124.5837, -1.8661], [124.5843, -1.8667], [124.5849, -1.8673], [124.5855, -1.8679], [124.5861, -1.8679], [124.5867, -1.8679], [124.5873, -1.8685], [124.5879, -1.8691], [124.5885, -1.8697], [124.5885, -1.8703], [124.5885, -1.8709], [124.5885, -1.8715], [124.5885, -1.8721], [124.5885, -1.8727], [124.5885, -1.8733], [124.5891, -1.8739], [124.5891, -1.8745], [124.5897, -1.8751], [124.5903, -1.8757], [124.5909, -1.8763], [124.5915, -1.8769], [124.5921, -1.8775], [124.5927, -1.8781], [124.5933, -1.8787], [124.5939, -1.8787], [124.5945, -1.8793], [124.5951, -1.8793], [124.5957, -1.8799], [124.5963, -1.8799], [124.5969, -1.8799], [124.5975, -1.8799], [124.5981, -1.8799], [124.5987, -1.8799], [124.5993, -1.8799], [124.5999, -1.8799], [124.5999, -1.8805], [124.6005, -1.8811], [124.6011, -1.8817], [124.6011, -1.8823], [124.6011, -1.8829], [124.6017, -1.8835], [124.6017, -1.8841], [124.6017, -1.8847], [124.6017, -1.8853], [124.6017, -1.8859], [124.6017, -1.8865], [124.6011, -1.8871], [124.6011, -1.8877], [124.6005, -1.8883], [124.6005, -1.8889], [124.5999, -1.8895], [124.5993, -1.8901], [124.5993, -1.8907], [124.5993, -1.8913], [124.5993, -1.8919], [124.5993, -1.8925], [124.5993, -1.8931], [124.5993, -1.8937], [124.5993, -1.8943], [124.5993, -1.8949], [124.5999, -1.8955], [124.5999, -1.8961], [124.5999, -1.8967], [124.5999, -1.8973], [124.6005, -1.8979], [124.6011, -1.8985], [124.6017, -1.8991], [124.6023, -1.8997], [124.6029, -1.9003], [124.6035, -1.9009], [124.6041, -1.9015], [124.6047, -1.9015], [124.6053, -1.9015], [124.6059, -1.9015], [124.6065, -1.9015], [124.6071, -1.9021], [124.6077, -1.9027], [124.6083, -1.9033], [124.6089, -1.9039], [124.6089, -1.9045], [124.6089, -1.9051], [124.6089, -1.9057], [124.6089, -1.9063], [124.6089, -1.9069], [124.6095, -1.9075], [124.6101, -1.9081], [124.6101, -1.9087], [124.6107, -1.9093], [124.6113, -1.9099], [124.6119, -1.9105], [124.6119, -1.9111], [124.6125, -1.9117], [124.6125, -1.9123], [124.6125, -1.9129], [124.6131, -1.9135], [124.6137, -1.9141], [124.6143, -1.9147], [124.6149, -1.9147], [124.6155, -1.9153], [124.6161, -1.9153], [124.6167, -1.9153], [124.6173, -1.9153], [124.6179, -1.9159], [124.6185, -1.9165], [124.6191, -1.9171], [124.6197, -1.9177], [124.6203, -1.9177], [124.6209, -1.9183], [124.6215, -1.9189], [124.6221, -1.9195], [124.6221, -1.9201], [124.6215, -1.9207], [124.6215, -1.9213], [124.6215, -1.9219], [124.6215, -1.9225], [124.6215, -1.9231], [124.6221, -1.9237], [124.6227, -1.9237], [124.6233, -1.9237], [124.6239, -1.9243], [124.6245, -1.9243], [124.6251, -1.9237], [124.6257, -1.9237], [124.6263, -1.9243], [124.6269, -1.9249], [124.6275, -1.9255], [124.6275, -1.9261], [124.6281, -1.9267], [124.6281, -1.9273], [124.6287, -1.9279], [124.6293, -1.9285], [124.6299, -1.9291], [124.6299, -1.9297], [124.6305, -1.9303], [124.6311, -1.9303], [124.6317, -1.9309], [124.6323, -1.9315], [124.6323, -1.9321], [124.6323, -1.9327], [124.6329, -1.9333], [124.6329, -1.9339], [124.6329, -1.9345], [124.6329, -1.9351], [124.6329, -1.9357], [124.6323, -1.9363], [124.6317, -1.9369], [124.6311, -1.9375], [124.6311, -1.9381], [124.6311, -1.9387], [124.6317, -1.9393], [124.6317, -1.9399], [124.6317, -1.9405], [124.6317, -1.9411], [124.6323, -1.9417], [124.6323, -1.9423], [124.6323, -1.9429], [124.6329, -1.9435], [124.6329, -1.9441], [124.6329, -1.9447], [124.6335, -1.9453], [124.6335, -1.9459], [124.6335, -1.9465], [124.6335, -1.9471], [124.6335, -1.9477], [124.6329, -1.9483], [124.6329, -1.9489], [124.6329, -1.9495], [124.6335, -1.9501], [124.6335, -1.9507], [124.6335, -1.9513], [124.6335, -1.9519], [124.6335, -1.9525], [124.6335, -1.9531], [124.6335, -1.9537], [124.6335, -1.9543], [124.6335, -1.9549], [124.6335, -1.9555], [124.6335, -1.9561], [124.6341, -1.9567], [124.6341, -1.9573], [124.6347, -1.9579], [124.6347, -1.9585], [124.6353, -1.9591], [124.6359, -1.9597], [124.6365, -1.9603], [124.6359, -1.9609], [124.6359, -1.9615], [124.6359, -1.9621], [124.6359, -1.9627], [124.6365, -1.9633], [124.6365, -1.9639], [124.6359, -1.9645], [124.6353, -1.9651], [124.6347, -1.9657], [124.6341, -1.9663], [124.6335, -1.9669], [124.6335, -1.9675], [124.6329, -1.9681], [124.6329, -1.9687], [124.6329, -1.9693], [124.6329, -1.9699], [124.6329, -1.9705], [124.6329, -1.9711], [124.6335, -1.9717], [124.6335, -1.9723], [124.6329, -1.9729], [124.6329, -1.9735], [124.6329, -1.9741], [124.6329, -1.9747], [124.6335, -1.9753], [124.6335, -1.9759], [124.6329, -1.9765], [124.6335, -1.9771], [124.6335, -1.9777], [124.6335, -1.9783], [124.6335, -1.9789], [124.6341, -1.9795], [124.6341, -1.9801], [124.6341, -1.9807], [124.6335, -1.9813], [124.6341, -1.9819], [124.6347, -1.9825], [124.6347, -1.9831], [124.6353, -1.9837], [124.6353, -1.9843], [124.6353, -1.9849], [124.6353, -1.9855], [124.6353, -1.9861]]}}, {"type": "Feature", "properties": {"source": "DEMNAS D8 derived", "thresholdCells": 2000}, "geometry": {"type": "LineString", "coordinates": [[124.8207, -1.8367], [124.8213, -1.8373], [124.8213, -1.8379], [124.8213, -1.8385], [124.8213, -1.8391], [124.8213, -1.8397], [124.8213, -1.8403], [124.8213, -1.8409], [124.8213, -1.8415], [124.8213, -1.8421], [124.8213, -1.8427], [124.8213, -1.8433], [124.8213, -1.8439], [124.8213, -1.8445], [124.8213, -1.8451], [124.8213, -1.8457], [124.8213, -1.8463], [124.8219, -1.8469], [124.8225, -1.8475], [124.8219, -1.8481], [124.8219, -1.8487], [124.8219, -1.8493], [124.8225, -1.8493], [124.8231, -1.8493], [124.8237, -1.8493], [124.8237, -1.8499], [124.8237, -1.8505], [124.8243, -1.8511], [124.8243, -1.8517], [124.8249, -1.8523], [124.8255, -1.8529], [124.8255, -1.8535], [124.8255, -1.8541], [124.8249, -1.8547], [124.8243, -1.8553], [124.8243, -1.8559], [124.8237, -1.8565], [124.8243, -1.8571], [124.8243, -1.8577], [124.8237, -1.8577], [124.8237, -1.8583], [124.8231, -1.8589], [124.8231, -1.8595], [124.8225, -1.8601], [124.8219, -1.8607], [124.8213, -1.8613], [124.8207, -1.8619], [124.8201, -1.8619], [124.8195, -1.8625], [124.8189, -1.8631], [124.8183, -1.8637], [124.8177, -1.8643], [124.8177, -1.8649], [124.8171, -1.8655], [124.8171, -1.8661], [124.8171, -1.8667], [124.8165, -1.8673], [124.8171, -1.8679], [124.8177, -1.8679], [124.8183, -1.8679], [124.8189, -1.8685], [124.8195, -1.8691], [124.8201, -1.8697], [124.8207, -1.8703], [124.8213, -1.8703], [124.8219, -1.8709], [124.8225, -1.8715], [124.8231, -1.8721], [124.8231, -1.8727], [124.8225, -1.8733], [124.8219, -1.8739], [124.8219, -1.8745], [124.8219, -1.8751], [124.8225, -1.8757], [124.8231, -1.8763], [124.8237, -1.8763], [124.8243, -1.8763], [124.8249, -1.8769], [124.8255, -1.8769], [124.8261, -1.8769], [124.8267, -1.8769], [124.8273, -1.8769], [124.8279, -1.8775], [124.8285, -1.8781], [124.8285, -1.8787], [124.8291, -1.8793], [124.8291, -1.8799], [124.8297, -1.8805], [124.8297, -1.8811], [124.8297, -1.8817], [124.8303, -1.8823], [124.8309, -1.8829], [124.8309, -1.8835], [124.8315, -1.8841], [124.8315, -1.8847], [124.8315, -1.8853], [124.8315, -1.8859], [124.8315, -1.8865], [124.8315, -1.8871], [124.8321, -1.8877], [124.8321, -1.8883], [124.8327, -1.8889], [124.8327, -1.8895], [124.8333, -1.8901], [124.8333, -1.8907], [124.8333, -1.8913], [124.8333, -1.8919], [124.8333, -1.8925]]}}, {"type": "Feature", "properties": {"source": "DEMNAS D8 derived", "thresholdCells": 2000}, "geometry": {"type": "LineString", "coordinates": [[125.3007, -1.8385], [125.3013, -1.8379], [125.3019, -1.8373], [125.3025, -1.8373], [125.3031, -1.8367], [125.3031, -1.8361], [125.3031, -1.8355], [125.3025, -1.8355], [125.3025, -1.8349], [125.3025, -1.8343], [125.3025, -1.8337], [125.3031, -1.8331], [125.3031, -1.8325], [125.3025, -1.8319], [125.3025, -1.8313], [125.3019, -1.8307], [125.3013, -1.8301], [125.3007, -1.8295], [125.3013, -1.8289], [125.3013, -1.8283], [125.3019, -1.8283], [125.3025, -1.8277], [125.3031, -1.8271]]}}, {"type": "Feature", "properties": {"source": "DEMNAS D8 derived", "thresholdCells": 2000}, "geometry": {"type": "LineString", "coordinates": [[124.9263, -1.8409], [124.9257, -1.8415], [124.9251, -1.8415], [124.9245, -1.8421], [124.9239, -1.8427], [124.9233, -1.8433], [124.9233, -1.8439], [124.9227, -1.8445], [124.9221, -1.8451], [124.9215, -1.8451], [124.9209, -1.8451], [124.9203, -1.8451], [124.9197, -1.8457], [124.9191, -1.8463], [124.9191, -1.8469], [124.9185, -1.8475], [124.9185, -1.8481], [124.9179, -1.8487], [124.9173, -1.8493], [124.9173, -1.8499], [124.9173, -1.8505], [124.9173, -1.8511], [124.9173, -1.8517], [124.9173, -1.8523], [124.9173, -1.8529], [124.9173, -1.8535], [124.9167, -1.8541], [124.9161, -1.8547], [124.9155, -1.8547], [124.9149, -1.8547], [124.9143, -1.8547], [124.9137, -1.8553], [124.9131, -1.8559], [124.9125, -1.8565], [124.9119, -1.8571], [124.9113, -1.8577], [124.9107, -1.8583], [124.9101, -1.8589], [124.9095, -1.8595], [124.9089, -1.8601], [124.9083, -1.8607], [124.9077, -1.8613], [124.9071, -1.8619], [124.9065, -1.8625], [124.9059, -1.8631], [124.9053, -1.8637], [124.9053, -1.8643], [124.9053, -1.8649], [124.9053, -1.8655], [124.9047, -1.8661], [124.9047, -1.8667], [124.9041, -1.8673], [124.9041, -1.8679], [124.9041, -1.8685], [124.9035, -1.8691], [124.9035, -1.8697], [124.9035, -1.8703], [124.9035, -1.8709], [124.9035, -1.8715], [124.9035, -1.8721], [124.9029, -1.8727], [124.9023, -1.8733], [124.9017, -1.8739], [124.9017, -1.8745], [124.9017, -1.8751], [124.9017, -1.8757], [124.9023, -1.8763], [124.9023, -1.8769], [124.9017, -1.8775], [124.9011, -1.8781], [124.9011, -1.8787], [124.9017, -1.8793], [124.9017, -1.8799], [124.9017, -1.8805], [124.9023, -1.8811], [124.9023, -1.8817], [124.9029, -1.8817], [124.9035, -1.8823], [124.9035, -1.8829], [124.9035, -1.8835], [124.9029, -1.8841], [124.9023, -1.8847], [124.9017, -1.8853], [124.9017, -1.8859], [124.9011, -1.8859], [124.9005, -1.8865], [124.9005, -1.8871], [124.8999, -1.8871], [124.8993, -1.8871], [124.8987, -1.8877], [124.8981, -1.8883], [124.8981, -1.8889], [124.8981, -1.8895], [124.8981, -1.8901], [124.8981, -1.8907], [124.8975, -1.8913], [124.8969, -1.8919], [124.8963, -1.8919], [124.8957, -1.8919], [124.8951, -1.8919], [124.8945, -1.8925], [124.8939, -1.8925], [124.8939, -1.8931], [124.8933, -1.8931], [124.8927, -1.8931], [124.8921, -1.8925], [124.8915, -1.8925], [124.8909, -1.8925], [124.8903, -1.8925], [124.8897, -1.8925], [124.8891, -1.8925], [124.8885, -1.8925], [124.8879, -1.8931], [124.8873, -1.8931], [124.8867, -1.8931], [124.8861, -1.8931], [124.8855, -1.8931], [124.8849, -1.8931], [124.8843, -1.8931], [124.8837, -1.8937], [124.8831, -1.8937], [124.8825, -1.8937], [124.8825, -1.8931], [124.8819, -1.8925], [124.8813, -1.8925], [124.8807, -1.8931], [124.8801, -1.8931], [124.8795, -1.8931], [124.8789, -1.8931], [124.8783, -1.8925], [124.8777, -1.8931], [124.8777, -1.8937], [124.8783, -1.8943], [124.8777, -1.8949], [124.8777, -1.8955]]}}, {"type": "Feature", "properties": {"source": "DEMNAS D8 derived", "thresholdCells": 2000}, "geometry": {"type": "LineString", "coordinates": [[125.0757, -1.8409], [125.0763, -1.8415], [125.0769, -1.8415], [125.0775, -1.8421], [125.0781, -1.8427], [125.0787, -1.8433], [125.0787, -1.8439], [125.0793, -1.8445], [125.0793, -1.8451], [125.0793, -1.8457], [125.0799, -1.8463], [125.0805, -1.8463], [125.0811, -1.8463], [125.0817, -1.8469], [125.0823, -1.8469], [125.0823, -1.8475], [125.0829, -1.8481], [125.0835, -1.8481], [125.0835, -1.8487], [125.0835, -1.8493], [125.0835, -1.8499], [125.0835, -1.8505], [125.0841, -1.8511], [125.0847, -1.8517], [125.0853, -1.8523], [125.0859, -1.8529], [125.0865, -1.8529], [125.0871, -1.8535], [125.0877, -1.8541], [125.0883, -1.8547], [125.0883, -1.8553], [125.0877, -1.8559], [125.0883, -1.8565], [125.0889, -1.8565], [125.0895, -1.8565], [125.0901, -1.8565], [125.0907, -1.8571], [125.0913, -1.8577], [125.0919, -1.8583], [125.0925, -1.8589], [125.0931, -1.8595], [125.0937, -1.8601], [125.0943, -1.8607], [125.0949, -1.8607], [125.0949, -1.8613], [125.0949, -1.8619], [125.0955, -1.8625], [125.0961, -1.8631], [125.0961, -1.8637], [125.0967, -1.8643], [125.0973, -1.8649], [125.0979, -1.8649], [125.0985, -1.8655], [125.0991, -1.8655], [125.0997, -1.8649], [125.1003, -1.8649], [125.1009, -1.8655], [125.1015, -1.8655], [125.1021, -1.8661], [125.1021, -1.8667], [125.1027, -1.8673], [125.1033, -1.8673], [125.1039, -1.8679], [125.1045, -1.8685], [125.1051, -1.8685], [125.1057, -1.8685], [125.1063, -1.8685], [125.1069, -1.8685], [125.1075, -1.8685], [125.1081, -1.8685], [125.1087, -1.8685], [125.1093, -1.8691], [125.1099, -1.8691], [125.1105, -1.8697], [125.1111, -1.8703], [125.1117, -1.8703], [125.1123, -1.8703], [125.1129, -1.8703], [125.1135, -1.8703], [125.1141, -1.8703], [125.1147, -1.8709], [125.1153, -1.8715], [125.1159, -1.8715], [125.1165, -1.8715], [125.1171, -1.8721], [125.1177, -1.8727], [125.1177, -1.8733], [125.1183, -1.8739], [125.1183, -1.8745], [125.1183, -1.8751], [125.1183, -1.8757], [125.1183, -1.8763], [125.1189, -1.8769], [125.1195, -1.8769], [125.1201, -1.8769], [125.1207, -1.8769], [125.1213, -1.8763], [125.1219, -1.8763], [125.1225, -1.8763], [125.1231, -1.8757], [125.1237, -1.8751], [125.1243, -1.8745], [125.1249, -1.8739], [125.1255, -1.8733], [125.1261, -1.8727], [125.1267, -1.8727], [125.1273, -1.8733], [125.1279, -1.8739], [125.1285, -1.8745]]}}, {"type": "Feature", "properties": {"source": "DEMNAS D8 derived", "thresholdCells": 2000}, "geometry": {"type": "LineString", "coordinates": [[124.7751, -1.8415], [124.7757, -1.8421], [124.7751, -1.8427], [124.7751, -1.8433], [124.7745, -1.8439], [124.7745, -1.8445], [124.7745, -1.8451], [124.7751, -1.8457], [124.7751, -1.8463], [124.7757, -1.8469], [124.7763, -1.8475], [124.7769, -1.8475], [124.7775, -1.8481], [124.7781, -1.8481], [124.7787, -1.8475], [124.7793, -1.8475], [124.7799, -1.8469], [124.7799, -1.8463], [124.7799, -1.8457], [124.7805, -1.8451], [124.7805, -1.8445], [124.7811, -1.8445], [124.7817, -1.8445], [124.7823, -1.8439], [124.7829, -1.8439], [124.7835, -1.8445], [124.7841, -1.8445], [124.7847, -1.8439], [124.7853, -1.8439], [124.7859, -1.8439], [124.7865, -1.8439], [124.7871, -1.8439], [124.7877, -1.8439], [124.7883, -1.8439], [124.7889, -1.8439], [124.7895, -1.8439], [124.7901, -1.8433], [124.7907, -1.8433], [124.7913, -1.8433], [124.7919, -1.8433], [124.7925, -1.8433], [124.7931, -1.8433], [124.7937, -1.8433], [124.7943, -1.8427], [124.7949, -1.8421], [124.7955, -1.8421], [124.7961, -1.8415], [124.7967, -1.8415], [124.7973, -1.8415], [124.7979, -1.8421], [124.7979, -1.8427], [124.7985, -1.8433], [124.7991, -1.8439], [124.7997, -1.8445], [124.8003, -1.8451], [124.8003, -1.8457], [124.8003, -1.8463], [124.8003, -1.8469], [124.8003, -1.8475], [124.8003, -1.8481], [124.8003, -1.8487], [124.8009, -1.8493], [124.8015, -1.8499], [124.8021, -1.8499], [124.8027, -1.8499], [124.8033, -1.8499], [124.8039, -1.8499], [124.8045, -1.8499], [124.8051, -1.8499], [124.8057, -1.8499], [124.8063, -1.8499], [124.8069, -1.8499], [124.8075, -1.8499], [124.8081, -1.8499], [124.8087, -1.8505], [124.8093, -1.8505], [124.8099, -1.8505], [124.8105, -1.8505], [124.8111, -1.8511], [124.8117, -1.8517], [124.8123, -1.8517], [124.8129, -1.8511], [124.8135, -1.8517], [124.8141, -1.8517], [124.8147, -1.8517], [124.8153, -1.8523], [124.8159, -1.8523], [124.8165, -1.8523], [124.8171, -1.8523], [124.8177, -1.8517], [124.8183, -1.8511], [124.8189, -1.8505], [124.8189, -1.8499], [124.8195, -1.8493], [124.8201, -1.8493], [124.8207, -1.8493], [124.8213, -1.8487], [124.8219, -1.8493], [124.8225, -1.8493], [124.8231, -1.8493], [124.8237, -1.8493], [124.8237, -1.8499], [124.8237, -1.8505], [124.8243, -1.8511], [124.8243, -1.8517], [124.8249, -1.8523], [124.8255, -1.8529], [124.8255, -1.8535], [124.8255, -1.8541], [124.8249, -1.8547], [124.8243, -1.8553], [124.8243, -1.8559], [124.8237, -1.8565], [124.8243, -1.8571], [124.8243, -1.8577], [124.8237, -1.8577], [124.8237, -1.8583], [124.8231, -1.8589], [124.8231, -1.8595], [124.8225, -1.8601], [124.8219, -1.8607], [124.8213, -1.8613], [124.8207, -1.8619], [124.8201, -1.8619], [124.8195, -1.8625], [124.8189, -1.8631], [124.8183, -1.8637], [124.8177, -1.8643], [124.8177, -1.8649], [124.8171, -1.8655], [124.8171, -1.8661], [124.8171, -1.8667], [124.8165, -1.8673], [124.8171, -1.8679], [124.8177, -1.8679], [124.8183, -1.8679], [124.8189, -1.8685], [124.8195, -1.8691], [124.8201, -1.8697], [124.8207, -1.8703], [124.8213, -1.8703], [124.8219, -1.8709], [124.8225, -1.8715], [124.8231, -1.8721], [124.8231, -1.8727], [124.8225, -1.8733], [124.8219, -1.8739], [124.8219, -1.8745], [124.8219, -1.8751], [124.8225, -1.8757], [124.8231, -1.8763], [124.8237, -1.8763], [124.8243, -1.8763], [124.8249, -1.8769], [124.8255, -1.8769], [124.8261, -1.8769], [124.8267, -1.8769], [124.8273, -1.8769], [124.8279, -1.8775], [124.8285, -1.8781], [124.8285, -1.8787], [124.8291, -1.8793], [124.8291, -1.8799], [124.8297, -1.8805], [124.8297, -1.8811], [124.8297, -1.8817], [124.8303, -1.8823], [124.8309, -1.8829], [124.8309, -1.8835], [124.8315, -1.8841], [124.8315, -1.8847], [124.8315, -1.8853], [124.8315, -1.8859], [124.8315, -1.8865], [124.8315, -1.8871], [124.8321, -1.8877], [124.8321, -1.8883], [124.8327, -1.8889], [124.8327, -1.8895], [124.8333, -1.8901], [124.8333, -1.8907], [124.8333, -1.8913], [124.8333, -1.8919], [124.8333, -1.8925]]}}, {"type": "Feature", "properties": {"source": "DEMNAS D8 derived", "thresholdCells": 2000}, "geometry": {"type": "LineString", "coordinates": [[125.0229, -1.8427], [125.0235, -1.8433], [125.0241, -1.8439], [125.0247, -1.8439], [125.0253, -1.8439], [125.0259, -1.8439], [125.0265, -1.8439], [125.0271, -1.8439], [125.0277, -1.8439], [125.0283, -1.8439], [125.0289, -1.8439], [125.0295, -1.8439], [125.0301, -1.8439], [125.0307, -1.8439], [125.0313, -1.8445], [125.0319, -1.8445], [125.0325, -1.8445], [125.0331, -1.8445], [125.0337, -1.8445], [125.0343, -1.8445], [125.0349, -1.8451], [125.0355, -1.8451], [125.0361, -1.8451], [125.0367, -1.8451], [125.0373, -1.8445], [125.0373, -1.8439], [125.0379, -1.8439], [125.0385, -1.8439], [125.0391, -1.8439], [125.0397, -1.8439], [125.0403, -1.8439], [125.0409, -1.8445], [125.0415, -1.8451], [125.0415, -1.8457], [125.0415, -1.8463], [125.0415, -1.8469], [125.0415, -1.8475], [125.0415, -1.8481], [125.0415, -1.8487], [125.0415, -1.8493], [125.0415, -1.8499], [125.0421, -1.8505], [125.0427, -1.8511], [125.0427, -1.8517], [125.0427, -1.8523], [125.0433, -1.8529], [125.0433, -1.8535], [125.0439, -1.8541], [125.0445, -1.8547], [125.0451, -1.8553], [125.0457, -1.8559], [125.0463, -1.8565], [125.0469, -1.8571], [125.0475, -1.8577], [125.0475, -1.8583], [125.0475, -1.8589], [125.0469, -1.8595], [125.0463, -1.8601], [125.0463, -1.8607], [125.0463, -1.8613], [125.0463, -1.8619], [125.0463, -1.8625], [125.0463, -1.8631], [125.0457, -1.8637], [125.0457, -1.8643], [125.0457, -1.8649], [125.0457, -1.8655], [125.0451, -1.8661], [125.0445, -1.8667], [125.0445, -1.8673], [125.0439, -1.8673], [125.0433, -1.8673], [125.0427, -1.8673], [125.0421, -1.8673], [125.0415, -1.8679], [125.0409, -1.8685], [125.0409, -1.8691], [125.0409, -1.8697], [125.0415, -1.8703], [125.0415, -1.8709], [125.0415, -1.8715], [125.0415, -1.8721], [125.0409, -1.8727], [125.0403, -1.8733], [125.0403, -1.8739], [125.0397, -1.8745], [125.0391, -1.8751], [125.0397, -1.8757], [125.0397, -1.8763], [125.0397, -1.8769], [125.0397, -1.8775], [125.0397, -1.8781], [125.0391, -1.8787], [125.0397, -1.8793], [125.0391, -1.8799], [125.0391, -1.8805], [125.0391, -1.8811], [125.0397, -1.8817], [125.0403, -1.8817], [125.0409, -1.8817], [125.0415, -1.8811], [125.0421, -1.8817], [125.0427, -1.8823], [125.0433, -1.8829], [125.0439, -1.8835], [125.0445, -1.8841], [125.0445, -1.8847], [125.0445, -1.8853], [125.0439, -1.8859]]}}, {"type": "Feature", "properties": {"source": "DEMNAS D8 derived", "thresholdCells": 2000}, "geometry": {"type": "LineString", "coordinates": [[125.1579, -1.8493], [125.1573, -1.8493], [125.1567, -1.8493], [125.1561, -1.8493], [125.1555, -1.8499], [125.1561, -1.8505], [125.1567, -1.8505], [125.1573, -1.8505], [125.1579, -1.8511], [125.1579, -1.8517], [125.1585, -1.8523], [125.1591, -1.8529], [125.1591, -1.8535], [125.1597, -1.8535], [125.1603, -1.8535], [125.1609, -1.8541], [125.1609, -1.8547], [125.1609, -1.8553], [125.1609, -1.8559], [125.1603, -1.8565], [125.1603, -1.8571], [125.1609, -1.8577], [125.1609, -1.8583], [125.1603, -1.8589], [125.1603, -1.8595], [125.1609, -1.8601], [125.1615, -1.8607], [125.1621, -1.8613], [125.1621, -1.8619], [125.1621, -1.8625], [125.1621, -1.8631], [125.1621, -1.8637], [125.1627, -1.8643], [125.1627, -1.8649], [125.1627, -1.8655], [125.1633, -1.8661], [125.1639, -1.8667], [125.1645, -1.8673], [125.1651, -1.8679], [125.1651, -1.8685], [125.1645, -1.8691], [125.1645, -1.8697], [125.1645, -1.8703], [125.1639, -1.8709], [125.1639, -1.8715], [125.1645, -1.8721], [125.1651, -1.8721], [125.1657, -1.8721], [125.1663, -1.8721], [125.1669, -1.8727], [125.1675, -1.8727], [125.1681, -1.8727], [125.1681, -1.8733], [125.1681, -1.8739]]}}, {"type": "Feature", "properties": {"source": "DEMNAS D8 derived", "thresholdCells": 2000}, "geometry": {"type": "LineString", "coordinates": [[124.7469, -1.8517], [124.7463, -1.8523], [124.7463, -1.8529], [124.7457, -1.8535], [124.7451, -1.8541], [124.7445, -1.8541], [124.7439, -1.8547], [124.7439, -1.8553], [124.7439, -1.8559], [124.7445, -1.8565], [124.7439, -1.8571], [124.7439, -1.8577], [124.7439, -1.8583], [124.7439, -1.8589], [124.7433, -1.8589], [124.7427, -1.8595], [124.7427, -1.8601], [124.7421, -1.8607], [124.7415, -1.8613], [124.7409, -1.8613], [124.7403, -1.8619], [124.7397, -1.8619], [124.7391, -1.8625], [124.7385, -1.8625], [124.7379, -1.8625], [124.7373, -1.8631], [124.7373, -1.8637], [124.7373, -1.8643], [124.7373, -1.8649], [124.7367, -1.8655], [124.7367, -1.8661], [124.7361, -1.8667], [124.7355, -1.8673], [124.7355, -1.8679], [124.7361, -1.8685], [124.7355, -1.8691], [124.7355, -1.8697], [124.7349, -1.8703], [124.7343, -1.8703], [124.7343, -1.8709], [124.7337, -1.8715], [124.7331, -1.8721], [124.7325, -1.8727], [124.7319, -1.8733], [124.7313, -1.8739], [124.7313, -1.8745], [124.7313, -1.8751], [124.7313, -1.8757], [124.7307, -1.8763], [124.7313, -1.8769], [124.7313, -1.8775], [124.7319, -1.8781], [124.7325, -1.8787], [124.7325, -1.8793], [124.7325, -1.8799], [124.7325, -1.8805], [124.7331, -1.8811], [124.7331, -1.8817], [124.7337, -1.8823], [124.7343, -1.8829], [124.7343, -1.8835], [124.7343, -1.8841], [124.7349, -1.8847], [124.7355, -1.8853], [124.7361, -1.8859], [124.7367, -1.8859], [124.7373, -1.8859], [124.7379, -1.8859], [124.7385, -1.8859], [124.7391, -1.8865], [124.7397, -1.8865], [124.7403, -1.8871], [124.7409, -1.8877], [124.7415, -1.8883], [124.7421, -1.8889], [124.7427, -1.8895], [124.7433, -1.8895], [124.7439, -1.8901], [124.7445, -1.8907], [124.7451, -1.8907], [124.7457, -1.8913], [124.7463, -1.8913], [124.7469, -1.8919], [124.7475, -1.8925], [124.7475, -1.8931], [124.7475, -1.8937], [124.7475, -1.8943], [124.7475, -1.8949], [124.7475, -1.8955], [124.7475, -1.8961], [124.7469, -1.8967], [124.7469, -1.8973], [124.7475, -1.8979], [124.7475, -1.8985], [124.7475, -1.8991], [124.7475, -1.8997], [124.7481, -1.9003], [124.7481, -1.9009], [124.7487, -1.9015], [124.7487, -1.9021], [124.7487, -1.9027], [124.7487, -1.9033], [124.7481, -1.9039], [124.7481, -1.9045], [124.7481, -1.9051], [124.7487, -1.9057], [124.7487, -1.9063], [124.7487, -1.9069], [124.7493, -1.9075], [124.7499, -1.9081], [124.7499, -1.9087], [124.7505, -1.9087], [124.7511, -1.9093], [124.7517, -1.9099], [124.7523, -1.9105], [124.7529, -1.9111], [124.7535, -1.9117], [124.7535, -1.9123], [124.7529, -1.9129], [124.7529, -1.9135], [124.7529, -1.9141], [124.7529, -1.9147], [124.7529, -1.9153], [124.7529, -1.9159], [124.7529, -1.9165], [124.7529, -1.9171], [124.7529, -1.9177], [124.7529, -1.9183], [124.7535, -1.9189], [124.7541, -1.9195]]}}, {"type": "Feature", "properties": {"source": "DEMNAS D8 derived", "thresholdCells": 2000}, "geometry": {"type": "LineString", "coordinates": [[124.7391, -1.8535], [124.7397, -1.8541], [124.7403, -1.8541], [124.7409, -1.8547], [124.7415, -1.8547], [124.7421, -1.8553], [124.7421, -1.8559], [124.7421, -1.8565], [124.7421, -1.8571], [124.7421, -1.8577], [124.7415, -1.8583], [124.7409, -1.8589], [124.7409, -1.8595], [124.7403, -1.8595], [124.7397, -1.8601], [124.7403, -1.8607], [124.7403, -1.8613], [124.7403, -1.8619], [124.7397, -1.8619], [124.7391, -1.8625], [124.7385, -1.8625], [124.7379, -1.8625], [124.7373, -1.8631], [124.7373, -1.8637], [124.7373, -1.8643], [124.7373, -1.8649], [124.7367, -1.8655], [124.7367, -1.8661], [124.7361, -1.8667], [124.7355, -1.8673], [124.7355, -1.8679], [124.7361, -1.8685], [124.7355, -1.8691], [124.7355, -1.8697], [124.7349, -1.8703], [124.7343, -1.8703], [124.7343, -1.8709], [124.7337, -1.8715], [124.7331, -1.8721], [124.7325, -1.8727], [124.7319, -1.8733], [124.7313, -1.8739], [124.7313, -1.8745], [124.7313, -1.8751], [124.7313, -1.8757], [124.7307, -1.8763], [124.7313, -1.8769], [124.7313, -1.8775], [124.7319, -1.8781], [124.7325, -1.8787], [124.7325, -1.8793], [124.7325, -1.8799], [124.7325, -1.8805], [124.7331, -1.8811], [124.7331, -1.8817], [124.7337, -1.8823], [124.7343, -1.8829], [124.7343, -1.8835], [124.7343, -1.8841], [124.7349, -1.8847], [124.7355, -1.8853], [124.7361, -1.8859], [124.7367, -1.8859], [124.7373, -1.8859], [124.7379, -1.8859], [124.7385, -1.8859], [124.7391, -1.8865], [124.7397, -1.8865], [124.7403, -1.8871], [124.7409, -1.8877], [124.7415, -1.8883], [124.7421, -1.8889], [124.7427, -1.8895], [124.7433, -1.8895], [124.7439, -1.8901], [124.7445, -1.8907], [124.7451, -1.8907], [124.7457, -1.8913], [124.7463, -1.8913], [124.7469, -1.8919], [124.7475, -1.8925], [124.7475, -1.8931], [124.7475, -1.8937], [124.7475, -1.8943], [124.7475, -1.8949], [124.7475, -1.8955], [124.7475, -1.8961], [124.7469, -1.8967], [124.7469, -1.8973], [124.7475, -1.8979], [124.7475, -1.8985], [124.7475, -1.8991], [124.7475, -1.8997], [124.7481, -1.9003], [124.7481, -1.9009], [124.7487, -1.9015], [124.7487, -1.9021], [124.7487, -1.9027], [124.7487, -1.9033], [124.7481, -1.9039], [124.7481, -1.9045], [124.7481, -1.9051], [124.7487, -1.9057], [124.7487, -1.9063], [124.7487, -1.9069], [124.7493, -1.9075], [124.7499, -1.9081], [124.7499, -1.9087], [124.7505, -1.9087], [124.7511, -1.9093], [124.7517, -1.9099], [124.7523, -1.9105], [124.7529, -1.9111], [124.7535, -1.9117], [124.7535, -1.9123], [124.7529, -1.9129], [124.7529, -1.9135], [124.7529, -1.9141], [124.7529, -1.9147], [124.7529, -1.9153], [124.7529, -1.9159], [124.7529, -1.9165], [124.7529, -1.9171], [124.7529, -1.9177], [124.7529, -1.9183], [124.7535, -1.9189], [124.7541, -1.9195]]}}, {"type": "Feature", "properties": {"source": "DEMNAS D8 derived", "thresholdCells": 2000}, "geometry": {"type": "LineString", "coordinates": [[124.4637, -1.8559], [124.4637, -1.8565], [124.4643, -1.8571], [124.4643, -1.8577], [124.4643, -1.8583], [124.4643, -1.8589], [124.4643, -1.8595], [124.4637, -1.8601], [124.4631, -1.8607], [124.4631, -1.8613], [124.4625, -1.8619], [124.4625, -1.8625], [124.4625, -1.8631], [124.4619, -1.8637], [124.4619, -1.8643], [124.4619, -1.8649], [124.4619, -1.8655], [124.4619, -1.8661], [124.4619, -1.8667], [124.4619, -1.8673], [124.4613, -1.8679], [124.4613, -1.8685], [124.4613, -1.8691], [124.4613, -1.8697], [124.4619, -1.8703], [124.4625, -1.8709], [124.4625, -1.8715], [124.4625, -1.8721], [124.4625, -1.8727], [124.4625, -1.8733], [124.4625, -1.8739], [124.4619, -1.8745], [124.4619, -1.8751], [124.4619, -1.8757], [124.4619, -1.8763], [124.4619, -1.8769], [124.4619, -1.8775], [124.4619, -1.8781], [124.4619, -1.8787], [124.4619, -1.8793], [124.4619, -1.8799], [124.4625, -1.8805], [124.4625, -1.8811], [124.4625, -1.8817], [124.4631, -1.8823], [124.4631, -1.8829], [124.4625, -1.8835], [124.4625, -1.8841], [124.4631, -1.8847], [124.4631, -1.8853], [124.4631, -1.8859], [124.4637, -1.8865], [124.4637, -1.8871], [124.4637, -1.8877], [124.4637, -1.8883], [124.4631, -1.8889], [124.4631, -1.8895], [124.4631, -1.8901], [124.4637, -1.8907], [124.4637, -1.8913], [124.4643, -1.8919], [124.4643, -1.8925], [124.4649, -1.8931], [124.4655, -1.8937], [124.4661, -1.8943], [124.4667, -1.8949], [124.4673, -1.8955], [124.4679, -1.8955], [124.4685, -1.8961], [124.4691, -1.8967], [124.4691, -1.8973], [124.4697, -1.8979], [124.4703, -1.8985], [124.4709, -1.8991], [124.4715, -1.8997], [124.4721, -1.9003], [124.4727, -1.9003], [124.4733, -1.9003], [124.4739, -1.8997], [124.4745, -1.8997], [124.4745, -1.9003], [124.4745, -1.9009], [124.4745, -1.9015], [124.4745, -1.9021], [124.4751, -1.9021], [124.4757, -1.9027], [124.4763, -1.9033], [124.4763, -1.9039], [124.4763, -1.9045], [124.4763, -1.9051], [124.4769, -1.9057], [124.4775, -1.9063], [124.4781, -1.9069], [124.4787, -1.9069], [124.4793, -1.9069], [124.4799, -1.9069], [124.4805, -1.9069], [124.4811, -1.9069], [124.4817, -1.9069], [124.4823, -1.9069], [124.4829, -1.9075], [124.4835, -1.9081], [124.4835, -1.9087], [124.4841, -1.9093], [124.4847, -1.9093], [124.4853, -1.9093], [124.4859, -1.9099], [124.4865, -1.9099], [124.4865, -1.9105], [124.4865, -1.9111], [124.4865, -1.9117], [124.4871, -1.9123], [124.4877, -1.9123], [124.4883, -1.9123], [124.4889, -1.9117], [124.4895, -1.9117], [124.4901, -1.9123], [124.4907, -1.9129], [124.4913, -1.9129], [124.4919, -1.9135], [124.4925, -1.9135], [124.4925, -1.9141], [124.4931, -1.9141], [124.4937, -1.9147], [124.4943, -1.9153], [124.4949, -1.9153], [124.4955, -1.9159], [124.4961, -1.9165], [124.4967, -1.9165], [124.4973, -1.9171], [124.4979, -1.9177], [124.4985, -1.9183], [124.4985, -1.9189], [124.4991, -1.9195], [124.4991, -1.9201], [124.4991, -1.9207], [124.4991, -1.9213], [124.4991, -1.9219], [124.4997, -1.9225], [124.5003, -1.9231], [124.5003, -1.9237], [124.5009, -1.9243], [124.5015, -1.9237], [124.5021, -1.9243], [124.5021, -1.9249], [124.5021, -1.9255], [124.5027, -1.9261], [124.5027, -1.9267], [124.5021, -1.9273], [124.5027, -1.9279], [124.5033, -1.9285], [124.5033, -1.9291], [124.5033, -1.9297], [124.5039, -1.9303], [124.5045, -1.9309], [124.5045, -1.9315], [124.5045, -1.9321], [124.5045, -1.9327], [124.5045, -1.9333], [124.5051, -1.9339], [124.5057, -1.9345], [124.5063, -1.9351], [124.5069, -1.9351], [124.5069, -1.9357], [124.5069, -1.9363], [124.5069, -1.9369], [124.5075, -1.9375], [124.5075, -1.9381], [124.5081, -1.9387], [124.5087, -1.9387], [124.5093, -1.9393], [124.5099, -1.9399], [124.5105, -1.9399], [124.5111, -1.9399], [124.5117, -1.9405], [124.5123, -1.9411], [124.5123, -1.9417], [124.5123, -1.9423], [124.5129, -1.9429], [124.5135, -1.9435], [124.5141, -1.9435], [124.5147, -1.9435], [124.5153, -1.9441], [124.5153, -1.9447], [124.5159, -1.9453], [124.5159, -1.9459], [124.5159, -1.9465], [124.5159, -1.9471], [124.5165, -1.9477], [124.5165, -1.9483], [124.5171, -1.9489], [124.5177, -1.9495], [124.5177, -1.9501], [124.5183, -1.9507], [124.5183, -1.9513], [124.5189, -1.9519], [124.5195, -1.9525], [124.5201, -1.9531], [124.5207, -1.9537], [124.5213, -1.9537], [124.5219, -1.9543], [124.5225, -1.9549], [124.5231, -1.9549], [124.5237, -1.9549], [124.5243, -1.9549], [124.5249, -1.9555], [124.5255, -1.9561], [124.5261, -1.9561], [124.5267, -1.9561], [124.5273, -1.9567], [124.5279, -1.9567], [124.5285, -1.9567], [124.5291, -1.9573], [124.5297, -1.9579], [124.5303, -1.9579], [124.5309, -1.9579], [124.5315, -1.9579], [124.5321, -1.9579], [124.5327, -1.9573], [124.5333, -1.9579], [124.5339, -1.9585], [124.5345, -1.9591], [124.5351, -1.9597], [124.5357, -1.9603], [124.5363, -1.9597], [124.5369, -1.9591], [124.5375, -1.9597], [124.5381, -1.9597], [124.5387, -1.9597], [124.5393, -1.9597], [124.5399, -1.9597], [124.5405, -1.9597], [124.5411, -1.9597], [124.5417, -1.9591], [124.5423, -1.9591], [124.5429, -1.9585], [124.5435, -1.9579], [124.5441, -1.9585], [124.5447, -1.9591], [124.5453, -1.9597], [124.5453, -1.9603], [124.5459, -1.9603], [124.5465, -1.9603], [124.5471, -1.9603], [124.5477, -1.9603], [124.5483, -1.9609], [124.5489, -1.9609], [124.5495, -1.9615], [124.5501, -1.9615], [124.5507, -1.9615], [124.5513, -1.9615], [124.5519, -1.9615], [124.5525, -1.9609], [124.5531, -1.9603], [124.5537, -1.9597], [124.5543, -1.9591], [124.5543, -1.9585], [124.5549, -1.9579], [124.5555, -1.9573], [124.5561, -1.9567], [124.5567, -1.9561], [124.5573, -1.9555], [124.5579, -1.9549], [124.5585, -1.9549], [124.5591, -1.9543], [124.5597, -1.9537], [124.5603, -1.9537], [124.5609, -1.9531], [124.5615, -1.9531], [124.5621, -1.9531], [124.5627, -1.9531], [124.5633, -1.9537], [124.5639, -1.9543], [124.5645, -1.9549], [124.5651, -1.9555], [124.5657, -1.9561], [124.5657, -1.9567], [124.5657, -1.9573], [124.5657, -1.9579], [124.5663, -1.9585], [124.5663, -1.9591], [124.5669, -1.9597], [124.5675, -1.9603], [124.5675, -1.9609], [124.5681, -1.9615], [124.5681, -1.9621], [124.5681, -1.9627], [124.5675, -1.9633], [124.5681, -1.9639], [124.5681, -1.9645], [124.5681, -1.9651], [124.5687, -1.9657], [124.5693, -1.9663], [124.5693, -1.9669], [124.5693, -1.9675], [124.5693, -1.9681], [124.5699, -1.9687], [124.5699, -1.9693], [124.5699, -1.9699], [124.5699, -1.9705], [124.5699, -1.9711], [124.5699, -1.9717], [124.5699, -1.9723], [124.5699, -1.9729], [124.5699, -1.9735], [124.5699, -1.9741], [124.5699, -1.9747], [124.5699, -1.9753], [124.5699, -1.9759], [124.5699, -1.9765], [124.5699, -1.9771], [124.5699, -1.9777], [124.5699, -1.9783], [124.5699, -1.9789], [124.5699, -1.9795], [124.5699, -1.9801], [124.5699, -1.9807], [124.5699, -1.9813], [124.5699, -1.9819], [124.5705, -1.9825], [124.5711, -1.9819], [124.5717, -1.9819], [124.5723, -1.9813], [124.5729, -1.9807], [124.5735, -1.9807], [124.5741, -1.9801], [124.5747, -1.9801], [124.5753, -1.9801], [124.5759, -1.9801], [124.5765, -1.9807], [124.5771, -1.9813], [124.5771, -1.9819], [124.5777, -1.9825], [124.5777, -1.9831], [124.5783, -1.9837], [124.5789, -1.9843], [124.5789, -1.9849], [124.5789, -1.9855], [124.5795, -1.9861], [124.5801, -1.9867], [124.5807, -1.9873], [124.5807, -1.9879], [124.5813, -1.9885], [124.5813, -1.9891], [124.5819, -1.9897], [124.5819, -1.9903], [124.5819, -1.9909], [124.5825, -1.9915], [124.5825, -1.9921], [124.5825, -1.9927], [124.5819, -1.9933], [124.5813, -1.9933], [124.5807, -1.9927], [124.5801, -1.9927], [124.5795, -1.9933], [124.5795, -1.9939], [124.5795, -1.9945], [124.5795, -1.9951], [124.5795, -1.9957], [124.5795, -1.9963], [124.5801, -1.9969], [124.5801, -1.9975], [124.5807, -1.9981], [124.5807, -1.9987]]}}, {"type": "Feature", "properties": {"source": "DEMNAS D8 derived", "thresholdCells": 2000}, "geometry": {"type": "LineString", "coordinates": [[124.8825, -1.8637], [124.8831, -1.8643], [124.8831, -1.8649], [124.8837, -1.8655], [124.8831, -1.8661], [124.8831, -1.8667], [124.8825, -1.8673], [124.8819, -1.8679], [124.8813, -1.8679], [124.8807, -1.8685], [124.8807, -1.8691], [124.8801, -1.8697], [124.8795, -1.8697], [124.8789, -1.8703], [124.8783, -1.8709], [124.8777, -1.8709], [124.8771, -1.8709], [124.8765, -1.8709], [124.8759, -1.8709], [124.8753, -1.8709], [124.8747, -1.8709], [124.8741, -1.8709], [124.8735, -1.8709], [124.8729, -1.8709], [124.8723, -1.8709], [124.8717, -1.8709], [124.8711, -1.8709], [124.8705, -1.8715], [124.8699, -1.8721], [124.8693, -1.8727], [124.8687, -1.8733], [124.8681, -1.8739], [124.8675, -1.8745], [124.8669, -1.8751], [124.8663, -1.8757], [124.8657, -1.8763], [124.8651, -1.8769], [124.8651, -1.8775], [124.8651, -1.8781], [124.8651, -1.8787], [124.8651, -1.8793], [124.8651, -1.8799], [124.8657, -1.8805], [124.8657, -1.8811], [124.8663, -1.8817], [124.8669, -1.8823], [124.8675, -1.8829], [124.8681, -1.8829], [124.8687, -1.8835], [124.8693, -1.8841], [124.8699, -1.8841], [124.8705, -1.8841], [124.8711, -1.8841], [124.8717, -1.8835], [124.8723, -1.8841], [124.8729, -1.8841], [124.8735, -1.8835], [124.8741, -1.8835], [124.8741, -1.8841], [124.8747, -1.8847], [124.8747, -1.8853], [124.8753, -1.8859], [124.8759, -1.8865], [124.8765, -1.8871], [124.8765, -1.8877], [124.8765, -1.8883], [124.8765, -1.8889], [124.8759, -1.8895], [124.8765, -1.8901], [124.8771, -1.8907], [124.8777, -1.8907], [124.8783, -1.8913], [124.8783, -1.8919], [124.8783, -1.8925], [124.8777, -1.8931], [124.8777, -1.8937], [124.8783, -1.8943], [124.8777, -1.8949], [124.8777, -1.8955]]}}, {"type": "Feature", "properties": {"source": "DEMNAS D8 derived", "thresholdCells": 2000}, "geometry": {"type": "LineString", "coordinates": [[125.0073, -1.8649], [125.0073, -1.8655], [125.0079, -1.8661], [125.0079, -1.8667], [125.0085, -1.8673], [125.0091, -1.8679], [125.0097, -1.8685], [125.0097, -1.8691], [125.0097, -1.8697], [125.0103, -1.8703], [125.0109, -1.8703], [125.0115, -1.8703], [125.0121, -1.8709], [125.0127, -1.8715], [125.0133, -1.8715], [125.0139, -1.8721], [125.0145, -1.8727], [125.0151, -1.8733], [125.0157, -1.8739], [125.0163, -1.8739], [125.0169, -1.8739], [125.0169, -1.8745], [125.0169, -1.8751], [125.0169, -1.8757], [125.0175, -1.8763], [125.0175, -1.8769], [125.0181, -1.8775], [125.0187, -1.8781], [125.0193, -1.8787], [125.0187, -1.8793], [125.0187, -1.8799], [125.0187, -1.8805], [125.0193, -1.8805], [125.0199, -1.8811], [125.0205, -1.8817], [125.0211, -1.8823], [125.0217, -1.8829], [125.0223, -1.8835], [125.0229, -1.8841], [125.0235, -1.8841], [125.0241, -1.8847], [125.0247, -1.8853], [125.0247, -1.8859], [125.0247, -1.8865], [125.0253, -1.8871], [125.0259, -1.8871], [125.0259, -1.8877], [125.0259, -1.8883], [125.0253, -1.8889], [125.0253, -1.8895], [125.0253, -1.8901], [125.0259, -1.8901], [125.0265, -1.8895], [125.0271, -1.8901], [125.0277, -1.8901]]}}, {"type": "Feature", "properties": {"source": "DEMNAS D8 derived", "thresholdCells": 2000}, "geometry": {"type": "LineString", "coordinates": [[124.5081, -1.8661], [124.5081, -1.8667], [124.5081, -1.8673], [124.5081, -1.8679], [124.5081, -1.8685], [124.5081, -1.8691], [124.5081, -1.8697], [124.5081, -1.8703], [124.5081, -1.8709], [124.5087, -1.8715], [124.5087, -1.8721], [124.5093, -1.8727], [124.5093, -1.8733], [124.5099, -1.8739], [124.5105, -1.8745], [124.5105, -1.8751], [124.5105, -1.8757], [124.5105, -1.8763], [124.5111, -1.8769], [124.5111, -1.8775], [124.5117, -1.8781], [124.5123, -1.8787], [124.5123, -1.8793], [124.5123, -1.8799], [124.5123, -1.8805], [124.5123, -1.8811], [124.5123, -1.8817], [124.5123, -1.8823], [124.5123, -1.8829], [124.5123, -1.8835], [124.5123, -1.8841], [124.5123, -1.8847], [124.5123, -1.8853], [124.5123, -1.8859], [124.5123, -1.8865], [124.5123, -1.8871], [124.5129, -1.8877], [124.5129, -1.8883], [124.5129, -1.8889], [124.5129, -1.8895], [124.5135, -1.8901], [124.5135, -1.8907], [124.5135, -1.8913], [124.5135, -1.8919], [124.5135, -1.8925], [124.5135, -1.8931], [124.5141, -1.8937], [124.5147, -1.8943], [124.5147, -1.8949], [124.5147, -1.8955], [124.5147, -1.8961], [124.5147, -1.8967], [124.5147, -1.8973], [124.5153, -1.8979], [124.5159, -1.8985], [124.5159, -1.8991], [124.5165, -1.8997], [124.5171, -1.9003], [124.5171, -1.9009], [124.5177, -1.9015], [124.5177, -1.9021], [124.5183, -1.9027], [124.5189, -1.9033], [124.5189, -1.9039], [124.5195, -1.9045], [124.5195, -1.9051], [124.5195, -1.9057], [124.5195, -1.9063], [124.5195, -1.9069], [124.5201, -1.9075], [124.5207, -1.9081], [124.5213, -1.9087], [124.5213, -1.9093], [124.5213, -1.9099], [124.5213, -1.9105], [124.5219, -1.9111], [124.5219, -1.9117], [124.5219, -1.9123], [124.5219, -1.9129], [124.5225, -1.9135], [124.5225, -1.9141], [124.5231, -1.9147], [124.5237, -1.9153], [124.5243, -1.9153], [124.5249, -1.9153], [124.5255, -1.9153], [124.5261, -1.9159], [124.5261, -1.9165], [124.5267, -1.9171], [124.5267, -1.9177], [124.5267, -1.9183], [124.5267, -1.9189], [124.5273, -1.9195], [124.5279, -1.9201], [124.5285, -1.9207], [124.5285, -1.9213], [124.5285, -1.9219], [124.5291, -1.9225], [124.5291, -1.9231], [124.5297, -1.9237], [124.5297, -1.9243], [124.5303, -1.9249], [124.5309, -1.9255], [124.5315, -1.9261], [124.5315, -1.9267], [124.5315, -1.9273], [124.5321, -1.9279], [124.5321, -1.9285], [124.5327, -1.9291], [124.5327, -1.9297], [124.5333, -1.9303], [124.5339, -1.9309], [124.5345, -1.9315], [124.5351, -1.9321], [124.5357, -1.9327], [124.5357, -1.9333], [124.5357, -1.9339], [124.5357, -1.9345], [124.5357, -1.9351], [124.5357, -1.9357], [124.5357, -1.9363], [124.5363, -1.9369], [124.5363, -1.9375], [124.5369, -1.9381], [124.5369, -1.9387], [124.5369, -1.9393], [124.5369, -1.9399], [124.5369, -1.9405], [124.5363, -1.9411], [124.5357, -1.9417], [124.5357, -1.9423], [124.5357, -1.9429], [124.5357, -1.9435], [124.5351, -1.9441], [124.5351, -1.9447], [124.5345, -1.9453], [124.5339, -1.9459], [124.5333, -1.9465], [124.5327, -1.9471], [124.5327, -1.9477], [124.5327, -1.9483], [124.5333, -1.9489], [124.5333, -1.9495], [124.5333, -1.9501], [124.5339, -1.9507], [124.5345, -1.9513], [124.5345, -1.9519], [124.5345, -1.9525], [124.5351, -1.9531], [124.5351, -1.9537], [124.5351, -1.9543], [124.5345, -1.9549], [124.5345, -1.9555], [124.5345, -1.9561], [124.5345, -1.9567], [124.5339, -1.9573], [124.5339, -1.9579], [124.5339, -1.9585], [124.5345, -1.9591], [124.5351, -1.9597], [124.5357, -1.9603], [124.5363, -1.9597], [124.5369, -1.9591], [124.5375, -1.9597], [124.5381, -1.9597], [124.5387, -1.9597], [124.5393, -1.9597], [124.5399, -1.9597], [124.5405, -1.9597], [124.5411, -1.9597], [124.5417, -1.9591], [124.5423, -1.9591], [124.5429, -1.9585], [124.5435, -1.9579], [124.5441, -1.9585], [124.5447, -1.9591], [124.5453, -1.9597], [124.5453, -1.9603], [124.5459, -1.9603], [124.5465, -1.9603], [124.5471, -1.9603], [124.5477, -1.9603], [124.5483, -1.9609], [124.5489, -1.9609], [124.5495, -1.9615], [124.5501, -1.9615], [124.5507, -1.9615], [124.5513, -1.9615], [124.5519, -1.9615], [124.5525, -1.9609], [124.5531, -1.9603], [124.5537, -1.9597], [124.5543, -1.9591], [124.5543, -1.9585], [124.5549, -1.9579], [124.5555, -1.9573], [124.5561, -1.9567], [124.5567, -1.9561], [124.5573, -1.9555], [124.5579, -1.9549], [124.5585, -1.9549], [124.5591, -1.9543], [124.5597, -1.9537], [124.5603, -1.9537], [124.5609, -1.9531], [124.5615, -1.9531], [124.5621, -1.9531], [124.5627, -1.9531], [124.5633, -1.9537], [124.5639, -1.9543], [124.5645, -1.9549], [124.5651, -1.9555], [124.5657, -1.9561], [124.5657, -1.9567], [124.5657, -1.9573], [124.5657, -1.9579], [124.5663, -1.9585], [124.5663, -1.9591], [124.5669, -1.9597], [124.5675, -1.9603], [124.5675, -1.9609], [124.5681, -1.9615], [124.5681, -1.9621], [124.5681, -1.9627], [124.5675, -1.9633], [124.5681, -1.9639], [124.5681, -1.9645], [124.5681, -1.9651], [124.5687, -1.9657], [124.5693, -1.9663], [124.5693, -1.9669], [124.5693, -1.9675], [124.5693, -1.9681], [124.5699, -1.9687], [124.5699, -1.9693], [124.5699, -1.9699], [124.5699, -1.9705], [124.5699, -1.9711], [124.5699, -1.9717], [124.5699, -1.9723], [124.5699, -1.9729], [124.5699, -1.9735], [124.5699, -1.9741], [124.5699, -1.9747], [124.5699, -1.9753], [124.5699, -1.9759], [124.5699, -1.9765], [124.5699, -1.9771], [124.5699, -1.9777], [124.5699, -1.9783], [124.5699, -1.9789], [124.5699, -1.9795], [124.5699, -1.9801], [124.5699, -1.9807], [124.5699, -1.9813], [124.5699, -1.9819], [124.5705, -1.9825], [124.5711, -1.9819], [124.5717, -1.9819], [124.5723, -1.9813], [124.5729, -1.9807], [124.5735, -1.9807], [124.5741, -1.9801], [124.5747, -1.9801], [124.5753, -1.9801], [124.5759, -1.9801], [124.5765, -1.9807], [124.5771, -1.9813], [124.5771, -1.9819], [124.5777, -1.9825], [124.5777, -1.9831], [124.5783, -1.9837], [124.5789, -1.9843], [124.5789, -1.9849], [124.5789, -1.9855], [124.5795, -1.9861], [124.5801, -1.9867], [124.5807, -1.9873], [124.5807, -1.9879], [124.5813, -1.9885], [124.5813, -1.9891], [124.5819, -1.9897], [124.5819, -1.9903], [124.5819, -1.9909], [124.5825, -1.9915], [124.5825, -1.9921], [124.5825, -1.9927], [124.5819, -1.9933], [124.5813, -1.9933], [124.5807, -1.9927], [124.5801, -1.9927], [124.5795, -1.9933], [124.5795, -1.9939], [124.5795, -1.9945], [124.5795, -1.9951], [124.5795, -1.9957], [124.5795, -1.9963], [124.5801, -1.9969], [124.5801, -1.9975], [124.5807, -1.9981], [124.5807, -1.9987]]}}, {"type": "Feature", "properties": {"source": "DEMNAS D8 derived", "thresholdCells": 2000}, "geometry": {"type": "LineString", "coordinates": [[124.6509, -1.8703], [124.6515, -1.8709], [124.6521, -1.8715], [124.6527, -1.8721], [124.6533, -1.8727], [124.6539, -1.8727], [124.6545, -1.8733], [124.6551, -1.8739], [124.6557, -1.8739], [124.6563, -1.8745], [124.6569, -1.8745], [124.6575, -1.8751], [124.6581, -1.8757], [124.6587, -1.8763], [124.6593, -1.8769], [124.6599, -1.8775], [124.6605, -1.8781], [124.6611, -1.8787], [124.6617, -1.8793], [124.6623, -1.8799], [124.6629, -1.8805], [124.6629, -1.8811], [124.6635, -1.8817], [124.6641, -1.8823], [124.6647, -1.8829], [124.6653, -1.8829], [124.6659, -1.8829], [124.6665, -1.8835], [124.6671, -1.8835], [124.6677, -1.8835], [124.6683, -1.8835], [124.6689, -1.8841], [124.6695, -1.8841], [124.6701, -1.8841], [124.6707, -1.8847], [124.6713, -1.8847], [124.6719, -1.8847], [124.6725, -1.8853], [124.6731, -1.8853], [124.6737, -1.8853], [124.6743, -1.8853], [124.6749, -1.8853], [124.6755, -1.8847], [124.6761, -1.8847], [124.6767, -1.8847], [124.6773, -1.8841], [124.6779, -1.8841], [124.6785, -1.8847], [124.6791, -1.8841], [124.6797, -1.8835], [124.6803, -1.8829], [124.6809, -1.8829], [124.6815, -1.8835], [124.6821, -1.8841], [124.6827, -1.8841], [124.6833, -1.8841], [124.6839, -1.8835], [124.6845, -1.8835], [124.6851, -1.8835], [124.6857, -1.8841], [124.6857, -1.8847], [124.6863, -1.8853], [124.6869, -1.8859], [124.6875, -1.8865], [124.6881, -1.8871], [124.6881, -1.8877], [124.6887, -1.8883], [124.6893, -1.8883], [124.6899, -1.8889], [124.6905, -1.8895], [124.6911, -1.8901], [124.6917, -1.8907], [124.6923, -1.8907], [124.6929, -1.8907], [124.6935, -1.8907], [124.6941, -1.8901], [124.6947, -1.8895], [124.6953, -1.8889], [124.6959, -1.8889], [124.6965, -1.8889], [124.6971, -1.8883], [124.6977, -1.8883], [124.6983, -1.8883], [124.6989, -1.8883], [124.6995, -1.8889], [124.7001, -1.8889], [124.7007, -1.8889], [124.7013, -1.8889], [124.7019, -1.8889], [124.7025, -1.8889], [124.7031, -1.8895], [124.7031, -1.8901], [124.7037, -1.8901], [124.7043, -1.8907], [124.7049, -1.8901], [124.7055, -1.8895], [124.7061, -1.8901], [124.7061, -1.8907], [124.7067, -1.8907], [124.7073, -1.8907], [124.7079, -1.8913], [124.7079, -1.8919], [124.7079, -1.8925], [124.7085, -1.8931], [124.7091, -1.8931], [124.7097, -1.8937], [124.7103, -1.8937], [124.7109, -1.8937], [124.7115, -1.8937], [124.7115, -1.8943], [124.7115, -1.8949], [124.7115, -1.8955], [124.7115, -1.8961], [124.7121, -1.8967], [124.7127, -1.8973], [124.7133, -1.8979], [124.7133, -1.8985], [124.7139, -1.8991], [124.7145, -1.8991], [124.7151, -1.8991], [124.7157, -1.8985], [124.7163, -1.8979], [124.7169, -1.8979], [124.7175, -1.8973], [124.7181, -1.8973], [124.7187, -1.8967], [124.7193, -1.8967], [124.7199, -1.8961], [124.7205, -1.8961], [124.7211, -1.8961], [124.7217, -1.8955], [124.7223, -1.8961], [124.7229, -1.8967], [124.7229, -1.8973], [124.7229, -1.8979], [124.7229, -1.8985], [124.7235, -1.8991], [124.7235, -1.8997], [124.7241, -1.9003], [124.7241, -1.9009], [124.7247, -1.9015], [124.7253, -1.9015], [124.7259, -1.9015], [124.7265, -1.9009], [124.7271, -1.9009], [124.7277, -1.9009], [124.7283, -1.9015], [124.7283, -1.9021], [124.7283, -1.9027], [124.7283, -1.9033], [124.7283, -1.9039], [124.7277, -1.9045], [124.7277, -1.9051], [124.7277, -1.9057], [124.7283, -1.9063], [124.7289, -1.9063], [124.7295, -1.9069], [124.7301, -1.9075], [124.7301, -1.9081], [124.7307, -1.9087], [124.7307, -1.9093], [124.7307, -1.9099], [124.7313, -1.9105], [124.7319, -1.9105], [124.7325, -1.9111], [124.7331, -1.9117], [124.7337, -1.9123], [124.7343, -1.9129], [124.7349, -1.9135], [124.7355, -1.9141], [124.7361, -1.9141], [124.7367, -1.9141], [124.7373, -1.9147], [124.7379, -1.9153], [124.7385, -1.9153], [124.7391, -1.9159], [124.7397, -1.9159], [124.7397, -1.9165], [124.7397, -1.9171], [124.7403, -1.9177], [124.7403, -1.9183], [124.7403, -1.9189], [124.7403, -1.9195], [124.7409, -1.9201], [124.7415, -1.9207], [124.7409, -1.9213], [124.7409, -1.9219], [124.7409, -1.9225], [124.7409, -1.9231], [124.7403, -1.9237], [124.7409, -1.9243], [124.7409, -1.9249], [124.7409, -1.9255], [124.7415, -1.9261], [124.7415, -1.9267], [124.7409, -1.9273], [124.7403, -1.9273], [124.7397, -1.9279], [124.7391, -1.9285], [124.7391, -1.9291], [124.7391, -1.9297], [124.7385, -1.9303], [124.7385, -1.9309], [124.7385, -1.9315], [124.7385, -1.9321], [124.7379, -1.9327], [124.7385, -1.9333], [124.7391, -1.9339], [124.7397, -1.9339]]}}, {"type": "Feature", "properties": {"source": "DEMNAS D8 derived", "thresholdCells": 2000}, "geometry": {"type": "LineString", "coordinates": [[124.8429, -1.8745], [124.8429, -1.8751], [124.8429, -1.8757], [124.8435, -1.8763], [124.8441, -1.8763], [124.8447, -1.8769], [124.8453, -1.8775], [124.8459, -1.8781], [124.8459, -1.8787], [124.8453, -1.8793], [124.8447, -1.8799], [124.8441, -1.8805], [124.8435, -1.8811], [124.8429, -1.8811], [124.8423, -1.8817], [124.8423, -1.8823], [124.8423, -1.8829], [124.8423, -1.8835], [124.8423, -1.8841], [124.8417, -1.8847], [124.8417, -1.8853], [124.8417, -1.8859], [124.8423, -1.8865], [124.8429, -1.8865], [124.8429, -1.8871], [124.8423, -1.8877], [124.8429, -1.8883], [124.8435, -1.8889], [124.8441, -1.8895], [124.8447, -1.8901], [124.8453, -1.8907], [124.8453, -1.8913], [124.8459, -1.8919], [124.8465, -1.8925], [124.8471, -1.8931]]}}, {"type": "Feature", "properties": {"source": "DEMNAS D8 derived", "thresholdCells": 2000}, "geometry": {"type": "LineString", "coordinates": [[124.6875, -1.8763], [124.6881, -1.8763], [124.6887, -1.8763], [124.6893, -1.8763], [124.6899, -1.8763], [124.6905, -1.8763], [124.6911, -1.8763], [124.6917, -1.8769], [124.6917, -1.8775], [124.6917, -1.8781], [124.6917, -1.8787], [124.6917, -1.8793], [124.6917, -1.8799], [124.6917, -1.8805], [124.6923, -1.8811], [124.6923, -1.8817], [124.6923, -1.8823], [124.6923, -1.8829], [124.6929, -1.8835], [124.6929, -1.8841], [124.6935, -1.8847], [124.6941, -1.8847], [124.6941, -1.8853], [124.6947, -1.8853], [124.6953, -1.8859], [124.6959, -1.8859], [124.6965, -1.8859], [124.6965, -1.8865], [124.6965, -1.8871], [124.6971, -1.8877], [124.6977, -1.8883], [124.6983, -1.8883], [124.6989, -1.8883], [124.6995, -1.8889], [124.7001, -1.8889], [124.7007, -1.8889], [124.7013, -1.8889], [124.7019, -1.8889], [124.7025, -1.8889], [124.7031, -1.8895], [124.7031, -1.8901], [124.7037, -1.8901], [124.7043, -1.8907], [124.7049, -1.8901], [124.7055, -1.8895], [124.7061, -1.8901], [124.7061, -1.8907], [124.7067, -1.8907], [124.7073, -1.8907], [124.7079, -1.8913], [124.7079, -1.8919], [124.7079, -1.8925], [124.7085, -1.8931], [124.7091, -1.8931], [124.7097, -1.8937], [124.7103, -1.8937], [124.7109, -1.8937], [124.7115, -1.8937], [124.7115, -1.8943], [124.7115, -1.8949], [124.7115, -1.8955], [124.7115, -1.8961], [124.7121, -1.8967], [124.7127, -1.8973], [124.7133, -1.8979], [124.7133, -1.8985], [124.7139, -1.8991], [124.7145, -1.8991], [124.7151, -1.8991], [124.7157, -1.8985], [124.7163, -1.8979], [124.7169, -1.8979], [124.7175, -1.8973], [124.7181, -1.8973], [124.7187, -1.8967], [124.7193, -1.8967], [124.7199, -1.8961], [124.7205, -1.8961], [124.7211, -1.8961], [124.7217, -1.8955], [124.7223, -1.8961], [124.7229, -1.8967], [124.7229, -1.8973], [124.7229, -1.8979], [124.7229, -1.8985], [124.7235, -1.8991], [124.7235, -1.8997], [124.7241, -1.9003], [124.7241, -1.9009], [124.7247, -1.9015], [124.7253, -1.9015], [124.7259, -1.9015], [124.7265, -1.9009], [124.7271, -1.9009], [124.7277, -1.9009], [124.7283, -1.9015], [124.7283, -1.9021], [124.7283, -1.9027], [124.7283, -1.9033], [124.7283, -1.9039], [124.7277, -1.9045], [124.7277, -1.9051], [124.7277, -1.9057], [124.7283, -1.9063], [124.7289, -1.9063], [124.7295, -1.9069], [124.7301, -1.9075], [124.7301, -1.9081], [124.7307, -1.9087], [124.7307, -1.9093], [124.7307, -1.9099], [124.7313, -1.9105], [124.7319, -1.9105], [124.7325, -1.9111], [124.7331, -1.9117], [124.7337, -1.9123], [124.7343, -1.9129], [124.7349, -1.9135], [124.7355, -1.9141], [124.7361, -1.9141], [124.7367, -1.9141], [124.7373, -1.9147], [124.7379, -1.9153], [124.7385, -1.9153], [124.7391, -1.9159], [124.7397, -1.9159], [124.7397, -1.9165], [124.7397, -1.9171], [124.7403, -1.9177], [124.7403, -1.9183], [124.7403, -1.9189], [124.7403, -1.9195], [124.7409, -1.9201], [124.7415, -1.9207], [124.7409, -1.9213], [124.7409, -1.9219], [124.7409, -1.9225], [124.7409, -1.9231], [124.7403, -1.9237], [124.7409, -1.9243], [124.7409, -1.9249], [124.7409, -1.9255], [124.7415, -1.9261], [124.7415, -1.9267], [124.7409, -1.9273], [124.7403, -1.9273], [124.7397, -1.9279], [124.7391, -1.9285], [124.7391, -1.9291], [124.7391, -1.9297], [124.7385, -1.9303], [124.7385, -1.9309], [124.7385, -1.9315], [124.7385, -1.9321], [124.7379, -1.9327], [124.7385, -1.9333], [124.7391, -1.9339], [124.7397, -1.9339]]}}, {"type": "Feature", "properties": {"source": "DEMNAS D8 derived", "thresholdCells": 2000}, "geometry": {"type": "LineString", "coordinates": [[124.9995, -1.8787], [125.0001, -1.8793], [125.0007, -1.8799], [125.0007, -1.8805], [125.0013, -1.8805], [125.0019, -1.8811], [125.0025, -1.8811], [125.0025, -1.8817], [125.0031, -1.8823], [125.0037, -1.8829], [125.0037, -1.8835], [125.0037, -1.8841], [125.0043, -1.8847], [125.0049, -1.8853], [125.0055, -1.8859], [125.0061, -1.8865], [125.0067, -1.8871], [125.0073, -1.8877], [125.0079, -1.8883], [125.0085, -1.8883], [125.0091, -1.8889], [125.0097, -1.8895], [125.0103, -1.8901], [125.0109, -1.8901], [125.0115, -1.8901], [125.0121, -1.8901], [125.0121, -1.8907], [125.0127, -1.8913], [125.0127, -1.8919], [125.0133, -1.8925], [125.0133, -1.8931], [125.0133, -1.8937], [125.0139, -1.8943], [125.0139, -1.8949], [125.0145, -1.8955], [125.0151, -1.8955], [125.0157, -1.8961], [125.0163, -1.8967], [125.0169, -1.8967]]}}, {"type": "Feature", "properties": {"source": "DEMNAS D8 derived", "thresholdCells": 2000}, "geometry": {"type": "LineString", "coordinates": [[124.6107, -1.8811], [124.6107, -1.8817], [124.6101, -1.8817], [124.6095, -1.8823], [124.6089, -1.8829], [124.6083, -1.8835], [124.6077, -1.8835], [124.6071, -1.8841], [124.6065, -1.8841], [124.6059, -1.8841], [124.6053, -1.8841], [124.6047, -1.8841], [124.6041, -1.8835], [124.6035, -1.8835], [124.6029, -1.8835], [124.6023, -1.8835], [124.6023, -1.8841], [124.6023, -1.8847], [124.6017, -1.8853], [124.6017, -1.8859], [124.6017, -1.8865], [124.6011, -1.8871], [124.6011, -1.8877], [124.6005, -1.8883], [124.6005, -1.8889], [124.5999, -1.8895], [124.5993, -1.8901], [124.5993, -1.8907], [124.5993, -1.8913], [124.5993, -1.8919], [124.5993, -1.8925], [124.5993, -1.8931], [124.5993, -1.8937], [124.5993, -1.8943], [124.5993, -1.8949], [124.5999, -1.8955], [124.5999, -1.8961], [124.5999, -1.8967], [124.5999, -1.8973], [124.6005, -1.8979], [124.6011, -1.8985], [124.6017, -1.8991], [124.6023, -1.8997], [124.6029, -1.9003], [124.6035, -1.9009], [124.6041, -1.9015], [124.6047, -1.9015], [124.6053, -1.9015], [124.6059, -1.9015], [124.6065, -1.9015], [124.6071, -1.9021], [124.6077, -1.9027], [124.6083, -1.9033], [124.6089, -1.9039], [124.6089, -1.9045], [124.6089, -1.9051], [124.6089, -1.9057], [124.6089, -1.9063], [124.6089, -1.9069], [124.6095, -1.9075], [124.6101, -1.9081], [124.6101, -1.9087], [124.6107, -1.9093], [124.6113, -1.9099], [124.6119, -1.9105], [124.6119, -1.9111], [124.6125, -1.9117], [124.6125, -1.9123], [124.6125, -1.9129], [124.6131, -1.9135], [124.6137, -1.9141], [124.6143, -1.9147], [124.6149, -1.9147], [124.6155, -1.9153], [124.6161, -1.9153], [124.6167, -1.9153], [124.6173, -1.9153], [124.6179, -1.9159], [124.6185, -1.9165], [124.6191, -1.9171], [124.6197, -1.9177], [124.6203, -1.9177], [124.6209, -1.9183], [124.6215, -1.9189], [124.6221, -1.9195], [124.6221, -1.9201], [124.6215, -1.9207], [124.6215, -1.9213], [124.6215, -1.9219], [124.6215, -1.9225], [124.6215, -1.9231], [124.6221, -1.9237], [124.6227, -1.9237], [124.6233, -1.9237], [124.6239, -1.9243], [124.6245, -1.9243], [124.6251, -1.9237], [124.6257, -1.9237], [124.6263, -1.9243], [124.6269, -1.9249], [124.6275, -1.9255], [124.6275, -1.9261], [124.6281, -1.9267], [124.6281, -1.9273], [124.6287, -1.9279], [124.6293, -1.9285], [124.6299, -1.9291], [124.6299, -1.9297], [124.6305, -1.9303], [124.6311, -1.9303], [124.6317, -1.9309], [124.6323, -1.9315], [124.6323, -1.9321], [124.6323, -1.9327], [124.6329, -1.9333], [124.6329, -1.9339], [124.6329, -1.9345], [124.6329, -1.9351], [124.6329, -1.9357], [124.6323, -1.9363], [124.6317, -1.9369], [124.6311, -1.9375], [124.6311, -1.9381], [124.6311, -1.9387], [124.6317, -1.9393], [124.6317, -1.9399], [124.6317, -1.9405], [124.6317, -1.9411], [124.6323, -1.9417], [124.6323, -1.9423], [124.6323, -1.9429], [124.6329, -1.9435], [124.6329, -1.9441], [124.6329, -1.9447], [124.6335, -1.9453], [124.6335, -1.9459], [124.6335, -1.9465], [124.6335, -1.9471], [124.6335, -1.9477], [124.6329, -1.9483], [124.6329, -1.9489], [124.6329, -1.9495], [124.6335, -1.9501], [124.6335, -1.9507], [124.6335, -1.9513], [124.6335, -1.9519], [124.6335, -1.9525], [124.6335, -1.9531], [124.6335, -1.9537], [124.6335, -1.9543], [124.6335, -1.9549], [124.6335, -1.9555], [124.6335, -1.9561], [124.6341, -1.9567], [124.6341, -1.9573], [124.6347, -1.9579], [124.6347, -1.9585], [124.6353, -1.9591], [124.6359, -1.9597], [124.6365, -1.9603], [124.6359, -1.9609], [124.6359, -1.9615], [124.6359, -1.9621], [124.6359, -1.9627], [124.6365, -1.9633], [124.6365, -1.9639], [124.6359, -1.9645], [124.6353, -1.9651], [124.6347, -1.9657], [124.6341, -1.9663], [124.6335, -1.9669], [124.6335, -1.9675], [124.6329, -1.9681], [124.6329, -1.9687], [124.6329, -1.9693], [124.6329, -1.9699], [124.6329, -1.9705], [124.6329, -1.9711], [124.6335, -1.9717], [124.6335, -1.9723], [124.6329, -1.9729], [124.6329, -1.9735], [124.6329, -1.9741], [124.6329, -1.9747], [124.6335, -1.9753], [124.6335, -1.9759], [124.6329, -1.9765], [124.6335, -1.9771], [124.6335, -1.9777], [124.6335, -1.9783], [124.6335, -1.9789], [124.6341, -1.9795], [124.6341, -1.9801], [124.6341, -1.9807], [124.6335, -1.9813], [124.6341, -1.9819], [124.6347, -1.9825], [124.6347, -1.9831], [124.6353, -1.9837], [124.6353, -1.9843], [124.6353, -1.9849], [124.6353, -1.9855], [124.6353, -1.9861]]}}, {"type": "Feature", "properties": {"source": "DEMNAS D8 derived", "thresholdCells": 2000}, "geometry": {"type": "LineString", "coordinates": [[124.9047, -1.8823], [124.9041, -1.8829], [124.9035, -1.8835], [124.9029, -1.8841], [124.9023, -1.8847], [124.9017, -1.8853], [124.9017, -1.8859], [124.9011, -1.8859], [124.9005, -1.8865], [124.9005, -1.8871], [124.8999, -1.8871], [124.8993, -1.8871], [124.8987, -1.8877], [124.8981, -1.8883], [124.8981, -1.8889], [124.8981, -1.8895], [124.8981, -1.8901], [124.8981, -1.8907], [124.8975, -1.8913], [124.8969, -1.8919], [124.8963, -1.8919], [124.8957, -1.8919], [124.8951, -1.8919], [124.8945, -1.8925], [124.8939, -1.8925], [124.8939, -1.8931], [124.8933, -1.8931], [124.8927, -1.8931], [124.8921, -1.8925], [124.8915, -1.8925], [124.8909, -1.8925], [124.8903, -1.8925], [124.8897, -1.8925], [124.8891, -1.8925], [124.8885, -1.8925], [124.8879, -1.8931], [124.8873, -1.8931], [124.8867, -1.8931], [124.8861, -1.8931], [124.8855, -1.8931], [124.8849, -1.8931], [124.8843, -1.8931], [124.8837, -1.8937], [124.8831, -1.8937], [124.8825, -1.8937], [124.8825, -1.8931], [124.8819, -1.8925], [124.8813, -1.8925], [124.8807, -1.8931], [124.8801, -1.8931], [124.8795, -1.8931], [124.8789, -1.8931], [124.8783, -1.8925], [124.8777, -1.8931], [124.8777, -1.8937], [124.8783, -1.8943], [124.8777, -1.8949], [124.8777, -1.8955]]}}, {"type": "Feature", "properties": {"source": "DEMNAS D8 derived", "thresholdCells": 2000}, "geometry": {"type": "LineString", "coordinates": [[124.3743, -1.8835], [124.3743, -1.8841], [124.3743, -1.8847], [124.3737, -1.8853], [124.3737, -1.8859], [124.3743, -1.8859], [124.3743, -1.8865], [124.3749, -1.8871], [124.3755, -1.8877], [124.3761, -1.8883], [124.3767, -1.8889], [124.3761, -1.8895], [124.3761, -1.8901], [124.3761, -1.8907], [124.3761, -1.8913], [124.3761, -1.8919], [124.3761, -1.8925], [124.3761, -1.8931], [124.3761, -1.8937], [124.3761, -1.8943], [124.3761, -1.8949], [124.3761, -1.8955], [124.3755, -1.8961], [124.3749, -1.8967], [124.3743, -1.8973], [124.3737, -1.8979], [124.3731, -1.8985], [124.3725, -1.8991], [124.3719, -1.8991], [124.3713, -1.8997], [124.3707, -1.8997], [124.3701, -1.8991], [124.3695, -1.8985], [124.3689, -1.8985], [124.3683, -1.8985], [124.3677, -1.8991], [124.3671, -1.8991], [124.3665, -1.8997], [124.3659, -1.9003], [124.3653, -1.9009], [124.3653, -1.9015], [124.3653, -1.9021], [124.3653, -1.9027], [124.3653, -1.9033], [124.3653, -1.9039], [124.3653, -1.9045], [124.3653, -1.9051], [124.3653, -1.9057], [124.3653, -1.9063], [124.3653, -1.9069], [124.3653, -1.9075], [124.3653, -1.9081], [124.3653, -1.9087], [124.3653, -1.9093], [124.3653, -1.9099], [124.3653, -1.9105], [124.3653, -1.9111], [124.3653, -1.9117], [124.3653, -1.9123], [124.3653, -1.9129], [124.3659, -1.9135], [124.3665, -1.9141], [124.3665, -1.9147], [124.3665, -1.9153], [124.3665, -1.9159], [124.3665, -1.9165], [124.3665, -1.9171], [124.3665, -1.9177], [124.3665, -1.9183], [124.3671, -1.9189], [124.3671, -1.9195], [124.3671, -1.9201], [124.3677, -1.9207], [124.3677, -1.9213], [124.3677, -1.9219], [124.3677, -1.9225], [124.3677, -1.9231], [124.3677, -1.9237], [124.3677, -1.9243], [124.3677, -1.9249], [124.3677, -1.9255], [124.3683, -1.9261], [124.3677, -1.9267], [124.3677, -1.9273], [124.3683, -1.9279], [124.3683, -1.9285], [124.3683, -1.9291], [124.3689, -1.9297], [124.3695, -1.9303], [124.3701, -1.9309], [124.3701, -1.9315], [124.3701, -1.9321], [124.3701, -1.9327], [124.3695, -1.9333]]}}, {"type": "Feature", "properties": {"source": "DEMNAS D8 derived", "thresholdCells": 2000}, "geometry": {"type": "LineString", "coordinates": [[124.5657, -1.8835], [124.5663, -1.8841], [124.5669, -1.8847], [124.5675, -1.8853], [124.5675, -1.8859], [124.5681, -1.8859], [124.5687, -1.8865], [124.5693, -1.8859], [124.5699, -1.8859], [124.5705, -1.8865], [124.5711, -1.8865], [124.5717, -1.8871], [124.5717, -1.8877], [124.5723, -1.8883], [124.5729, -1.8889], [124.5729, -1.8895], [124.5729, -1.8901], [124.5723, -1.8907], [124.5723, -1.8913], [124.5723, -1.8919], [124.5729, -1.8925], [124.5729, -1.8931], [124.5735, -1.8931], [124.5741, -1.8931], [124.5747, -1.8931], [124.5753, -1.8937], [124.5759, -1.8937], [124.5765, -1.8937], [124.5771, -1.8937], [124.5777, -1.8937], [124.5783, -1.8931], [124.5789, -1.8925], [124.5789, -1.8919], [124.5795, -1.8913], [124.5801, -1.8907], [124.5807, -1.8907], [124.5813, -1.8907], [124.5819, -1.8913], [124.5825, -1.8913], [124.5831, -1.8913], [124.5837, -1.8913], [124.5843, -1.8907], [124.5849, -1.8901], [124.5855, -1.8895], [124.5861, -1.8895], [124.5867, -1.8889], [124.5873, -1.8895], [124.5879, -1.8895], [124.5885, -1.8895], [124.5891, -1.8895], [124.5897, -1.8895], [124.5903, -1.8901], [124.5909, -1.8901], [124.5915, -1.8901], [124.5921, -1.8901], [124.5927, -1.8895], [124.5933, -1.8895], [124.5939, -1.8889], [124.5945, -1.8889], [124.5951, -1.8889], [124.5957, -1.8889], [124.5963, -1.8889], [124.5969, -1.8889], [124.5975, -1.8895], [124.5981, -1.8901], [124.5981, -1.8907], [124.5981, -1.8913], [124.5981, -1.8919], [124.5981, -1.8925], [124.5987, -1.8931], [124.5993, -1.8937], [124.5993, -1.8943], [124.5993, -1.8949], [124.5999, -1.8955], [124.5999, -1.8961], [124.5999, -1.8967], [124.5999, -1.8973], [124.6005, -1.8979], [124.6011, -1.8985], [124.6017, -1.8991], [124.6023, -1.8997], [124.6029, -1.9003], [124.6035, -1.9009], [124.6041, -1.9015], [124.6047, -1.9015], [124.6053, -1.9015], [124.6059, -1.9015], [124.6065, -1.9015], [124.6071, -1.9021], [124.6077, -1.9027], [124.6083, -1.9033], [124.6089, -1.9039], [124.6089, -1.9045], [124.6089, -1.9051], [124.6089, -1.9057], [124.6089, -1.9063], [124.6089, -1.9069], [124.6095, -1.9075], [124.6101, -1.9081], [124.6101, -1.9087], [124.6107, -1.9093], [124.6113, -1.9099], [124.6119, -1.9105], [124.6119, -1.9111], [124.6125, -1.9117], [124.6125, -1.9123], [124.6125, -1.9129], [124.6131, -1.9135], [124.6137, -1.9141], [124.6143, -1.9147], [124.6149, -1.9147], [124.6155, -1.9153], [124.6161, -1.9153], [124.6167, -1.9153], [124.6173, -1.9153], [124.6179, -1.9159], [124.6185, -1.9165], [124.6191, -1.9171], [124.6197, -1.9177], [124.6203, -1.9177], [124.6209, -1.9183], [124.6215, -1.9189], [124.6221, -1.9195], [124.6221, -1.9201], [124.6215, -1.9207], [124.6215, -1.9213], [124.6215, -1.9219], [124.6215, -1.9225], [124.6215, -1.9231], [124.6221, -1.9237], [124.6227, -1.9237], [124.6233, -1.9237], [124.6239, -1.9243], [124.6245, -1.9243], [124.6251, -1.9237], [124.6257, -1.9237], [124.6263, -1.9243], [124.6269, -1.9249], [124.6275, -1.9255], [124.6275, -1.9261], [124.6281, -1.9267], [124.6281, -1.9273], [124.6287, -1.9279], [124.6293, -1.9285], [124.6299, -1.9291], [124.6299, -1.9297], [124.6305, -1.9303], [124.6311, -1.9303], [124.6317, -1.9309], [124.6323, -1.9315], [124.6323, -1.9321], [124.6323, -1.9327], [124.6329, -1.9333], [124.6329, -1.9339], [124.6329, -1.9345], [124.6329, -1.9351], [124.6329, -1.9357], [124.6323, -1.9363], [124.6317, -1.9369], [124.6311, -1.9375], [124.6311, -1.9381], [124.6311, -1.9387], [124.6317, -1.9393], [124.6317, -1.9399], [124.6317, -1.9405], [124.6317, -1.9411], [124.6323, -1.9417], [124.6323, -1.9423], [124.6323, -1.9429], [124.6329, -1.9435], [124.6329, -1.9441], [124.6329, -1.9447], [124.6335, -1.9453], [124.6335, -1.9459], [124.6335, -1.9465], [124.6335, -1.9471], [124.6335, -1.9477], [124.6329, -1.9483], [124.6329, -1.9489], [124.6329, -1.9495], [124.6335, -1.9501], [124.6335, -1.9507], [124.6335, -1.9513], [124.6335, -1.9519], [124.6335, -1.9525], [124.6335, -1.9531], [124.6335, -1.9537], [124.6335, -1.9543], [124.6335, -1.9549], [124.6335, -1.9555], [124.6335, -1.9561], [124.6341, -1.9567], [124.6341, -1.9573], [124.6347, -1.9579], [124.6347, -1.9585], [124.6353, -1.9591], [124.6359, -1.9597], [124.6365, -1.9603], [124.6359, -1.9609], [124.6359, -1.9615], [124.6359, -1.9621], [124.6359, -1.9627], [124.6365, -1.9633], [124.6365, -1.9639], [124.6359, -1.9645], [124.6353, -1.9651], [124.6347, -1.9657], [124.6341, -1.9663], [124.6335, -1.9669], [124.6335, -1.9675], [124.6329, -1.9681], [124.6329, -1.9687], [124.6329, -1.9693], [124.6329, -1.9699], [124.6329, -1.9705], [124.6329, -1.9711], [124.6335, -1.9717], [124.6335, -1.9723], [124.6329, -1.9729], [124.6329, -1.9735], [124.6329, -1.9741], [124.6329, -1.9747], [124.6335, -1.9753], [124.6335, -1.9759], [124.6329, -1.9765], [124.6335, -1.9771], [124.6335, -1.9777], [124.6335, -1.9783], [124.6335, -1.9789], [124.6341, -1.9795], [124.6341, -1.9801], [124.6341, -1.9807], [124.6335, -1.9813], [124.6341, -1.9819], [124.6347, -1.9825], [124.6347, -1.9831], [124.6353, -1.9837], [124.6353, -1.9843], [124.6353, -1.9849], [124.6353, -1.9855], [124.6353, -1.9861]]}}, {"type": "Feature", "properties": {"source": "DEMNAS D8 derived", "thresholdCells": 2000}, "geometry": {"type": "LineString", "coordinates": [[124.7841, -1.8871], [124.7835, -1.8877], [124.7829, -1.8877], [124.7823, -1.8883], [124.7817, -1.8883], [124.7811, -1.8889], [124.7811, -1.8895], [124.7811, -1.8901], [124.7811, -1.8907], [124.7811, -1.8913], [124.7811, -1.8919], [124.7811, -1.8925], [124.7811, -1.8931], [124.7811, -1.8937], [124.7811, -1.8943], [124.7805, -1.8949], [124.7805, -1.8955], [124.7805, -1.8961], [124.7799, -1.8967], [124.7793, -1.8973], [124.7787, -1.8973], [124.7781, -1.8979], [124.7775, -1.8985], [124.7769, -1.8991], [124.7769, -1.8997], [124.7769, -1.9003], [124.7763, -1.9009], [124.7757, -1.9015], [124.7751, -1.9015], [124.7745, -1.9021], [124.7739, -1.9027], [124.7733, -1.9033], [124.7733, -1.9039], [124.7727, -1.9045], [124.7721, -1.9051], [124.7715, -1.9051], [124.7709, -1.9057], [124.7703, -1.9063], [124.7697, -1.9069], [124.7691, -1.9075], [124.7685, -1.9081], [124.7679, -1.9087], [124.7673, -1.9093], [124.7667, -1.9099], [124.7661, -1.9105], [124.7661, -1.9111], [124.7661, -1.9117], [124.7655, -1.9117], [124.7649, -1.9123], [124.7643, -1.9129], [124.7637, -1.9135], [124.7637, -1.9141], [124.7643, -1.9147], [124.7649, -1.9147], [124.7655, -1.9153], [124.7655, -1.9159], [124.7661, -1.9159], [124.7667, -1.9153], [124.7673, -1.9147], [124.7679, -1.9153], [124.7679, -1.9159], [124.7685, -1.9165], [124.7679, -1.9171], [124.7679, -1.9177], [124.7685, -1.9183], [124.7691, -1.9189]]}}, {"type": "Feature", "properties": {"source": "DEMNAS D8 derived", "thresholdCells": 2000}, "geometry": {"type": "LineString", "coordinates": [[124.4157, -1.8949], [124.4151, -1.8949], [124.4145, -1.8955], [124.4139, -1.8955], [124.4133, -1.8949], [124.4127, -1.8955], [124.4121, -1.8955], [124.4115, -1.8955], [124.4109, -1.8949], [124.4103, -1.8943], [124.4097, -1.8943], [124.4091, -1.8937], [124.4085, -1.8937], [124.4079, -1.8937], [124.4079, -1.8931], [124.4073, -1.8925], [124.4073, -1.8919], [124.4067, -1.8913], [124.4067, -1.8907], [124.4067, -1.8901], [124.4067, -1.8895], [124.4067, -1.8889], [124.4067, -1.8883], [124.4067, -1.8877], [124.4067, -1.8871], [124.4067, -1.8865], [124.4061, -1.8859], [124.4061, -1.8853], [124.4055, -1.8847], [124.4055, -1.8841], [124.4055, -1.8835], [124.4055, -1.8829], [124.4055, -1.8823], [124.4055, -1.8817], [124.4055, -1.8811], [124.4055, -1.8805], [124.4049, -1.8799], [124.4043, -1.8793], [124.4037, -1.8787], [124.4037, -1.8781], [124.4031, -1.8775], [124.4025, -1.8769], [124.4025, -1.8763], [124.4019, -1.8757], [124.4013, -1.8751], [124.4013, -1.8745], [124.4013, -1.8739], [124.4007, -1.8733], [124.4001, -1.8727], [124.3995, -1.8721], [124.3995, -1.8715], [124.3989, -1.8709], [124.3983, -1.8703], [124.3977, -1.8703], [124.3971, -1.8697], [124.3965, -1.8697], [124.3959, -1.8697], [124.3959, -1.8691], [124.3953, -1.8685], [124.3953, -1.8679], [124.3953, -1.8673], [124.3947, -1.8667], [124.3947, -1.8661], [124.3941, -1.8655], [124.3935, -1.8655], [124.3929, -1.8649], [124.3929, -1.8643], [124.3929, -1.8637], [124.3923, -1.8637], [124.3917, -1.8637], [124.3911, -1.8631], [124.3905, -1.8637], [124.3899, -1.8631], [124.3893, -1.8625], [124.3893, -1.8619], [124.3893, -1.8613], [124.3893, -1.8607], [124.3887, -1.8601], [124.3887, -1.8595], [124.3887, -1.8589], [124.3881, -1.8583], [124.3881, -1.8577], [124.3881, -1.8571], [124.3881, -1.8565], [124.3881, -1.8559], [124.3881, -1.8553], [124.3881, -1.8547], [124.3881, -1.8541], [124.3881, -1.8535], [124.3881, -1.8529], [124.3875, -1.8523], [124.3875, -1.8517], [124.3869, -1.8511], [124.3863, -1.8505], [124.3863, -1.8499], [124.3863, -1.8493], [124.3863, -1.8487], [124.3857, -1.8481], [124.3851, -1.8475], [124.3851, -1.8469], [124.3851, -1.8463], [124.3845, -1.8457], [124.3845, -1.8451], [124.3845, -1.8445], [124.3839, -1.8439], [124.3839, -1.8433], [124.3833, -1.8427], [124.3827, -1.8421], [124.3821, -1.8415], [124.3815, -1.8409], [124.3809, -1.8403], [124.3809, -1.8397], [124.3815, -1.8391], [124.3821, -1.8385], [124.3827, -1.8379], [124.3827, -1.8373], [124.3821, -1.8367], [124.3821, -1.8361], [124.3821, -1.8355], [124.3821, -1.8349], [124.3815, -1.8343], [124.3815, -1.8337], [124.3815, -1.8331], [124.3815, -1.8325], [124.3809, -1.8319], [124.3809, -1.8313], [124.3809, -1.8307], [124.3803, -1.8301], [124.3797, -1.8295], [124.3791, -1.8289], [124.3785, -1.8283], [124.3779, -1.8277], [124.3779, -1.8271], [124.3779, -1.8265], [124.3779, -1.8259], [124.3779, -1.8253], [124.3779, -1.8247], [124.3773, -1.8241], [124.3767, -1.8235], [124.3761, -1.8229], [124.3755, -1.8223], [124.3749, -1.8217], [124.3749, -1.8211], [124.3755, -1.8205], [124.3755, -1.8199], [124.3749, -1.8193], [124.3743, -1.8187], [124.3737, -1.8181], [124.3731, -1.8175], [124.3725, -1.8175], [124.3719, -1.8175], [124.3713, -1.8175], [124.3707, -1.8175], [124.3701, -1.8181], [124.3695, -1.8181], [124.3689, -1.8175], [124.3683, -1.8169], [124.3677, -1.8169], [124.3671, -1.8163], [124.3665, -1.8157], [124.3659, -1.8157], [124.3659, -1.8151], [124.3653, -1.8145], [124.3647, -1.8139], [124.3641, -1.8133], [124.3635, -1.8127], [124.3629, -1.8121], [124.3629, -1.8115], [124.3623, -1.8109], [124.3617, -1.8103], [124.3611, -1.8097], [124.3605, -1.8091], [124.3599, -1.8085], [124.3593, -1.8085], [124.3587, -1.8079], [124.3581, -1.8073], [124.3575, -1.8067], [124.3569, -1.8061], [124.3569, -1.8055], [124.3569, -1.8049], [124.3569, -1.8043], [124.3569, -1.8037], [124.3575, -1.8031], [124.3575, -1.8025], [124.3581, -1.8019], [124.3587, -1.8013], [124.3593, -1.8007], [124.3599, -1.8001], [124.3599, -1.7995], [124.3593, -1.7989], [124.3587, -1.7983], [124.3587, -1.7977], [124.3581, -1.7971], [124.3575, -1.7971], [124.3569, -1.7971], [124.3563, -1.7971], [124.3557, -1.7965], [124.3551, -1.7959], [124.3557, -1.7953], [124.3563, -1.7947], [124.3569, -1.7941], [124.3575, -1.7941], [124.3581, -1.7941], [124.3587, -1.7935], [124.3587, -1.7929], [124.3593, -1.7923], [124.3587, -1.7917], [124.3581, -1.7917]]}}, {"type": "Feature", "properties": {"source": "DEMNAS D8 derived", "thresholdCells": 2000}, "geometry": {"type": "LineString", "coordinates": [[124.9479, -1.9015], [124.9473, -1.9015], [124.9467, -1.9015], [124.9461, -1.9021], [124.9455, -1.9027], [124.9455, -1.9033], [124.9455, -1.9039], [124.9449, -1.9045], [124.9443, -1.9051], [124.9437, -1.9051], [124.9437, -1.9057], [124.9437, -1.9063], [124.9437, -1.9069], [124.9437, -1.9075], [124.9437, -1.9081], [124.9437, -1.9087], [124.9437, -1.9093], [124.9437, -1.9099], [124.9437, -1.9105], [124.9437, -1.9111], [124.9437, -1.9117], [124.9443, -1.9123], [124.9449, -1.9129], [124.9449, -1.9135], [124.9449, -1.9141], [124.9443, -1.9147], [124.9443, -1.9153], [124.9443, -1.9159], [124.9443, -1.9165], [124.9443, -1.9171], [124.9443, -1.9177], [124.9449, -1.9183], [124.9443, -1.9189], [124.9443, -1.9195], [124.9443, -1.9201], [124.9443, -1.9207], [124.9437, -1.9213], [124.9431, -1.9213], [124.9425, -1.9219], [124.9425, -1.9225], [124.9419, -1.9231], [124.9419, -1.9237], [124.9425, -1.9243], [124.9431, -1.9249], [124.9431, -1.9255], [124.9437, -1.9261], [124.9431, -1.9267]]}}, {"type": "Feature", "properties": {"source": "DEMNAS D8 derived", "thresholdCells": 2000}, "geometry": {"type": "LineString", "coordinates": [[124.5447, -1.9141], [124.5447, -1.9147], [124.5453, -1.9153], [124.5453, -1.9159], [124.5453, -1.9165], [124.5459, -1.9171], [124.5459, -1.9177], [124.5459, -1.9183], [124.5465, -1.9189], [124.5465, -1.9195], [124.5471, -1.9201], [124.5471, -1.9207], [124.5477, -1.9213], [124.5477, -1.9219], [124.5477, -1.9225], [124.5477, -1.9231], [124.5483, -1.9237], [124.5483, -1.9243], [124.5489, -1.9249], [124.5489, -1.9255], [124.5489, -1.9261], [124.5489, -1.9267], [124.5489, -1.9273], [124.5489, -1.9279], [124.5495, -1.9285], [124.5501, -1.9291], [124.5501, -1.9297], [124.5507, -1.9303], [124.5507, -1.9309], [124.5513, -1.9315], [124.5519, -1.9321], [124.5525, -1.9321], [124.5531, -1.9321], [124.5537, -1.9327], [124.5537, -1.9333], [124.5543, -1.9339], [124.5549, -1.9345], [124.5555, -1.9345], [124.5561, -1.9351], [124.5561, -1.9357], [124.5567, -1.9363], [124.5573, -1.9369], [124.5579, -1.9375], [124.5579, -1.9381], [124.5585, -1.9387], [124.5591, -1.9393], [124.5597, -1.9399], [124.5603, -1.9405], [124.5603, -1.9411], [124.5603, -1.9417], [124.5603, -1.9423], [124.5609, -1.9429], [124.5609, -1.9435], [124.5609, -1.9441], [124.5615, -1.9447], [124.5615, -1.9453], [124.5615, -1.9459], [124.5615, -1.9465], [124.5615, -1.9471], [124.5615, -1.9477], [124.5615, -1.9483], [124.5615, -1.9489], [124.5621, -1.9495], [124.5621, -1.9501], [124.5621, -1.9507], [124.5621, -1.9513], [124.5627, -1.9519], [124.5627, -1.9525], [124.5627, -1.9531], [124.5633, -1.9537], [124.5639, -1.9543], [124.5645, -1.9549], [124.5651, -1.9555], [124.5657, -1.9561], [124.5657, -1.9567], [124.5657, -1.9573], [124.5657, -1.9579], [124.5663, -1.9585], [124.5663, -1.9591], [124.5669, -1.9597], [124.5675, -1.9603], [124.5675, -1.9609], [124.5681, -1.9615], [124.5681, -1.9621], [124.5681, -1.9627], [124.5675, -1.9633], [124.5681, -1.9639], [124.5681, -1.9645], [124.5681, -1.9651], [124.5687, -1.9657], [124.5693, -1.9663], [124.5693, -1.9669], [124.5693, -1.9675], [124.5693, -1.9681], [124.5699, -1.9687], [124.5699, -1.9693], [124.5699, -1.9699], [124.5699, -1.9705], [124.5699, -1.9711], [124.5699, -1.9717], [124.5699, -1.9723], [124.5699, -1.9729], [124.5699, -1.9735], [124.5699, -1.9741], [124.5699, -1.9747], [124.5699, -1.9753], [124.5699, -1.9759], [124.5699, -1.9765], [124.5699, -1.9771], [124.5699, -1.9777], [124.5699, -1.9783], [124.5699, -1.9789], [124.5699, -1.9795], [124.5699, -1.9801], [124.5699, -1.9807], [124.5699, -1.9813], [124.5699, -1.9819], [124.5705, -1.9825], [124.5711, -1.9819], [124.5717, -1.9819], [124.5723, -1.9813], [124.5729, -1.9807], [124.5735, -1.9807], [124.5741, -1.9801], [124.5747, -1.9801], [124.5753, -1.9801], [124.5759, -1.9801], [124.5765, -1.9807], [124.5771, -1.9813], [124.5771, -1.9819], [124.5777, -1.9825], [124.5777, -1.9831], [124.5783, -1.9837], [124.5789, -1.9843], [124.5789, -1.9849], [124.5789, -1.9855], [124.5795, -1.9861], [124.5801, -1.9867], [124.5807, -1.9873], [124.5807, -1.9879], [124.5813, -1.9885], [124.5813, -1.9891], [124.5819, -1.9897], [124.5819, -1.9903], [124.5819, -1.9909], [124.5825, -1.9915], [124.5825, -1.9921], [124.5825, -1.9927], [124.5819, -1.9933], [124.5813, -1.9933], [124.5807, -1.9927], [124.5801, -1.9927], [124.5795, -1.9933], [124.5795, -1.9939], [124.5795, -1.9945], [124.5795, -1.9951], [124.5795, -1.9957], [124.5795, -1.9963], [124.5801, -1.9969], [124.5801, -1.9975], [124.5807, -1.9981], [124.5807, -1.9987]]}}, {"type": "Feature", "properties": {"source": "DEMNAS D8 derived", "thresholdCells": 2000}, "geometry": {"type": "LineString", "coordinates": [[124.6509, -1.9219], [124.6509, -1.9225], [124.6515, -1.9231], [124.6515, -1.9237], [124.6515, -1.9243], [124.6515, -1.9249], [124.6515, -1.9255], [124.6515, -1.9261], [124.6521, -1.9267], [124.6521, -1.9273], [124.6521, -1.9279], [124.6527, -1.9285], [124.6527, -1.9291], [124.6527, -1.9297], [124.6527, -1.9303], [124.6521, -1.9309], [124.6521, -1.9315], [124.6521, -1.9321], [124.6527, -1.9327], [124.6521, -1.9333], [124.6521, -1.9339], [124.6521, -1.9345], [124.6521, -1.9351], [124.6521, -1.9357], [124.6521, -1.9363], [124.6521, -1.9369], [124.6527, -1.9375], [124.6527, -1.9381], [124.6527, -1.9387], [124.6527, -1.9393], [124.6527, -1.9399], [124.6533, -1.9405], [124.6533, -1.9411], [124.6527, -1.9417], [124.6521, -1.9423], [124.6515, -1.9429], [124.6515, -1.9435], [124.6515, -1.9441], [124.6515, -1.9447], [124.6515, -1.9453], [124.6521, -1.9459], [124.6521, -1.9465], [124.6515, -1.9465], [124.6509, -1.9471], [124.6509, -1.9477], [124.6509, -1.9483], [124.6509, -1.9489], [124.6509, -1.9495], [124.6503, -1.9501], [124.6497, -1.9507], [124.6497, -1.9513], [124.6497, -1.9519], [124.6497, -1.9525], [124.6497, -1.9531], [124.6491, -1.9537], [124.6485, -1.9543], [124.6479, -1.9549], [124.6473, -1.9555], [124.6467, -1.9555], [124.6461, -1.9555], [124.6455, -1.9555], [124.6449, -1.9561], [124.6443, -1.9561], [124.6437, -1.9561], [124.6431, -1.9561], [124.6425, -1.9567], [124.6419, -1.9567], [124.6413, -1.9567], [124.6407, -1.9573], [124.6401, -1.9573], [124.6395, -1.9567], [124.6389, -1.9567], [124.6383, -1.9567], [124.6377, -1.9561], [124.6371, -1.9567], [124.6371, -1.9573], [124.6365, -1.9579], [124.6359, -1.9579], [124.6359, -1.9585], [124.6359, -1.9591], [124.6359, -1.9597], [124.6365, -1.9603], [124.6359, -1.9609], [124.6359, -1.9615], [124.6359, -1.9621], [124.6359, -1.9627], [124.6365, -1.9633], [124.6365, -1.9639], [124.6359, -1.9645], [124.6353, -1.9651], [124.6347, -1.9657], [124.6341, -1.9663], [124.6335, -1.9669], [124.6335, -1.9675], [124.6329, -1.9681], [124.6329, -1.9687], [124.6329, -1.9693], [124.6329, -1.9699], [124.6329, -1.9705], [124.6329, -1.9711], [124.6335, -1.9717], [124.6335, -1.9723], [124.6329, -1.9729], [124.6329, -1.9735], [124.6329, -1.9741], [124.6329, -1.9747], [124.6335, -1.9753], [124.6335, -1.9759], [124.6329, -1.9765], [124.6335, -1.9771], [124.6335, -1.9777], [124.6335, -1.9783], [124.6335, -1.9789], [124.6341, -1.9795], [124.6341, -1.9801], [124.6341, -1.9807], [124.6335, -1.9813], [124.6341, -1.9819], [124.6347, -1.9825], [124.6347, -1.9831], [124.6353, -1.9837], [124.6353, -1.9843], [124.6353, -1.9849], [124.6353, -1.9855], [124.6353, -1.9861]]}}, {"type": "Feature", "properties": {"source": "DEMNAS D8 derived", "thresholdCells": 2000}, "geometry": {"type": "LineString", "coordinates": [[124.7043, -1.9219], [124.7049, -1.9225], [124.7055, -1.9231], [124.7061, -1.9231], [124.7067, -1.9231], [124.7073, -1.9231], [124.7079, -1.9237], [124.7085, -1.9243], [124.7091, -1.9243], [124.7097, -1.9243], [124.7103, -1.9243], [124.7109, -1.9237], [124.7115, -1.9231], [124.7121, -1.9225], [124.7127, -1.9219], [124.7133, -1.9219], [124.7139, -1.9225], [124.7139, -1.9231], [124.7139, -1.9237], [124.7133, -1.9243], [124.7133, -1.9249], [124.7133, -1.9255], [124.7139, -1.9261], [124.7145, -1.9267], [124.7151, -1.9273], [124.7157, -1.9279], [124.7157, -1.9285], [124.7163, -1.9291], [124.7169, -1.9297], [124.7175, -1.9297], [124.7181, -1.9297], [124.7187, -1.9303], [124.7193, -1.9303], [124.7199, -1.9303], [124.7199, -1.9309], [124.7205, -1.9315], [124.7205, -1.9321], [124.7211, -1.9327], [124.7211, -1.9333], [124.7211, -1.9339], [124.7217, -1.9345], [124.7217, -1.9351], [124.7223, -1.9357], [124.7229, -1.9363], [124.7229, -1.9369], [124.7229, -1.9375], [124.7235, -1.9375], [124.7241, -1.9381], [124.7241, -1.9387], [124.7235, -1.9393], [124.7235, -1.9399], [124.7235, -1.9405], [124.7235, -1.9411], [124.7235, -1.9417], [124.7229, -1.9423], [124.7223, -1.9423]]}}, {"type": "Feature", "properties": {"source": "DEMNAS D8 derived", "thresholdCells": 2000}, "geometry": {"type": "LineString", "coordinates": [[124.5111, -1.9285], [124.5117, -1.9285], [124.5123, -1.9291], [124.5129, -1.9297], [124.5135, -1.9303], [124.5135, -1.9309], [124.5141, -1.9315], [124.5147, -1.9321], [124.5147, -1.9327], [124.5147, -1.9333], [124.5153, -1.9339], [124.5153, -1.9345], [124.5153, -1.9351], [124.5153, -1.9357], [124.5153, -1.9363], [124.5153, -1.9369], [124.5159, -1.9375], [124.5165, -1.9381], [124.5165, -1.9387], [124.5165, -1.9393], [124.5165, -1.9399], [124.5165, -1.9405], [124.5165, -1.9411], [124.5165, -1.9417], [124.5165, -1.9423], [124.5159, -1.9429], [124.5153, -1.9435], [124.5153, -1.9441], [124.5153, -1.9447], [124.5159, -1.9453], [124.5159, -1.9459], [124.5159, -1.9465], [124.5159, -1.9471], [124.5165, -1.9477], [124.5165, -1.9483], [124.5171, -1.9489], [124.5177, -1.9495], [124.5177, -1.9501], [124.5183, -1.9507], [124.5183, -1.9513], [124.5189, -1.9519], [124.5195, -1.9525], [124.5201, -1.9531], [124.5207, -1.9537], [124.5213, -1.9537], [124.5219, -1.9543], [124.5225, -1.9549], [124.5231, -1.9549], [124.5237, -1.9549], [124.5243, -1.9549], [124.5249, -1.9555], [124.5255, -1.9561], [124.5261, -1.9561], [124.5267, -1.9561], [124.5273, -1.9567], [124.5279, -1.9567], [124.5285, -1.9567], [124.5291, -1.9573], [124.5297, -1.9579], [124.5303, -1.9579], [124.5309, -1.9579], [124.5315, -1.9579], [124.5321, -1.9579], [124.5327, -1.9573], [124.5333, -1.9579], [124.5339, -1.9585], [124.5345, -1.9591], [124.5351, -1.9597], [124.5357, -1.9603], [124.5363, -1.9597], [124.5369, -1.9591], [124.5375, -1.9597], [124.5381, -1.9597], [124.5387, -1.9597], [124.5393, -1.9597], [124.5399, -1.9597], [124.5405, -1.9597], [124.5411, -1.9597], [124.5417, -1.9591], [124.5423, -1.9591], [124.5429, -1.9585], [124.5435, -1.9579], [124.5441, -1.9585], [124.5447, -1.9591], [124.5453, -1.9597], [124.5453, -1.9603], [124.5459, -1.9603], [124.5465, -1.9603], [124.5471, -1.9603], [124.5477, -1.9603], [124.5483, -1.9609], [124.5489, -1.9609], [124.5495, -1.9615], [124.5501, -1.9615], [124.5507, -1.9615], [124.5513, -1.9615], [124.5519, -1.9615], [124.5525, -1.9609], [124.5531, -1.9603], [124.5537, -1.9597], [124.5543, -1.9591], [124.5543, -1.9585], [124.5549, -1.9579], [124.5555, -1.9573], [124.5561, -1.9567], [124.5567, -1.9561], [124.5573, -1.9555], [124.5579, -1.9549], [124.5585, -1.9549], [124.5591, -1.9543], [124.5597, -1.9537], [124.5603, -1.9537], [124.5609, -1.9531], [124.5615, -1.9531], [124.5621, -1.9531], [124.5627, -1.9531], [124.5633, -1.9537], [124.5639, -1.9543], [124.5645, -1.9549], [124.5651, -1.9555], [124.5657, -1.9561], [124.5657, -1.9567], [124.5657, -1.9573], [124.5657, -1.9579], [124.5663, -1.9585], [124.5663, -1.9591], [124.5669, -1.9597], [124.5675, -1.9603], [124.5675, -1.9609], [124.5681, -1.9615], [124.5681, -1.9621], [124.5681, -1.9627], [124.5675, -1.9633], [124.5681, -1.9639], [124.5681, -1.9645], [124.5681, -1.9651], [124.5687, -1.9657], [124.5693, -1.9663], [124.5693, -1.9669], [124.5693, -1.9675], [124.5693, -1.9681], [124.5699, -1.9687], [124.5699, -1.9693], [124.5699, -1.9699], [124.5699, -1.9705], [124.5699, -1.9711], [124.5699, -1.9717], [124.5699, -1.9723], [124.5699, -1.9729], [124.5699, -1.9735], [124.5699, -1.9741], [124.5699, -1.9747], [124.5699, -1.9753], [124.5699, -1.9759], [124.5699, -1.9765], [124.5699, -1.9771], [124.5699, -1.9777], [124.5699, -1.9783], [124.5699, -1.9789], [124.5699, -1.9795], [124.5699, -1.9801], [124.5699, -1.9807], [124.5699, -1.9813], [124.5699, -1.9819], [124.5705, -1.9825], [124.5711, -1.9819], [124.5717, -1.9819], [124.5723, -1.9813], [124.5729, -1.9807], [124.5735, -1.9807], [124.5741, -1.9801], [124.5747, -1.9801], [124.5753, -1.9801], [124.5759, -1.9801], [124.5765, -1.9807], [124.5771, -1.9813], [124.5771, -1.9819], [124.5777, -1.9825], [124.5777, -1.9831], [124.5783, -1.9837], [124.5789, -1.9843], [124.5789, -1.9849], [124.5789, -1.9855], [124.5795, -1.9861], [124.5801, -1.9867], [124.5807, -1.9873], [124.5807, -1.9879], [124.5813, -1.9885], [124.5813, -1.9891], [124.5819, -1.9897], [124.5819, -1.9903], [124.5819, -1.9909], [124.5825, -1.9915], [124.5825, -1.9921], [124.5825, -1.9927], [124.5819, -1.9933], [124.5813, -1.9933], [124.5807, -1.9927], [124.5801, -1.9927], [124.5795, -1.9933], [124.5795, -1.9939], [124.5795, -1.9945], [124.5795, -1.9951], [124.5795, -1.9957], [124.5795, -1.9963], [124.5801, -1.9969], [124.5801, -1.9975], [124.5807, -1.9981], [124.5807, -1.9987]]}}, {"type": "Feature", "properties": {"source": "DEMNAS D8 derived", "thresholdCells": 2000}, "geometry": {"type": "LineString", "coordinates": [[124.3863, -1.9345], [124.3857, -1.9339], [124.3851, -1.9339], [124.3845, -1.9339], [124.3839, -1.9339], [124.3833, -1.9339], [124.3827, -1.9333], [124.3821, -1.9333], [124.3815, -1.9327], [124.3809, -1.9327], [124.3803, -1.9321], [124.3797, -1.9321], [124.3791, -1.9327], [124.3785, -1.9333], [124.3779, -1.9339], [124.3773, -1.9339], [124.3767, -1.9339], [124.3761, -1.9339], [124.3755, -1.9339], [124.3749, -1.9339], [124.3743, -1.9339], [124.3737, -1.9345], [124.3731, -1.9345], [124.3725, -1.9345], [124.3719, -1.9351]]}}, {"type": "Feature", "properties": {"source": "DEMNAS D8 derived", "thresholdCells": 2000}, "geometry": {"type": "LineString", "coordinates": [[124.4697, -1.9363], [124.4697, -1.9369], [124.4691, -1.9375], [124.4685, -1.9381], [124.4685, -1.9387], [124.4685, -1.9393], [124.4685, -1.9399], [124.4685, -1.9405], [124.4685, -1.9411], [124.4685, -1.9417], [124.4685, -1.9423], [124.4685, -1.9429], [124.4685, -1.9435], [124.4685, -1.9441], [124.4679, -1.9447], [124.4673, -1.9453], [124.4673, -1.9459], [124.4673, -1.9465], [124.4673, -1.9471], [124.4679, -1.9477], [124.4679, -1.9483], [124.4679, -1.9489], [124.4679, -1.9495], [124.4679, -1.9501], [124.4679, -1.9507], [124.4679, -1.9513], [124.4679, -1.9519], [124.4673, -1.9525], [124.4679, -1.9531], [124.4679, -1.9537], [124.4679, -1.9543], [124.4679, -1.9549], [124.4679, -1.9555], [124.4679, -1.9561], [124.4679, -1.9567], [124.4685, -1.9573], [124.4685, -1.9579], [124.4691, -1.9585], [124.4691, -1.9591], [124.4691, -1.9597], [124.4691, -1.9603], [124.4691, -1.9609], [124.4691, -1.9615], [124.4691, -1.9621], [124.4691, -1.9627], [124.4691, -1.9633], [124.4685, -1.9639], [124.4679, -1.9645], [124.4679, -1.9651], [124.4679, -1.9657], [124.4679, -1.9663], [124.4679, -1.9669], [124.4685, -1.9675], [124.4691, -1.9681], [124.4697, -1.9687], [124.4703, -1.9693], [124.4709, -1.9699], [124.4703, -1.9705], [124.4697, -1.9705], [124.4691, -1.9711], [124.4685, -1.9717], [124.4685, -1.9723], [124.4691, -1.9723], [124.4697, -1.9729], [124.4703, -1.9735], [124.4709, -1.9735], [124.4715, -1.9741], [124.4721, -1.9741], [124.4727, -1.9741], [124.4733, -1.9741], [124.4739, -1.9747], [124.4745, -1.9741], [124.4751, -1.9735], [124.4757, -1.9735], [124.4763, -1.9735], [124.4769, -1.9741], [124.4775, -1.9741], [124.4781, -1.9741], [124.4787, -1.9741], [124.4793, -1.9741], [124.4799, -1.9747], [124.4799, -1.9753], [124.4799, -1.9759], [124.4805, -1.9759], [124.4811, -1.9759], [124.4817, -1.9759], [124.4823, -1.9753], [124.4823, -1.9747], [124.4823, -1.9741], [124.4829, -1.9741], [124.4835, -1.9741], [124.4841, -1.9741], [124.4847, -1.9747], [124.4853, -1.9747], [124.4859, -1.9753], [124.4865, -1.9753], [124.4871, -1.9753], [124.4877, -1.9759], [124.4877, -1.9765], [124.4883, -1.9771], [124.4889, -1.9777], [124.4895, -1.9783], [124.4895, -1.9789], [124.4901, -1.9795], [124.4907, -1.9801], [124.4913, -1.9807], [124.4919, -1.9813], [124.4925, -1.9813], [124.4931, -1.9819], [124.4937, -1.9813], [124.4943, -1.9813], [124.4949, -1.9813], [124.4955, -1.9813], [124.4961, -1.9813], [124.4967, -1.9813], [124.4973, -1.9819], [124.4979, -1.9819], [124.4985, -1.9819], [124.4991, -1.9825], [124.4997, -1.9831], [124.5003, -1.9837], [124.5009, -1.9837], [124.5015, -1.9837], [124.5021, -1.9843], [124.5021, -1.9849], [124.5027, -1.9855], [124.5033, -1.9861], [124.5039, -1.9861], [124.5045, -1.9861], [124.5051, -1.9867], [124.5057, -1.9873], [124.5063, -1.9873], [124.5069, -1.9873], [124.5075, -1.9873], [124.5081, -1.9873], [124.5087, -1.9873], [124.5093, -1.9873], [124.5099, -1.9879], [124.5099, -1.9885], [124.5105, -1.9891], [124.5111, -1.9897], [124.5117, -1.9903]]}}, {"type": "Feature", "properties": {"source": "DEMNAS D8 derived", "thresholdCells": 2000}, "geometry": {"type": "LineString", "coordinates": [[124.4187, -1.9369], [124.4187, -1.9375], [124.4187, -1.9381], [124.4181, -1.9387], [124.4175, -1.9387], [124.4169, -1.9387], [124.4169, -1.9393], [124.4163, -1.9393], [124.4157, -1.9393], [124.4151, -1.9393], [124.4151, -1.9399], [124.4151, -1.9405], [124.4145, -1.9411], [124.4145, -1.9417], [124.4139, -1.9423], [124.4139, -1.9429], [124.4139, -1.9435], [124.4133, -1.9441], [124.4133, -1.9447], [124.4127, -1.9453], [124.4121, -1.9459], [124.4115, -1.9459], [124.4109, -1.9465], [124.4103, -1.9471], [124.4097, -1.9471], [124.4091, -1.9477], [124.4085, -1.9483], [124.4079, -1.9489], [124.4073, -1.9489], [124.4067, -1.9489], [124.4061, -1.9483], [124.4055, -1.9477], [124.4055, -1.9471], [124.4055, -1.9465], [124.4049, -1.9459], [124.4043, -1.9459], [124.4043, -1.9465], [124.4037, -1.9471], [124.4031, -1.9471], [124.4025, -1.9471], [124.4019, -1.9477], [124.4013, -1.9483], [124.4013, -1.9489], [124.4013, -1.9495], [124.4007, -1.9501], [124.4001, -1.9507], [124.3995, -1.9507], [124.3989, -1.9513], [124.3989, -1.9519], [124.3989, -1.9525], [124.3995, -1.9531], [124.3989, -1.9537], [124.3983, -1.9537], [124.3983, -1.9543], [124.3977, -1.9549], [124.3977, -1.9555], [124.3977, -1.9561], [124.3971, -1.9561], [124.3965, -1.9567], [124.3965, -1.9573], [124.3959, -1.9579], [124.3953, -1.9585], [124.3947, -1.9585], [124.3941, -1.9585], [124.3935, -1.9585], [124.3929, -1.9585], [124.3923, -1.9579], [124.3917, -1.9579], [124.3911, -1.9579], [124.3905, -1.9579], [124.3899, -1.9579], [124.3893, -1.9585], [124.3893, -1.9591], [124.3893, -1.9597], [124.3893, -1.9603], [124.3887, -1.9609], [124.3887, -1.9615], [124.3887, -1.9621], [124.3887, -1.9627], [124.3887, -1.9633]]}}, {"type": "Feature", "properties": {"source": "DEMNAS D8 derived", "thresholdCells": 2000}, "geometry": {"type": "LineString", "coordinates": [[124.4205, -1.9435], [124.4199, -1.9435], [124.4193, -1.9435], [124.4187, -1.9429], [124.4181, -1.9429], [124.4175, -1.9423], [124.4169, -1.9417], [124.4163, -1.9417], [124.4157, -1.9417], [124.4151, -1.9417], [124.4145, -1.9417], [124.4139, -1.9423], [124.4139, -1.9429], [124.4139, -1.9435], [124.4133, -1.9441], [124.4133, -1.9447], [124.4127, -1.9453], [124.4121, -1.9459], [124.4115, -1.9459], [124.4109, -1.9465], [124.4103, -1.9471], [124.4097, -1.9471], [124.4091, -1.9477], [124.4085, -1.9483], [124.4079, -1.9489], [124.4073, -1.9489], [124.4067, -1.9489], [124.4061, -1.9483], [124.4055, -1.9477], [124.4055, -1.9471], [124.4055, -1.9465], [124.4049, -1.9459], [124.4043, -1.9459], [124.4043, -1.9465], [124.4037, -1.9471], [124.4031, -1.9471], [124.4025, -1.9471], [124.4019, -1.9477], [124.4013, -1.9483], [124.4013, -1.9489], [124.4013, -1.9495], [124.4007, -1.9501], [124.4001, -1.9507], [124.3995, -1.9507], [124.3989, -1.9513], [124.3989, -1.9519], [124.3989, -1.9525], [124.3995, -1.9531], [124.3989, -1.9537], [124.3983, -1.9537], [124.3983, -1.9543], [124.3977, -1.9549], [124.3977, -1.9555], [124.3977, -1.9561], [124.3971, -1.9561], [124.3965, -1.9567], [124.3965, -1.9573], [124.3959, -1.9579], [124.3953, -1.9585], [124.3947, -1.9585], [124.3941, -1.9585], [124.3935, -1.9585], [124.3929, -1.9585], [124.3923, -1.9579], [124.3917, -1.9579], [124.3911, -1.9579], [124.3905, -1.9579], [124.3899, -1.9579], [124.3893, -1.9585], [124.3893, -1.9591], [124.3893, -1.9597], [124.3893, -1.9603], [124.3887, -1.9609], [124.3887, -1.9615], [124.3887, -1.9621], [124.3887, -1.9627], [124.3887, -1.9633]]}}, {"type": "Feature", "properties": {"source": "DEMNAS D8 derived", "thresholdCells": 2000}, "geometry": {"type": "LineString", "coordinates": [[124.6113, -1.9441], [124.6119, -1.9447], [124.6125, -1.9453], [124.6125, -1.9459], [124.6131, -1.9465], [124.6131, -1.9471], [124.6131, -1.9477], [124.6131, -1.9483], [124.6131, -1.9489], [124.6137, -1.9495], [124.6137, -1.9501], [124.6143, -1.9507], [124.6149, -1.9507], [124.6155, -1.9507], [124.6161, -1.9513], [124.6167, -1.9519], [124.6173, -1.9519], [124.6179, -1.9519], [124.6185, -1.9519], [124.6191, -1.9525], [124.6197, -1.9525], [124.6203, -1.9531], [124.6209, -1.9531], [124.6215, -1.9531], [124.6221, -1.9537], [124.6227, -1.9537], [124.6233, -1.9543], [124.6239, -1.9537], [124.6245, -1.9537], [124.6251, -1.9537], [124.6257, -1.9537], [124.6263, -1.9537], [124.6269, -1.9543], [124.6275, -1.9543], [124.6281, -1.9549], [124.6287, -1.9555], [124.6293, -1.9561], [124.6293, -1.9567], [124.6299, -1.9573], [124.6299, -1.9579], [124.6299, -1.9585], [124.6299, -1.9591], [124.6299, -1.9597], [124.6305, -1.9603], [124.6305, -1.9609], [124.6311, -1.9615], [124.6317, -1.9621], [124.6311, -1.9627], [124.6311, -1.9633], [124.6311, -1.9639], [124.6311, -1.9645], [124.6317, -1.9651], [124.6323, -1.9657], [124.6323, -1.9663], [124.6317, -1.9669], [124.6317, -1.9675], [124.6317, -1.9681], [124.6311, -1.9687], [124.6311, -1.9693], [124.6311, -1.9699], [124.6311, -1.9705], [124.6317, -1.9711], [124.6323, -1.9711], [124.6329, -1.9711], [124.6335, -1.9717], [124.6335, -1.9723], [124.6329, -1.9729], [124.6329, -1.9735], [124.6329, -1.9741], [124.6329, -1.9747], [124.6335, -1.9753], [124.6335, -1.9759], [124.6329, -1.9765], [124.6335, -1.9771], [124.6335, -1.9777], [124.6335, -1.9783], [124.6335, -1.9789], [124.6341, -1.9795], [124.6341, -1.9801], [124.6341, -1.9807], [124.6335, -1.9813], [124.6341, -1.9819], [124.6347, -1.9825], [124.6347, -1.9831], [124.6353, -1.9837], [124.6353, -1.9843], [124.6353, -1.9849], [124.6353, -1.9855], [124.6353, -1.9861]]}}, {"type": "Feature", "properties": {"source": "DEMNAS D8 derived", "thresholdCells": 2000}, "geometry": {"type": "LineString", "coordinates": [[124.5675, -1.9537], [124.5669, -1.9537], [124.5663, -1.9543], [124.5663, -1.9549], [124.5663, -1.9555], [124.5663, -1.9561], [124.5657, -1.9567], [124.5657, -1.9573], [124.5657, -1.9579], [124.5663, -1.9585], [124.5663, -1.9591], [124.5669, -1.9597], [124.5675, -1.9603], [124.5675, -1.9609], [124.5681, -1.9615], [124.5681, -1.9621], [124.5681, -1.9627], [124.5675, -1.9633], [124.5681, -1.9639], [124.5681, -1.9645], [124.5681, -1.9651], [124.5687, -1.9657], [124.5693, -1.9663], [124.5693, -1.9669], [124.5693, -1.9675], [124.5693, -1.9681], [124.5699, -1.9687], [124.5699, -1.9693], [124.5699, -1.9699], [124.5699, -1.9705], [124.5699, -1.9711], [124.5699, -1.9717], [124.5699, -1.9723], [124.5699, -1.9729], [124.5699, -1.9735], [124.5699, -1.9741], [124.5699, -1.9747], [124.5699, -1.9753], [124.5699, -1.9759], [124.5699, -1.9765], [124.5699, -1.9771], [124.5699, -1.9777], [124.5699, -1.9783], [124.5699, -1.9789], [124.5699, -1.9795], [124.5699, -1.9801], [124.5699, -1.9807], [124.5699, -1.9813], [124.5699, -1.9819], [124.5705, -1.9825], [124.5711, -1.9819], [124.5717, -1.9819], [124.5723, -1.9813], [124.5729, -1.9807], [124.5735, -1.9807], [124.5741, -1.9801], [124.5747, -1.9801], [124.5753, -1.9801], [124.5759, -1.9801], [124.5765, -1.9807], [124.5771, -1.9813], [124.5771, -1.9819], [124.5777, -1.9825], [124.5777, -1.9831], [124.5783, -1.9837], [124.5789, -1.9843], [124.5789, -1.9849], [124.5789, -1.9855], [124.5795, -1.9861], [124.5801, -1.9867], [124.5807, -1.9873], [124.5807, -1.9879], [124.5813, -1.9885], [124.5813, -1.9891], [124.5819, -1.9897], [124.5819, -1.9903], [124.5819, -1.9909], [124.5825, -1.9915], [124.5825, -1.9921], [124.5825, -1.9927], [124.5819, -1.9933], [124.5813, -1.9933], [124.5807, -1.9927], [124.5801, -1.9927], [124.5795, -1.9933], [124.5795, -1.9939], [124.5795, -1.9945], [124.5795, -1.9951], [124.5795, -1.9957], [124.5795, -1.9963], [124.5801, -1.9969], [124.5801, -1.9975], [124.5807, -1.9981], [124.5807, -1.9987]]}}, {"type": "Feature", "properties": {"source": "DEMNAS D8 derived", "thresholdCells": 2000}, "geometry": {"type": "LineString", "coordinates": [[124.6791, -1.9537], [124.6797, -1.9543], [124.6803, -1.9549], [124.6809, -1.9549], [124.6815, -1.9549], [124.6821, -1.9549], [124.6827, -1.9555], [124.6827, -1.9561], [124.6833, -1.9561], [124.6839, -1.9567], [124.6845, -1.9561], [124.6851, -1.9561], [124.6857, -1.9561], [124.6863, -1.9567], [124.6869, -1.9567], [124.6875, -1.9561], [124.6881, -1.9561], [124.6887, -1.9555], [124.6893, -1.9555], [124.6899, -1.9555], [124.6905, -1.9549], [124.6911, -1.9549], [124.6917, -1.9543], [124.6923, -1.9543], [124.6929, -1.9543], [124.6935, -1.9543], [124.6941, -1.9543], [124.6947, -1.9543], [124.6953, -1.9549], [124.6953, -1.9555], [124.6953, -1.9561], [124.6953, -1.9567], [124.6953, -1.9573], [124.6953, -1.9579], [124.6959, -1.9585], [124.6965, -1.9591]]}}, {"type": "Feature", "properties": {"source": "DEMNAS D8 derived", "thresholdCells": 2000}, "geometry": {"type": "LineString", "coordinates": [[124.5093, -1.9663], [124.5087, -1.9669], [124.5093, -1.9675], [124.5093, -1.9681], [124.5099, -1.9687], [124.5105, -1.9693], [124.5105, -1.9699], [124.5105, -1.9705], [124.5099, -1.9705], [124.5093, -1.9711], [124.5093, -1.9717], [124.5087, -1.9723], [124.5081, -1.9729], [124.5075, -1.9735], [124.5075, -1.9741], [124.5075, -1.9747], [124.5075, -1.9753], [124.5081, -1.9759], [124.5081, -1.9765], [124.5081, -1.9771], [124.5081, -1.9777], [124.5081, -1.9783], [124.5087, -1.9789], [124.5093, -1.9795], [124.5093, -1.9801], [124.5099, -1.9807], [124.5105, -1.9807], [124.5111, -1.9801], [124.5117, -1.9801], [124.5123, -1.9807], [124.5129, -1.9813], [124.5129, -1.9819], [124.5129, -1.9825], [124.5135, -1.9831], [124.5141, -1.9837], [124.5141, -1.9843], [124.5141, -1.9849], [124.5147, -1.9855]]}}, {"type": "Feature", "properties": {"source": "DEMNAS D8 derived", "thresholdCells": 2000}, "geometry": {"type": "LineString", "coordinates": [[124.4553, -1.9885], [124.4559, -1.9891], [124.4559, -1.9897], [124.4553, -1.9903], [124.4553, -1.9909], [124.4547, -1.9915], [124.4553, -1.9921], [124.4553, -1.9927], [124.4553, -1.9933], [124.4553, -1.9939], [124.4553, -1.9945], [124.4553, -1.9951], [124.4559, -1.9957], [124.4565, -1.9963], [124.4571, -1.9969], [124.4571, -1.9975], [124.4571, -1.9981], [124.4571, -1.9987], [124.4571, -1.9993], [124.4571, -1.9999], [124.4577, -2.0005], [124.4577, -2.0011], [124.4583, -2.0017], [124.4589, -2.0017], [124.4595, -2.0023], [124.4595, -2.0029], [124.4601, -2.0029], [124.4607, -2.0029], [124.4613, -2.0029], [124.4619, -2.0035], [124.4619, -2.0041], [124.4619, -2.0047], [124.4613, -2.0053], [124.4607, -2.0059], [124.4607, -2.0065], [124.4607, -2.0071], [124.4607, -2.0077], [124.4607, -2.0083], [124.4607, -2.0089], [124.4607, -2.0095], [124.4607, -2.0101], [124.4607, -2.0107], [124.4613, -2.0113], [124.4613, -2.0119], [124.4613, -2.0125], [124.4607, -2.0131], [124.4607, -2.0137], [124.4601, -2.0143], [124.4595, -2.0149], [124.4595, -2.0155], [124.4595, -2.0161], [124.4601, -2.0167], [124.4601, -2.0173], [124.4595, -2.0179], [124.4589, -2.0185], [124.4583, -2.0191], [124.4589, -2.0197], [124.4595, -2.0203]]}}, {"type": "Feature", "properties": {"source": "DEMNAS D8 derived", "thresholdCells": 2000}, "geometry": {"type": "LineString", "coordinates": [[124.4235, -2.0077], [124.4229, -2.0083], [124.4223, -2.0083], [124.4217, -2.0083], [124.4217, -2.0089], [124.4217, -2.0095], [124.4211, -2.0095], [124.4205, -2.0101], [124.4199, -2.0101], [124.4193, -2.0095], [124.4187, -2.0101], [124.4181, -2.0107], [124.4175, -2.0113], [124.4169, -2.0119], [124.4163, -2.0125], [124.4163, -2.0131], [124.4157, -2.0131], [124.4151, -2.0131], [124.4145, -2.0137], [124.4139, -2.0143], [124.4133, -2.0149], [124.4133, -2.0155], [124.4127, -2.0161], [124.4133, -2.0167], [124.4139, -2.0173], [124.4139, -2.0179], [124.4145, -2.0185], [124.4139, -2.0191], [124.4133, -2.0197], [124.4127, -2.0197], [124.4121, -2.0203], [124.4115, -2.0203], [124.4109, -2.0209], [124.4103, -2.0215], [124.4097, -2.0221], [124.4091, -2.0227], [124.4085, -2.0233], [124.4091, -2.0239], [124.4097, -2.0245], [124.4097, -2.0251]]}}]}