{
  "type": "FeatureCollection",
  "features": [
    {
      "type": "Feature",
      "id": 16229,
      "geometry": {
        "type": "Polygon",
        "coordinates": [
          [
            [
              124.40184640600012,
              -2.028784688999963,
              0,
              null
            ],
            [
              124.40161676700006,
              -2.028637248999928,
              0,
              null
            ],
            [
              124.4006712480001,
              -2.029327114999944,
              0,
              null
            ],
            [
              124.40008331600006,
              -2.0288847039999496,
              0,
              null
            ],
            [
              124.39961865800001,
              -2.0296140469999386,
              0,
              null
            ],
            [
              124.40006466600005,
              -2.029848941999944,
              0,
              null
            ],
            [
              124.40023703000008,
              -2.0300086479999777,
              0,
              null
            ],
            [
              124.40032988500002,
              -2.030119733999925,
              0,
              null
            ],
            [
              124.4005288940001,
              -2.030350511999927,
              0,
              null
            ],
            [
              124.40064811400009,
              -2.030536763999976,
              0,
              null
            ],
            [
              124.4007424670001,
              -2.0307443649999755,
              0,
              null
            ],
            [
              124.40077789300005,
              -2.0308333109999808,
              0,
              null
            ],
            [
              124.40083078500004,
              -2.030842097999937,
              0,
              null
            ],
            [
              124.40094560300008,
              -2.0308419979999712,
              0,
              null
            ],
            [
              124.40122386500002,
              -2.030823873999964,
              0,
              null
            ],
            [
              124.40134745000012,
              -2.030823765999969,
              0,
              null
            ],
            [
              124.40163000400003,
              -2.0308635909999566,
              0,
              null
            ],
            [
              124.40201414600006,
              -2.030974206999929,
              0,
              null
            ],
            [
              124.40218700300011,
              -2.03102987799997,
              0,
              null
            ],
            [
              124.40316018800002,
              -2.029918534999979,
              0,
              null
            ],
            [
              124.40184640600012,
              -2.028784688999963,
              0,
              null
            ]
          ]
        ]
      },
      "properties": {
        "name": " ",
        "type": "Permukiman dan Tempat Kegiatan",
        "description": "Permukiman dan Tempat Kegiatan",
        "source_code": "GA03030140",
        "source_updated_at": "20130902",
        "source": "BIG Rupabumi Indonesia",
        "source_layer": "Permukiman (area)",
        "retrieved_at": "2026-09-15"
      }
    },
    {
      "type": "Feature",
      "id": 16231,
      "geometry": {
        "type": "Polygon",
        "coordinates": [
          [
            [
              124.39692019100005,
              -2.028122241999938,
              0,
              null
            ],
            [
              124.3965158310001,
              -2.0278166149999493,
              0,
              null
            ],
            [
              124.3958367350001,
              -2.027388136999946,
              0,
              null
            ],
            [
              124.39580418800006,
              -2.027480435999962,
              0,
              null
            ],
            [
              124.39578362200007,
              -2.0275713699999756,
              0,
              null
            ],
            [
              124.39578366400008,
              -2.027620274999947,
              0,
              null
            ],
            [
              124.39588535000007,
              -2.02780697299994,
              0,
              null
            ],
            [
              124.39594312300005,
              -2.027901500999974,
              0,
              null
            ],
            [
              124.39593099400008,
              -2.0282684059999383,
              0,
              null
            ],
            [
              124.39593302000003,
              -2.028322694999929,
              0,
              null
            ],
            [
              124.39596190500004,
              -2.028368127999954,
              0,
              null
            ],
            [
              124.39599614300005,
              -2.0283898579999686,
              0,
              null
            ],
            [
              124.39606092300005,
              -2.0284115609999276,
              0,
              null
            ],
            [
              124.39610958200001,
              -2.028431338999951,
              0,
              null
            ],
            [
              124.39644937900005,
              -2.0286072739999668,
              0,
              null
            ],
            [
              124.39690300500001,
              -2.0289481369999294,
              0,
              null
            ],
            [
              124.39704340000003,
              -2.0290932219999718,
              0,
              null
            ],
            [
              124.39709975000005,
              -2.029178055999978,
              0,
              null
            ],
            [
              124.3971037550001,
              -2.029230835999954,
              0,
              null
            ],
            [
              124.39710100500008,
              -2.0293223999999555,
              0,
              null
            ],
            [
              124.39708718200006,
              -2.0293626989999325,
              0,
              null
            ],
            [
              124.39708862500004,
              -2.0293963069999563,
              0,
              null
            ],
            [
              124.39709966500004,
              -2.029408792999959,
              0,
              null
            ],
            [
              124.39713841100001,
              -2.029410266999946,
              0,
              null
            ],
            [
              124.39718280600005,
              -2.0294046269999626,
              0,
              null
            ],
            [
              124.39720622400012,
              -2.0294138179999663,
              0,
              null
            ],
            [
              124.39726203800001,
              -2.029459711999948,
              0,
              null
            ],
            [
              124.3975168400001,
              -2.0294556119999356,
              0,
              null
            ],
            [
              124.3979322140001,
              -2.029382215999931,
              0,
              null
            ],
            [
              124.39872884300007,
              -2.029350499999964,
              0,
              null
            ],
            [
              124.39888410100002,
              -2.0293503649999707,
              0,
              null
            ],
            [
              124.39905804400007,
              -2.0288919299999293,
              0,
              null
            ],
            [
              124.39927068400004,
              -2.028536717999941,
              0,
              null
            ],
            [
              124.39946100300006,
              -2.028294230999961,
              0,
              null
            ],
            [
              124.3996513410001,
              -2.028074285999935,
              0,
              null
            ],
            [
              124.3997073270001,
              -2.0280122499999607,
              0,
              null
            ],
            [
              124.3997296880001,
              -2.0279502399999387,
              0,
              null
            ],
            [
              124.39974082700007,
              -2.0278713359999756,
              0,
              null
            ],
            [
              124.39972957600003,
              -2.027820627999972,
              0,
              null
            ],
            [
              124.39968466700009,
              -2.027730500999951,
              0,
              null
            ],
            [
              124.39943149400005,
              -2.0274649719999616,
              0,
              null
            ],
            [
              124.39943056800007,
              -2.027465890999963,
              0,
              null
            ],
            [
              124.39908777500011,
              -2.0279022349999423,
              0,
              null
            ],
            [
              124.39903490200004,
              -2.0279440869999803,
              0,
              null
            ],
            [
              124.39898578700002,
              -2.027963131999968,
              0,
              null
            ],
            [
              124.3989366620001,
              -2.0279707769999504,
              0,
              null
            ],
            [
              124.39885352400006,
              -2.027978449999978,
              0,
              null
            ],
            [
              124.39848321600005,
              -2.028054784999938,
              0,
              null
            ],
            [
              124.39840007100008,
              -2.0280586579999635,
              0,
              null
            ],
            [
              124.3983584980001,
              -2.0280586939999807,
              0,
              null
            ],
            [
              124.39829046200009,
              -2.0280473499999516,
              0,
              null
            ],
            [
              124.39808962300003,
              -2.0280303869999443,
              0,
              null
            ],
            [
              124.39800876600009,
              -2.027982649999956,
              0,
              null
            ],
            [
              124.39795168900002,
              -2.0279540119999524,
              0,
              null
            ],
            [
              124.3978613270001,
              -2.027915843999949,
              0,
              null
            ],
            [
              124.39779952700007,
              -2.0279158979999465,
              0,
              null
            ],
            [
              124.39770444300007,
              -2.0279159809999783,
              0,
              null
            ],
            [
              124.39761411800009,
              -2.0279208409999683,
              0,
              null
            ],
            [
              124.39754757000003,
              -2.0279304599999364,
              0,
              null
            ],
            [
              124.39748577400007,
              -2.027940075999936,
              0,
              null
            ],
            [
              124.3974097470001,
              -2.0279831699999704,
              0,
              null
            ],
            [
              124.39718640000001,
              -2.0280981049999696,
              0,
              null
            ],
            [
              124.39706757200008,
              -2.0281268929999783,
              0,
              null
            ],
            [
              124.39703429600002,
              -2.028126921999956,
              0,
              null
            ],
            [
              124.39698200800001,
              -2.028136528999937,
              0,
              null
            ],
            [
              124.39692019100005,
              -2.028122241999938,
              0,
              null
            ]
          ]
        ]
      },
      "properties": {
        "name": " ",
        "type": "Permukiman dan Tempat Kegiatan",
        "description": "Permukiman dan Tempat Kegiatan",
        "source_code": "GA03030140",
        "source_updated_at": "20130902",
        "source": "BIG Rupabumi Indonesia",
        "source_layer": "Permukiman (area)",
        "retrieved_at": "2026-09-15"
      }
    },
    {
      "type": "Feature",
      "id": 16240,
      "geometry": {
        "type": "Polygon",
        "coordinates": [
          [
            [
              124.44657319600003,
              -2.02340559299995,
              0,
              null
            ],
            [
              124.4463394490001,
              -2.023250760999929,
              0,
              null
            ],
            [
              124.4461245760001,
              -2.023149605999947,
              0,
              null
            ],
            [
              124.4459360400001,
              -2.0230924919999325,
              0,
              null
            ],
            [
              124.44560724900009,
              -2.0230531289999476,
              0,
              null
            ],
            [
              124.44486198200002,
              -2.022948041999939,
              0,
              null
            ],
            [
              124.44462799500002,
              -2.0229303849999383,
              0,
              null
            ],
            [
              124.4444877310001,
              -2.022934917999976,
              0,
              null
            ],
            [
              124.44413273100008,
              -2.022996925999962,
              0,
              null
            ],
            [
              124.44382271500001,
              -2.0230910559999415,
              0,
              null
            ],
            [
              124.44396727500009,
              -2.023772941999937,
              0,
              null
            ],
            [
              124.44617914300011,
              -2.0236811189999457,
              0,
              null
            ],
            [
              124.44671570600008,
              -2.0240549759999453,
              0,
              null
            ],
            [
              124.44796694200011,
              -2.02409128599993,
              0,
              null
            ],
            [
              124.44807815100012,
              -2.02383593899998,
              0,
              null
            ],
            [
              124.44755105000002,
              -2.023814510999955,
              0,
              null
            ],
            [
              124.44731871300007,
              -2.0237926899999366,
              0,
              null
            ],
            [
              124.44716966900012,
              -2.023784009999929,
              0,
              null
            ],
            [
              124.44711268700007,
              -2.023784060999958,
              0,
              null
            ],
            [
              124.44702499000005,
              -2.0237532959999385,
              0,
              null
            ],
            [
              124.44657319600003,
              -2.02340559299995,
              0,
              null
            ]
          ]
        ]
      },
      "properties": {
        "name": " ",
        "type": "Permukiman dan Tempat Kegiatan",
        "description": "Permukiman dan Tempat Kegiatan",
        "source_code": "GA03030140",
        "source_updated_at": "20130902",
        "source": "BIG Rupabumi Indonesia",
        "source_layer": "Permukiman (area)",
        "retrieved_at": "2026-09-15"
      }
    },
    {
      "type": "Feature",
      "id": 16248,
      "geometry": {
        "type": "Polygon",
        "coordinates": [
          [
            [
              124.44706562900001,
              -2.0175798659999487,
              0,
              null
            ],
            [
              124.44665087800001,
              -2.017542938999952,
              0,
              null
            ],
            [
              124.44627798400006,
              -2.0175332369999524,
              0,
              null
            ],
            [
              124.44611277800004,
              -2.0175435549999747,
              0,
              null
            ],
            [
              124.44598804800012,
              -2.0175673999999617,
              0,
              null
            ],
            [
              124.4457925800001,
              -2.017669286999933,
              0,
              null
            ],
            [
              124.4454387400001,
              -2.0178832019999504,
              0,
              null
            ],
            [
              124.44563853600005,
              -2.018454027999951,
              0,
              null
            ],
            [
              124.44662766600004,
              -2.0181191659999627,
              0,
              null
            ],
            [
              124.44673124100007,
              -2.018349144999945,
              0,
              null
            ],
            [
              124.44762438700002,
              -2.0180217919999563,
              0,
              null
            ],
            [
              124.44748800000002,
              -2.017567111999938,
              0,
              null
            ],
            [
              124.4473657200001,
              -2.017589766999947,
              0,
              null
            ],
            [
              124.44706562900001,
              -2.0175798659999487,
              0,
              null
            ]
          ]
        ]
      },
      "properties": {
        "name": " ",
        "type": "Permukiman dan Tempat Kegiatan",
        "description": "Permukiman dan Tempat Kegiatan",
        "source_code": "GA03030140",
        "source_updated_at": "20130902",
        "source": "BIG Rupabumi Indonesia",
        "source_layer": "Permukiman (area)",
        "retrieved_at": "2026-09-15"
      }
    },
    {
      "type": "Feature",
      "id": 16282,
      "geometry": {
        "type": "Polygon",
        "coordinates": [
          [
            [
              124.39933361100009,
              -2.0010961749999296,
              0,
              null
            ],
            [
              124.39821709300008,
              -2.0010496219999254,
              0,
              null
            ],
            [
              124.39814435300002,
              -2.001702439999974,
              0,
              null
            ],
            [
              124.39670060100002,
              -2.0015018939999436,
              0,
              null
            ],
            [
              124.39665799700003,
              -2.001618482999959,
              0,
              null
            ],
            [
              124.39656675700007,
              -2.0017409319999615,
              0,
              null
            ],
            [
              124.39651309200008,
              -2.0018196129999524,
              0,
              null
            ],
            [
              124.39647532700008,
              -2.001973684999939,
              0,
              null
            ],
            [
              124.39647337800011,
              -2.002009664999946,
              0,
              null
            ],
            [
              124.39649440900007,
              -2.0021320169999512,
              0,
              null
            ],
            [
              124.39654061400006,
              -2.0022608109999283,
              0,
              null
            ],
            [
              124.39655485700007,
              -2.002382521999948,
              0,
              null
            ],
            [
              124.39655973700008,
              -2.002468262999969,
              0,
              null
            ],
            [
              124.3965360630001,
              -2.00256350799998,
              0,
              null
            ],
            [
              124.39647927700003,
              -2.0026303429999643,
              0,
              null
            ],
            [
              124.39640354700009,
              -2.0027019339999583,
              0,
              null
            ],
            [
              124.39630886200007,
              -2.002763846999926,
              0,
              null
            ],
            [
              124.39621896500012,
              -2.00280205699994,
              0,
              null
            ],
            [
              124.39615735500001,
              -2.002849721999951,
              0,
              null
            ],
            [
              124.3960579510001,
              -2.003016557999956,
              0,
              null
            ],
            [
              124.39596822300007,
              -2.0032549109999422,
              0,
              null
            ],
            [
              124.39584336600001,
              -2.0037541929999634,
              0,
              null
            ],
            [
              124.39676182500011,
              -2.003933389999929,
              0,
              null
            ],
            [
              124.39686786000004,
              -2.003491940999936,
              0,
              null
            ],
            [
              124.39972846500007,
              -2.0044925689999786,
              0,
              null
            ],
            [
              124.39996738500008,
              -2.0039038889999574,
              0,
              null
            ],
            [
              124.40010007800004,
              -2.003529288999971,
              0,
              null
            ],
            [
              124.39923518300009,
              -2.0031555479999383,
              0,
              null
            ],
            [
              124.39933361100009,
              -2.0010961749999296,
              0,
              null
            ]
          ]
        ]
      },
      "properties": {
        "name": " ",
        "type": "Permukiman dan Tempat Kegiatan",
        "description": "Permukiman dan Tempat Kegiatan",
        "source_code": "GA03030140",
        "source_updated_at": "20130902",
        "source": "BIG Rupabumi Indonesia",
        "source_layer": "Permukiman (area)",
        "retrieved_at": "2026-09-15"
      }
    },
    {
      "type": "Feature",
      "id": 16289,
      "geometry": {
        "type": "Polygon",
        "coordinates": [
          [
            [
              124.57000465900012,
              -1.998452044999965,
              0,
              null
            ],
            [
              124.56939539200005,
              -1.9987033229999724,
              0,
              null
            ],
            [
              124.569435354,
              -1.9991688929999327,
              0,
              null
            ],
            [
              124.56956918200001,
              -1.9997135269999262,
              0,
              null
            ],
            [
              124.57005900800004,
              -1.9996201549999455,
              0,
              null
            ],
            [
              124.5708629500001,
              -1.9994428279999283,
              0,
              null
            ],
            [
              124.57140818200003,
              -1.9992842429999769,
              0,
              null
            ],
            [
              124.57193478700003,
              -1.9991166449999582,
              0,
              null
            ],
            [
              124.57220275200007,
              -1.9990419799999586,
              0,
              null
            ],
            [
              124.57199963900007,
              -1.9984808219999763,
              0,
              null
            ],
            [
              124.57019854600003,
              -1.9989737339999465,
              0,
              null
            ],
            [
              124.57000465900012,
              -1.998452044999965,
              0,
              null
            ]
          ]
        ]
      },
      "properties": {
        "name": " ",
        "type": "Permukiman dan Tempat Kegiatan",
        "description": "Permukiman dan Tempat Kegiatan",
        "source_code": "GA03030140",
        "source_updated_at": "20130902",
        "source": "BIG Rupabumi Indonesia",
        "source_layer": "Permukiman (area)",
        "retrieved_at": "2026-09-15"
      }
    },
    {
      "type": "Feature",
      "id": 16321,
      "geometry": {
        "type": "Polygon",
        "coordinates": [
          [
            [
              124.57423445900008,
              -1.972891342999958,
              0,
              null
            ],
            [
              124.5735707120001,
              -1.9728021269999658,
              0,
              null
            ],
            [
              124.5736832560001,
              -1.9716157189999421,
              0,
              null
            ],
            [
              124.57282927100005,
              -1.9715193019999333,
              0,
              null
            ],
            [
              124.57265232800012,
              -1.9733677549999697,
              0,
              null
            ],
            [
              124.57415849800009,
              -1.9735460139999645,
              0,
              null
            ],
            [
              124.57423445900008,
              -1.972891342999958,
              0,
              null
            ]
          ]
        ]
      },
      "properties": {
        "name": " ",
        "type": "Permukiman dan Tempat Kegiatan",
        "description": "Permukiman dan Tempat Kegiatan",
        "source_code": "GA03030140",
        "source_updated_at": "20130902",
        "source": "BIG Rupabumi Indonesia",
        "source_layer": "Permukiman (area)",
        "retrieved_at": "2026-09-15"
      }
    },
    {
      "type": "Feature",
      "id": 16325,
      "geometry": {
        "type": "Polygon",
        "coordinates": [
          [
            [
              124.68887860300003,
              -1.9698751959999754,
              0,
              null
            ],
            [
              124.68870864500002,
              -1.9695807379999337,
              0,
              null
            ],
            [
              124.68841508900005,
              -1.9690848159999632,
              0,
              null
            ],
            [
              124.68576347600003,
              -1.9703900989999283,
              0,
              null
            ],
            [
              124.68601073000002,
              -1.970855055999948,
              0,
              null
            ],
            [
              124.68614982600002,
              -1.971134038999935,
              0,
              null
            ],
            [
              124.68887860300003,
              -1.9698751959999754,
              0,
              null
            ]
          ]
        ]
      },
      "properties": {
        "name": " ",
        "type": "Permukiman dan Tempat Kegiatan",
        "description": "Permukiman dan Tempat Kegiatan",
        "source_code": "GA03030140",
        "source_updated_at": "20130902",
        "source": "BIG Rupabumi Indonesia",
        "source_layer": "Permukiman (area)",
        "retrieved_at": "2026-09-15"
      }
    },
    {
      "type": "Feature",
      "id": 16337,
      "geometry": {
        "type": "Polygon",
        "coordinates": [
          [
            [
              124.65555222600005,
              -1.9642900609999288,
              0,
              null
            ],
            [
              124.65480044700007,
              -1.9632235089999313,
              0,
              null
            ],
            [
              124.65505472200005,
              -1.9630049439999766,
              0,
              null
            ],
            [
              124.65456983700005,
              -1.9624462189999576,
              0,
              null
            ],
            [
              124.65373456800012,
              -1.9629934149999713,
              0,
              null
            ],
            [
              124.65468670200005,
              -1.964419515999964,
              0,
              null
            ],
            [
              124.6549895920001,
              -1.964796931999956,
              0,
              null
            ],
            [
              124.65555222600005,
              -1.9642900609999288,
              0,
              null
            ]
          ]
        ]
      },
      "properties": {
        "name": " ",
        "type": "Permukiman dan Tempat Kegiatan",
        "description": "Permukiman dan Tempat Kegiatan",
        "source_code": "GA03030140",
        "source_updated_at": "20130902",
        "source": "BIG Rupabumi Indonesia",
        "source_layer": "Permukiman (area)",
        "retrieved_at": "2026-09-15"
      }
    },
    {
      "type": "Feature",
      "id": 16340,
      "geometry": {
        "type": "Polygon",
        "coordinates": [
          [
            [
              124.66812750200006,
              -1.9623496739999382,
              0,
              null
            ],
            [
              124.6682677330001,
              -1.9616568479999614,
              0,
              null
            ],
            [
              124.66627833700011,
              -1.9612928019999458,
              0,
              null
            ],
            [
              124.6660998750001,
              -1.9624258839999698,
              0,
              null
            ],
            [
              124.66797769400011,
              -1.9627687949999313,
              0,
              null
            ],
            [
              124.66812750200006,
              -1.9623496739999382,
              0,
              null
            ]
          ]
        ]
      },
      "properties": {
        "name": " ",
        "type": "Permukiman dan Tempat Kegiatan",
        "description": "Permukiman dan Tempat Kegiatan",
        "source_code": "GA03030140",
        "source_updated_at": "20130902",
        "source": "BIG Rupabumi Indonesia",
        "source_layer": "Permukiman (area)",
        "retrieved_at": "2026-09-15"
      }
    },
    {
      "type": "Feature",
      "id": 16344,
      "geometry": {
        "type": "Polygon",
        "coordinates": [
          [
            [
              124.65215147900005,
              -1.961740926999937,
              0,
              null
            ],
            [
              124.6515810200001,
              -1.960055041999965,
              0,
              null
            ],
            [
              124.65097999500006,
              -1.9601689939999574,
              0,
              null
            ],
            [
              124.65107433000003,
              -1.9605845379999778,
              0,
              null
            ],
            [
              124.65062358900002,
              -1.9606983379999292,
              0,
              null
            ],
            [
              124.65108809500009,
              -1.962158990999967,
              0,
              null
            ],
            [
              124.65215147900005,
              -1.961740926999937,
              0,
              null
            ]
          ]
        ]
      },
      "properties": {
        "name": " ",
        "type": "Permukiman dan Tempat Kegiatan",
        "description": "Permukiman dan Tempat Kegiatan",
        "source_code": "GA03030140",
        "source_updated_at": "20130902",
        "source": "BIG Rupabumi Indonesia",
        "source_layer": "Permukiman (area)",
        "retrieved_at": "2026-09-15"
      }
    },
    {
      "type": "Feature",
      "id": 16354,
      "geometry": {
        "type": "Polygon",
        "coordinates": [
          [
            [
              124.65163868500008,
              -1.9565485009999293,
              0,
              null
            ],
            [
              124.65076628000008,
              -1.9566679469999713,
              0,
              null
            ],
            [
              124.65097976700008,
              -1.9579484019999427,
              0,
              null
            ],
            [
              124.65027241000007,
              -1.9580439659999342,
              0,
              null
            ],
            [
              124.65041468800007,
              -1.9588501699999483,
              0,
              null
            ],
            [
              124.64933004700003,
              -1.9589698259999295,
              0,
              null
            ],
            [
              124.64947206900001,
              -1.9595151539999733,
              0,
              null
            ],
            [
              124.65088681000009,
              -1.9593477399999415,
              0,
              null
            ],
            [
              124.65081553300001,
              -1.958802339999977,
              0,
              null
            ],
            [
              124.65253681000002,
              -1.9586109049999436,
              0,
              null
            ],
            [
              124.65241806600011,
              -1.9577572479999503,
              0,
              null
            ],
            [
              124.65180501100008,
              -1.957829002999972,
              0,
              null
            ],
            [
              124.65163868500008,
              -1.9565485009999293,
              0,
              null
            ]
          ]
        ]
      },
      "properties": {
        "name": " ",
        "type": "Permukiman dan Tempat Kegiatan",
        "description": "Permukiman dan Tempat Kegiatan",
        "source_code": "GA03030140",
        "source_updated_at": "20130902",
        "source": "BIG Rupabumi Indonesia",
        "source_layer": "Permukiman (area)",
        "retrieved_at": "2026-09-15"
      }
    },
    {
      "type": "Feature",
      "id": 16358,
      "geometry": {
        "type": "Polygon",
        "coordinates": [
          [
            [
              124.56054333600002,
              -1.953160981999929,
              0,
              null
            ],
            [
              124.55997112200009,
              -1.9523150449999775,
              0,
              null
            ],
            [
              124.55913028500004,
              -1.9528676609999707,
              0,
              null
            ],
            [
              124.5593317470001,
              -1.9531617829999277,
              0,
              null
            ],
            [
              124.55900274300006,
              -1.9534012159999747,
              0,
              null
            ],
            [
              124.559470841,
              -1.9539835099999436,
              0,
              null
            ],
            [
              124.56054333600002,
              -1.953160981999929,
              0,
              null
            ]
          ]
        ]
      },
      "properties": {
        "name": " ",
        "type": "Permukiman dan Tempat Kegiatan",
        "description": "Permukiman dan Tempat Kegiatan",
        "source_code": "GA03030140",
        "source_updated_at": "20130902",
        "source": "BIG Rupabumi Indonesia",
        "source_layer": "Permukiman (area)",
        "retrieved_at": "2026-09-15"
      }
    },
    {
      "type": "Feature",
      "id": 16374,
      "geometry": {
        "type": "Polygon",
        "coordinates": [
          [
            [
              124.38374090900004,
              -1.940654765999966,
              0,
              null
            ],
            [
              124.38261888700004,
              -1.9411274879999496,
              0,
              null
            ],
            [
              124.38346312300007,
              -1.9424317689999384,
              0,
              null
            ],
            [
              124.38222784300001,
              -1.9431254449999642,
              0,
              null
            ],
            [
              124.38102226000001,
              -1.9417431859999397,
              0,
              null
            ],
            [
              124.3811774940001,
              -1.9413719209999272,
              0,
              null
            ],
            [
              124.37999125700003,
              -1.9409919949999335,
              0,
              null
            ],
            [
              124.37937688400007,
              -1.9423559729999624,
              0,
              null
            ],
            [
              124.38137589500002,
              -1.943245572999956,
              0,
              null
            ],
            [
              124.38159054100004,
              -1.9434902429999283,
              0,
              null
            ],
            [
              124.38118964600005,
              -1.9436791469999548,
              0,
              null
            ],
            [
              124.38068152200003,
              -1.9438858069999583,
              0,
              null
            ],
            [
              124.38145435600006,
              -1.9452476769999407,
              0,
              null
            ],
            [
              124.38180610400002,
              -1.9459806839999487,
              0,
              null
            ],
            [
              124.38120670300009,
              -1.9461959289999413,
              0,
              null
            ],
            [
              124.38138576600011,
              -1.9465552069999603,
              0,
              null
            ],
            [
              124.3816111430001,
              -1.9470396739999387,
              0,
              null
            ],
            [
              124.38237225500006,
              -1.9481901699999753,
              0,
              null
            ],
            [
              124.3826453470001,
              -1.9485425379999697,
              0,
              null
            ],
            [
              124.38291845600008,
              -1.9489210249999473,
              0,
              null
            ],
            [
              124.38307452400011,
              -1.9491428999999698,
              0,
              null
            ],
            [
              124.3831530550001,
              -1.9498610819999271,
              0,
              null
            ],
            [
              124.38314064800011,
              -1.9505793409999796,
              0,
              null
            ],
            [
              124.38312332400005,
              -1.9525843779999263,
              0,
              null
            ],
            [
              124.38308495600006,
              -1.9540288859999464,
              0,
              null
            ],
            [
              124.38296684700003,
              -1.954678334999926,
              0,
              null
            ],
            [
              124.38283669200007,
              -1.9551201269999297,
              0,
              null
            ],
            [
              124.38278341500006,
              -1.9554025799999408,
              0,
              null
            ],
            [
              124.38278359100002,
              -1.955617745999973,
              0,
              null
            ],
            [
              124.38278375700008,
              -1.9558194639999442,
              0,
              null
            ],
            [
              124.38282400900005,
              -1.9559673599999314,
              0,
              null
            ],
            [
              124.38298503400006,
              -1.9565723829999797,
              0,
              null
            ],
            [
              124.3831190630001,
              -1.9568815769999333,
              0,
              null
            ],
            [
              124.38338700000008,
              -1.9573520329999496,
              0,
              null
            ],
            [
              124.38373525400004,
              -1.9578896609999674,
              0,
              null
            ],
            [
              124.38403001200004,
              -1.9584407839999471,
              0,
              null
            ],
            [
              124.3845411320001,
              -1.959171481999931,
              0,
              null
            ],
            [
              124.38489446000006,
              -1.959385536999946,
              0,
              null
            ],
            [
              124.38513444000012,
              -1.959505907999926,
              0,
              null
            ],
            [
              124.38538767700004,
              -1.959545885999944,
              0,
              null
            ],
            [
              124.38562763100003,
              -1.9596394629999736,
              0,
              null
            ],
            [
              124.38613194000004,
              -1.9590049369999747,
              0,
              null
            ],
            [
              124.38464819900003,
              -1.9565129899999647,
              0,
              null
            ],
            [
              124.38455463600008,
              -1.9533626379999305,
              0,
              null
            ],
            [
              124.38456829800009,
              -1.951466504999928,
              0,
              null
            ],
            [
              124.38452137800004,
              -1.9498915389999638,
              0,
              null
            ],
            [
              124.38447167000004,
              -1.9491440869999792,
              0,
              null
            ],
            [
              124.38514953200001,
              -1.9488338349999594,
              0,
              null
            ],
            [
              124.38661822800009,
              -1.9482350189999806,
              0,
              null
            ],
            [
              124.38745859300002,
              -1.949846521999973,
              0,
              null
            ],
            [
              124.38852475400006,
              -1.9493691279999439,
              0,
              null
            ],
            [
              124.38805118800008,
              -1.9482686169999397,
              0,
              null
            ],
            [
              124.38983927600009,
              -1.9475785849999738,
              0,
              null
            ],
            [
              124.3896577490001,
              -1.947524001999966,
              0,
              null
            ],
            [
              124.3894944110001,
              -1.947515014999965,
              0,
              null
            ],
            [
              124.38935829500008,
              -1.9475060069999586,
              0,
              null
            ],
            [
              124.38921305800011,
              -1.947442270999943,
              0,
              null
            ],
            [
              124.38869361100001,
              -1.9471270419999769,
              0,
              null
            ],
            [
              124.38802769000006,
              -1.9461246529999698,
              0,
              null
            ],
            [
              124.38651108200008,
              -1.9441014529999734,
              0,
              null
            ],
            [
              124.38572155700001,
              -1.9429450419999625,
              0,
              null
            ],
            [
              124.38528774200006,
              -1.9422038649999536,
              0,
              null
            ],
            [
              124.38467495600003,
              -1.9409155489999534,
              0,
              null
            ],
            [
              124.38407344900008,
              -1.941149305999943,
              0,
              null
            ],
            [
              124.38374090900004,
              -1.940654765999966,
              0,
              null
            ]
          ]
        ]
      },
      "properties": {
        "name": " ",
        "type": "Permukiman dan Tempat Kegiatan",
        "description": "Permukiman dan Tempat Kegiatan",
        "source_code": "GA03030140",
        "source_updated_at": "20130902",
        "source": "BIG Rupabumi Indonesia",
        "source_layer": "Permukiman (area)",
        "retrieved_at": "2026-09-15"
      }
    },
    {
      "type": "Feature",
      "id": 16424,
      "geometry": {
        "type": "Polygon",
        "coordinates": [
          [
            [
              124.70660400000008,
              -1.910363360999952,
              0,
              null
            ],
            [
              124.70566023000003,
              -1.9088073789999385,
              0,
              null
            ],
            [
              124.70459285800007,
              -1.909390885999926,
              0,
              null
            ],
            [
              124.70557966600006,
              -1.9110326299999656,
              0,
              null
            ],
            [
              124.70660400000008,
              -1.910363360999952,
              0,
              null
            ]
          ]
        ]
      },
      "properties": {
        "name": " ",
        "type": "Permukiman dan Tempat Kegiatan",
        "description": "Permukiman dan Tempat Kegiatan",
        "source_code": "GA03030140",
        "source_updated_at": "20130902",
        "source": "BIG Rupabumi Indonesia",
        "source_layer": "Permukiman (area)",
        "retrieved_at": "2026-09-15"
      }
    },
    {
      "type": "Feature",
      "id": 16443,
      "geometry": {
        "type": "Polygon",
        "coordinates": [
          [
            [
              124.7210453670001,
              -1.8947620069999402,
              0,
              null
            ],
            [
              124.7184186500001,
              -1.8953051049999772,
              0,
              null
            ],
            [
              124.71855858700008,
              -1.8959255099999268,
              0,
              null
            ],
            [
              124.7178422400001,
              -1.8961063829999603,
              0,
              null
            ],
            [
              124.71821843000009,
              -1.8974157599999444,
              0,
              null
            ],
            [
              124.71888563000005,
              -1.8973050379999563,
              0,
              null
            ],
            [
              124.72008062200007,
              -1.8971521589999725,
              0,
              null
            ],
            [
              124.72052814300002,
              -1.8994606119999276,
              0,
              null
            ],
            [
              124.72265661800009,
              -1.899150625999937,
              0,
              null
            ],
            [
              124.72226153100007,
              -1.896842612999933,
              0,
              null
            ],
            [
              124.72160481800006,
              -1.896943359999966,
              0,
              null
            ],
            [
              124.7210453670001,
              -1.8947620069999402,
              0,
              null
            ]
          ]
        ]
      },
      "properties": {
        "name": " ",
        "type": "Permukiman dan Tempat Kegiatan",
        "description": "Permukiman dan Tempat Kegiatan",
        "source_code": "GA03030140",
        "source_updated_at": "20130902",
        "source": "BIG Rupabumi Indonesia",
        "source_layer": "Permukiman (area)",
        "retrieved_at": "2026-09-15"
      }
    },
    {
      "type": "Feature",
      "id": 16448,
      "geometry": {
        "type": "Polygon",
        "coordinates": [
          [
            [
              124.7331601940001,
              -1.8937857269999654,
              0,
              null
            ],
            [
              124.73340819500004,
              -1.8935672219999446,
              0,
              null
            ],
            [
              124.73401603600007,
              -1.8931741709999415,
              0,
              null
            ],
            [
              124.73358874700011,
              -1.8926519059999691,
              0,
              null
            ],
            [
              124.7325054480001,
              -1.8934856219999574,
              0,
              null
            ],
            [
              124.73297430900004,
              -1.89406652699995,
              0,
              null
            ],
            [
              124.7331601940001,
              -1.8937857269999654,
              0,
              null
            ]
          ]
        ]
      },
      "properties": {
        "name": " ",
        "type": "Permukiman dan Tempat Kegiatan",
        "description": "Permukiman dan Tempat Kegiatan",
        "source_code": "GA03030140",
        "source_updated_at": "20130902",
        "source": "BIG Rupabumi Indonesia",
        "source_layer": "Permukiman (area)",
        "retrieved_at": "2026-09-15"
      }
    },
    {
      "type": "Feature",
      "id": 16450,
      "geometry": {
        "type": "Polygon",
        "coordinates": [
          [
            [
              125.02339147200007,
              -1.89228090499995,
              0,
              null
            ],
            [
              125.02315316400006,
              -1.8919379829999343,
              0,
              null
            ],
            [
              125.02287343300009,
              -1.8915535079999586,
              0,
              null
            ],
            [
              125.02002029100004,
              -1.893106467999928,
              0,
              null
            ],
            [
              125.02018614200006,
              -1.8934078759999693,
              0,
              null
            ],
            [
              125.02060044500001,
              -1.8938753929999734,
              0,
              null
            ],
            [
              125.02339147200007,
              -1.89228090499995,
              0,
              null
            ]
          ]
        ]
      },
      "properties": {
        "name": " ",
        "type": "Permukiman dan Tempat Kegiatan",
        "description": "Permukiman dan Tempat Kegiatan",
        "source_code": "GA03030140",
        "source_updated_at": "20130902",
        "source": "BIG Rupabumi Indonesia",
        "source_layer": "Permukiman (area)",
        "retrieved_at": "2026-09-15"
      }
    },
    {
      "type": "Feature",
      "id": 16451,
      "geometry": {
        "type": "Polygon",
        "coordinates": [
          [
            [
              124.85657817600008,
              -1.8928303759999494,
              0,
              null
            ],
            [
              124.85804204800002,
              -1.8925542839999707,
              0,
              null
            ],
            [
              124.85982015700006,
              -1.8921270599999502,
              0,
              null
            ],
            [
              124.86055700100007,
              -1.8919356619999803,
              0,
              null
            ],
            [
              124.86051573700001,
              -1.891699522999943,
              0,
              null
            ],
            [
              124.86039943500009,
              -1.890927000999966,
              0,
              null
            ],
            [
              124.85516479600005,
              -1.8919281999999384,
              0,
              null
            ],
            [
              124.85528180500012,
              -1.8926359779999302,
              0,
              null
            ],
            [
              124.85536498900001,
              -1.8930173649999347,
              0,
              null
            ],
            [
              124.85657817600008,
              -1.8928303759999494,
              0,
              null
            ]
          ]
        ]
      },
      "properties": {
        "name": " ",
        "type": "Permukiman dan Tempat Kegiatan",
        "description": "Permukiman dan Tempat Kegiatan",
        "source_code": "GA03030140",
        "source_updated_at": "20130902",
        "source": "BIG Rupabumi Indonesia",
        "source_layer": "Permukiman (area)",
        "retrieved_at": "2026-09-15"
      }
    },
    {
      "type": "Feature",
      "id": 16452,
      "geometry": {
        "type": "Polygon",
        "coordinates": [
          [
            [
              124.8192348130001,
              -1.8906721019999395,
              0,
              null
            ],
            [
              124.81826602600006,
              -1.8905517459999714,
              0,
              null
            ],
            [
              124.8179857240001,
              -1.892904577999957,
              0,
              null
            ],
            [
              124.81890752800007,
              -1.89305786999995,
              0,
              null
            ],
            [
              124.8192348130001,
              -1.8906721019999395,
              0,
              null
            ]
          ]
        ]
      },
      "properties": {
        "name": " ",
        "type": "Permukiman dan Tempat Kegiatan",
        "description": "Permukiman dan Tempat Kegiatan",
        "source_code": "GA03030140",
        "source_updated_at": "20130902",
        "source": "BIG Rupabumi Indonesia",
        "source_layer": "Permukiman (area)",
        "retrieved_at": "2026-09-15"
      }
    },
    {
      "type": "Feature",
      "id": 16454,
      "geometry": {
        "type": "Polygon",
        "coordinates": [
          [
            [
              124.82100038200008,
              -1.8909345579999695,
              0,
              null
            ],
            [
              124.82056991400009,
              -1.8889823769999339,
              0,
              null
            ],
            [
              124.81986285400001,
              -1.8891205509999622,
              0,
              null
            ],
            [
              124.82039215500004,
              -1.89107796899998,
              0,
              null
            ],
            [
              124.82100038200008,
              -1.8909345579999695,
              0,
              null
            ]
          ]
        ]
      },
      "properties": {
        "name": " ",
        "type": "Permukiman dan Tempat Kegiatan",
        "description": "Permukiman dan Tempat Kegiatan",
        "source_code": "GA03030140",
        "source_updated_at": "20130902",
        "source": "BIG Rupabumi Indonesia",
        "source_layer": "Permukiman (area)",
        "retrieved_at": "2026-09-15"
      }
    },
    {
      "type": "Feature",
      "id": 16457,
      "geometry": {
        "type": "Polygon",
        "coordinates": [
          [
            [
              124.82451873600007,
              -1.8885343219999413,
              0,
              null
            ],
            [
              124.8231657660001,
              -1.8888366139999562,
              0,
              null
            ],
            [
              124.82329445100004,
              -1.889294935999942,
              0,
              null
            ],
            [
              124.8224827030001,
              -1.8895106939999664,
              0,
              null
            ],
            [
              124.82282775300007,
              -1.8909058839999489,
              0,
              null
            ],
            [
              124.82289246000005,
              -1.8911984819999361,
              0,
              null
            ],
            [
              124.82625034600005,
              -1.8906057349999514,
              0,
              null
            ],
            [
              124.82615437300001,
              -1.8900739079999767,
              0,
              null
            ],
            [
              124.82602956500011,
              -1.8893493519999538,
              0,
              null
            ],
            [
              124.82473350100008,
              -1.8895799509999733,
              0,
              null
            ],
            [
              124.82451873600007,
              -1.8885343219999413,
              0,
              null
            ]
          ]
        ]
      },
      "properties": {
        "name": " ",
        "type": "Permukiman dan Tempat Kegiatan",
        "description": "Permukiman dan Tempat Kegiatan",
        "source_code": "GA03030140",
        "source_updated_at": "20130902",
        "source": "BIG Rupabumi Indonesia",
        "source_layer": "Permukiman (area)",
        "retrieved_at": "2026-09-15"
      }
    },
    {
      "type": "Feature",
      "id": 16464,
      "geometry": {
        "type": "Polygon",
        "coordinates": [
          [
            [
              125.28990612900009,
              -1.8836409089999506,
              0,
              null
            ],
            [
              125.2900867190001,
              -1.8830937969999582,
              0,
              null
            ],
            [
              125.28917987400007,
              -1.8828557399999681,
              0,
              null
            ],
            [
              125.2889388110001,
              -1.8839121369999248,
              0,
              null
            ],
            [
              125.28878546900012,
              -1.8845424529999377,
              0,
              null
            ],
            [
              125.28995347900002,
              -1.8848109439999803,
              0,
              null
            ],
            [
              125.28979520900009,
              -1.8854753569999616,
              0,
              null
            ],
            [
              125.29039591900005,
              -1.8855770999999777,
              0,
              null
            ],
            [
              125.29056665400003,
              -1.8850756299999603,
              0,
              null
            ],
            [
              125.29066527200007,
              -1.8847552159999736,
              0,
              null
            ],
            [
              125.29136966600004,
              -1.8849833669999612,
              0,
              null
            ],
            [
              125.29179870400003,
              -1.8837865159999296,
              0,
              null
            ],
            [
              125.29048369700001,
              -1.883378099999959,
              0,
              null
            ],
            [
              125.29032557700009,
              -1.8837770709999404,
              0,
              null
            ],
            [
              125.28990612900009,
              -1.8836409089999506,
              0,
              null
            ]
          ]
        ]
      },
      "properties": {
        "name": " ",
        "type": "Permukiman dan Tempat Kegiatan",
        "description": "Permukiman dan Tempat Kegiatan",
        "source_code": "GA03030140",
        "source_updated_at": "20130902",
        "source": "BIG Rupabumi Indonesia",
        "source_layer": "Permukiman (area)",
        "retrieved_at": "2026-09-15"
      }
    },
    {
      "type": "Feature",
      "id": 16495,
      "geometry": {
        "type": "Polygon",
        "coordinates": [
          [
            [
              124.78534713600004,
              -1.865736821999974,
              0,
              null
            ],
            [
              124.78455730000007,
              -1.864325790999942,
              0,
              null
            ],
            [
              124.78386542300007,
              -1.8647133019999274,
              0,
              null
            ],
            [
              124.78417829400007,
              -1.8657277349999504,
              0,
              null
            ],
            [
              124.78445598600001,
              -1.8662650329999337,
              0,
              null
            ],
            [
              124.78534713600004,
              -1.865736821999974,
              0,
              null
            ]
          ]
        ]
      },
      "properties": {
        "name": " ",
        "type": "Permukiman dan Tempat Kegiatan",
        "description": "Permukiman dan Tempat Kegiatan",
        "source_code": "GA03030140",
        "source_updated_at": "20130902",
        "source": "BIG Rupabumi Indonesia",
        "source_layer": "Permukiman (area)",
        "retrieved_at": "2026-09-15"
      }
    },
    {
      "type": "Feature",
      "id": 16644,
      "geometry": {
        "type": "Polygon",
        "coordinates": [
          [
            [
              125.10204262800005,
              -1.7619280599999456,
              0,
              null
            ],
            [
              125.10171767300005,
              -1.761406418999968,
              0,
              null
            ],
            [
              125.10156586000005,
              -1.7610150829999611,
              0,
              null
            ],
            [
              125.10147746100006,
              -1.7605446439999355,
              0,
              null
            ],
            [
              125.10131060000003,
              -1.760474927999951,
              0,
              null
            ],
            [
              125.10097550500006,
              -1.761224742999957,
              0,
              null
            ],
            [
              125.10164084300004,
              -1.7616035639999268,
              0,
              null
            ],
            [
              125.10149750400001,
              -1.7619833009999297,
              0,
              null
            ],
            [
              125.10079630400003,
              -1.7616768209999805,
              0,
              null
            ],
            [
              125.09964855400005,
              -1.7637929009999311,
              0,
              null
            ],
            [
              125.10108718100003,
              -1.7646588679999695,
              0,
              null
            ],
            [
              125.10132348000002,
              -1.7643002649999744,
              0,
              null
            ],
            [
              125.10130986800004,
              -1.7641649009999583,
              0,
              null
            ],
            [
              125.10133655900006,
              -1.7639618039999618,
              0,
              null
            ],
            [
              125.10153821200004,
              -1.763744967999969,
              0,
              null
            ],
            [
              125.1018281370001,
              -1.763494335999951,
              0,
              null
            ],
            [
              125.10202237200008,
              -1.7631461069999546,
              0,
              null
            ],
            [
              125.10208680700009,
              -1.7627545249999343,
              0,
              null
            ],
            [
              125.10208634300011,
              -1.762341269999979,
              0,
              null
            ],
            [
              125.10204262800005,
              -1.7619280599999456,
              0,
              null
            ]
          ]
        ]
      },
      "properties": {
        "name": " ",
        "type": "Permukiman dan Tempat Kegiatan",
        "description": "Permukiman dan Tempat Kegiatan",
        "source_code": "GA03030140",
        "source_updated_at": "20130902",
        "source": "BIG Rupabumi Indonesia",
        "source_layer": "Permukiman (area)",
        "retrieved_at": "2026-09-15"
      }
    },
    {
      "type": "Feature",
      "id": 16710,
      "geometry": {
        "type": "Polygon",
        "coordinates": [
          [
            [
              124.84634766700003,
              -1.716655396999954,
              0,
              null
            ],
            [
              124.84500097700004,
              -1.7160964269999681,
              0,
              null
            ],
            [
              124.8445533040001,
              -1.71718629399993,
              0,
              null
            ],
            [
              124.84585354700005,
              -1.7177141809999625,
              0,
              null
            ],
            [
              124.84634766700003,
              -1.716655396999954,
              0,
              null
            ]
          ]
        ]
      },
      "properties": {
        "name": " ",
        "type": "Permukiman dan Tempat Kegiatan",
        "description": "Permukiman dan Tempat Kegiatan",
        "source_code": "GA03030140",
        "source_updated_at": "20130902",
        "source": "BIG Rupabumi Indonesia",
        "source_layer": "Permukiman (area)",
        "retrieved_at": "2026-09-15"
      }
    },
    {
      "type": "Feature",
      "id": 16717,
      "geometry": {
        "type": "Polygon",
        "coordinates": [
          [
            [
              124.89957788200002,
              -1.7101449699999307,
              0,
              null
            ],
            [
              124.89720842400004,
              -1.709979910999948,
              0,
              null
            ],
            [
              124.8971603760001,
              -1.7107999349999545,
              0,
              null
            ],
            [
              124.89953016700008,
              -1.7109258519999457,
              0,
              null
            ],
            [
              124.89957788200002,
              -1.7101449699999307,
              0,
              null
            ]
          ]
        ]
      },
      "properties": {
        "name": " ",
        "type": "Permukiman dan Tempat Kegiatan",
        "description": "Permukiman dan Tempat Kegiatan",
        "source_code": "GA03030140",
        "source_updated_at": "20130902",
        "source": "BIG Rupabumi Indonesia",
        "source_layer": "Permukiman (area)",
        "retrieved_at": "2026-09-15"
      }
    },
    {
      "type": "Feature",
      "id": 16775,
      "geometry": {
        "type": "Polygon",
        "coordinates": [
          [
            [
              124.80174288600006,
              -1.6852673709999522,
              0,
              null
            ],
            [
              124.80076274900011,
              -1.6849592959999313,
              0,
              null
            ],
            [
              124.80068118800011,
              -1.6848855519999688,
              0,
              null
            ],
            [
              124.80026829100007,
              -1.6859810049999737,
              0,
              null
            ],
            [
              124.80135441200002,
              -1.6863479949999487,
              0,
              null
            ],
            [
              124.80174288600006,
              -1.6852673709999522,
              0,
              null
            ]
          ]
        ]
      },
      "properties": {
        "name": " ",
        "type": "Permukiman dan Tempat Kegiatan",
        "description": "Permukiman dan Tempat Kegiatan",
        "source_code": "GA03030140",
        "source_updated_at": "20130902",
        "source": "BIG Rupabumi Indonesia",
        "source_layer": "Permukiman (area)",
        "retrieved_at": "2026-09-15"
      }
    },
    {
      "type": "Feature",
      "id": 16782,
      "geometry": {
        "type": "Polygon",
        "coordinates": [
          [
            [
              124.80047930800004,
              -1.6843906319999746,
              0,
              null
            ],
            [
              124.80024430200001,
              -1.6838283039999737,
              0,
              null
            ],
            [
              124.79993121100006,
              -1.6829935819999378,
              0,
              null
            ],
            [
              124.79876841100008,
              -1.683392453999943,
              0,
              null
            ],
            [
              124.79901223700006,
              -1.6839724589999605,
              0,
              null
            ],
            [
              124.79936389300008,
              -1.6848274019999394,
              0,
              null
            ],
            [
              124.80047930800004,
              -1.6843906319999746,
              0,
              null
            ]
          ]
        ]
      },
      "properties": {
        "name": " ",
        "type": "Permukiman dan Tempat Kegiatan",
        "description": "Permukiman dan Tempat Kegiatan",
        "source_code": "GA03030140",
        "source_updated_at": "20130902",
        "source": "BIG Rupabumi Indonesia",
        "source_layer": "Permukiman (area)",
        "retrieved_at": "2026-09-15"
      }
    },
    {
      "type": "Feature",
      "id": 16784,
      "geometry": {
        "type": "Polygon",
        "coordinates": [
          [
            [
              124.86603347100004,
              -1.6852062699999806,
              0,
              null
            ],
            [
              124.86589938400004,
              -1.6847850659999608,
              0,
              null
            ],
            [
              124.86829585600003,
              -1.683858149999935,
              0,
              null
            ],
            [
              124.86814373000004,
              -1.6834351569999626,
              0,
              null
            ],
            [
              124.86792933800007,
              -1.6827971859999593,
              0,
              null
            ],
            [
              124.8652467600001,
              -1.6837167459999591,
              0,
              null
            ],
            [
              124.86359886200012,
              -1.6838937169999326,
              0,
              null
            ],
            [
              124.8636351670001,
              -1.6842852349999475,
              0,
              null
            ],
            [
              124.86311833500008,
              -1.6843753779999702,
              0,
              null
            ],
            [
              124.86319206500002,
              -1.6849289839999528,
              0,
              null
            ],
            [
              124.86329763900005,
              -1.6854868049999254,
              0,
              null
            ],
            [
              124.86468770500005,
              -1.6852075669999635,
              0,
              null
            ],
            [
              124.86475929200003,
              -1.6855122879999271,
              0,
              null
            ],
            [
              124.86603347100004,
              -1.6852062699999806,
              0,
              null
            ]
          ]
        ]
      },
      "properties": {
        "name": " ",
        "type": "Permukiman dan Tempat Kegiatan",
        "description": "Permukiman dan Tempat Kegiatan",
        "source_code": "GA03030140",
        "source_updated_at": "20130902",
        "source": "BIG Rupabumi Indonesia",
        "source_layer": "Permukiman (area)",
        "retrieved_at": "2026-09-15"
      }
    },
    {
      "type": "Feature",
      "id": 16786,
      "geometry": {
        "type": "Polygon",
        "coordinates": [
          [
            [
              124.80163106300006,
              -1.6820224779999648,
              0,
              null
            ],
            [
              124.80110518600009,
              -1.6818574709999439,
              0,
              null
            ],
            [
              124.79972837600008,
              -1.6814295719999564,
              0,
              null
            ],
            [
              124.79950562300007,
              -1.6818787159999715,
              0,
              null
            ],
            [
              124.80094616800011,
              -1.6824213639999357,
              0,
              null
            ],
            [
              124.80100561200004,
              -1.682268601999965,
              0,
              null
            ],
            [
              124.80152533700004,
              -1.682400452999957,
              0,
              null
            ],
            [
              124.80163106300006,
              -1.6820224779999648,
              0,
              null
            ]
          ]
        ]
      },
      "properties": {
        "name": " ",
        "type": "Permukiman dan Tempat Kegiatan",
        "description": "Permukiman dan Tempat Kegiatan",
        "source_code": "GA03030140",
        "source_updated_at": "20130902",
        "source": "BIG Rupabumi Indonesia",
        "source_layer": "Permukiman (area)",
        "retrieved_at": "2026-09-15"
      }
    },
    {
      "type": "Feature",
      "id": 16790,
      "geometry": {
        "type": "Polygon",
        "coordinates": [
          [
            [
              124.8172610900001,
              -1.680432203999942,
              0,
              null
            ],
            [
              124.816396112,
              -1.6802722739999467,
              0,
              null
            ],
            [
              124.81626522700003,
              -1.6810477319999677,
              0,
              null
            ],
            [
              124.81711141100004,
              -1.6812171339999509,
              0,
              null
            ],
            [
              124.8172610900001,
              -1.680432203999942,
              0,
              null
            ]
          ]
        ]
      },
      "properties": {
        "name": " ",
        "type": "Permukiman dan Tempat Kegiatan",
        "description": "Permukiman dan Tempat Kegiatan",
        "source_code": "GA03030140",
        "source_updated_at": "20130902",
        "source": "BIG Rupabumi Indonesia",
        "source_layer": "Permukiman (area)",
        "retrieved_at": "2026-09-15"
      }
    },
    {
      "type": "Feature",
      "id": 16800,
      "geometry": {
        "type": "Polygon",
        "coordinates": [
          [
            [
              124.77226530500002,
              -1.6762917239999524,
              0,
              null
            ],
            [
              124.77181042600012,
              -1.6762440749999428,
              0,
              null
            ],
            [
              124.77187409100009,
              -1.6758748169999649,
              0,
              null
            ],
            [
              124.7710794510001,
              -1.6757568689999403,
              0,
              null
            ],
            [
              124.7708132790001,
              -1.6772941109999806,
              0,
              null
            ],
            [
              124.77207935000001,
              -1.6773543169999243,
              0,
              null
            ],
            [
              124.77226530500002,
              -1.6762917239999524,
              0,
              null
            ]
          ]
        ]
      },
      "properties": {
        "name": " ",
        "type": "Permukiman dan Tempat Kegiatan",
        "description": "Permukiman dan Tempat Kegiatan",
        "source_code": "GA03030140",
        "source_updated_at": "20130902",
        "source": "BIG Rupabumi Indonesia",
        "source_layer": "Permukiman (area)",
        "retrieved_at": "2026-09-15"
      }
    },
    {
      "type": "Feature",
      "id": 16816,
      "geometry": {
        "type": "Polygon",
        "coordinates": [
          [
            [
              124.68803565300004,
              -1.6726100709999514,
              0,
              null
            ],
            [
              124.68698730400001,
              -1.671460020999973,
              0,
              null
            ],
            [
              124.68650898800001,
              -1.6718981549999512,
              0,
              null
            ],
            [
              124.68752071300003,
              -1.673085685999979,
              0,
              null
            ],
            [
              124.68803565300004,
              -1.6726100709999514,
              0,
              null
            ]
          ]
        ]
      },
      "properties": {
        "name": " ",
        "type": "Permukiman dan Tempat Kegiatan",
        "description": "Permukiman dan Tempat Kegiatan",
        "source_code": "GA03030140",
        "source_updated_at": "20130902",
        "source": "BIG Rupabumi Indonesia",
        "source_layer": "Permukiman (area)",
        "retrieved_at": "2026-09-15"
      }
    },
    {
      "type": "Feature",
      "id": 16817,
      "geometry": {
        "type": "Polygon",
        "coordinates": [
          [
            [
              124.6896238380001,
              -1.6716691569999398,
              0,
              null
            ],
            [
              124.68897908100007,
              -1.671000160999938,
              0,
              null
            ],
            [
              124.68850703100009,
              -1.6714109419999659,
              0,
              null
            ],
            [
              124.68885093900008,
              -1.6718102189999513,
              0,
              null
            ],
            [
              124.68867930300007,
              -1.671983154999964,
              0,
              null
            ],
            [
              124.68892738000011,
              -1.6722460499999556,
              0,
              null
            ],
            [
              124.6896238380001,
              -1.6716691569999398,
              0,
              null
            ]
          ]
        ]
      },
      "properties": {
        "name": " ",
        "type": "Permukiman dan Tempat Kegiatan",
        "description": "Permukiman dan Tempat Kegiatan",
        "source_code": "GA03030140",
        "source_updated_at": "20130902",
        "source": "BIG Rupabumi Indonesia",
        "source_layer": "Permukiman (area)",
        "retrieved_at": "2026-09-15"
      }
    },
    {
      "type": "Feature",
      "id": 16831,
      "geometry": {
        "type": "Polygon",
        "coordinates": [
          [
            [
              124.43958839900006,
              -1.6651032869999653,
              0,
              null
            ],
            [
              124.43856797900003,
              -1.6652360739999494,
              0,
              null
            ],
            [
              124.43656180200003,
              -1.6652861329999382,
              0,
              null
            ],
            [
              124.43444239100006,
              -1.66526840399996,
              0,
              null
            ],
            [
              124.43435570500003,
              -1.6663412319999793,
              0,
              null
            ],
            [
              124.4371352500001,
              -1.666557637999972,
              0,
              null
            ],
            [
              124.43715124700009,
              -1.6672129609999615,
              0,
              null
            ],
            [
              124.43792277800003,
              -1.6672356069999523,
              0,
              null
            ],
            [
              124.43827381800008,
              -1.6672670719999587,
              0,
              null
            ],
            [
              124.4383044120001,
              -1.666753574999973,
              0,
              null
            ],
            [
              124.44036381700005,
              -1.6667676199999732,
              0,
              null
            ],
            [
              124.44036419100007,
              -1.667281093999975,
              0,
              null
            ],
            [
              124.4415255030001,
              -1.6672802389999788,
              0,
              null
            ],
            [
              124.44140041600008,
              -1.6656154279999669,
              0,
              null
            ],
            [
              124.43966623800009,
              -1.6656789429999321,
              0,
              null
            ],
            [
              124.43958839900006,
              -1.6651032869999653,
              0,
              null
            ]
          ]
        ]
      },
      "properties": {
        "name": " ",
        "type": "Permukiman dan Tempat Kegiatan",
        "description": "Permukiman dan Tempat Kegiatan",
        "source_code": "GA03030140",
        "source_updated_at": "20130902",
        "source": "BIG Rupabumi Indonesia",
        "source_layer": "Permukiman (area)",
        "retrieved_at": "2026-09-15"
      }
    },
    {
      "type": "Feature",
      "id": 16832,
      "geometry": {
        "type": "Polygon",
        "coordinates": [
          [
            [
              124.4256284810001,
              -1.665683830999967,
              0,
              null
            ],
            [
              124.42676660000006,
              -1.665621496999961,
              0,
              null
            ],
            [
              124.42673674700006,
              -1.6652300409999725,
              0,
              null
            ],
            [
              124.42307258000005,
              -1.66520479899998,
              0,
              null
            ],
            [
              124.42051292000008,
              -1.6649948629999471,
              0,
              null
            ],
            [
              124.42054141000006,
              -1.6658883519999677,
              0,
              null
            ],
            [
              124.41942684900005,
              -1.6659146159999523,
              0,
              null
            ],
            [
              124.41950408200012,
              -1.667645514999947,
              0,
              null
            ],
            [
              124.42301513500001,
              -1.6677234259999523,
              0,
              null
            ],
            [
              124.42289626600007,
              -1.667021358999932,
              0,
              null
            ],
            [
              124.42273058100011,
              -1.6658763679999424,
              0,
              null
            ],
            [
              124.4234861650001,
              -1.6658560959999704,
              0,
              null
            ],
            [
              124.4235256720001,
              -1.6662110619999453,
              0,
              null
            ],
            [
              124.42568440600007,
              -1.6660418549999463,
              0,
              null
            ],
            [
              124.4256284810001,
              -1.665683830999967,
              0,
              null
            ]
          ]
        ]
      },
      "properties": {
        "name": " ",
        "type": "Permukiman dan Tempat Kegiatan",
        "description": "Permukiman dan Tempat Kegiatan",
        "source_code": "GA03030140",
        "source_updated_at": "20130902",
        "source": "BIG Rupabumi Indonesia",
        "source_layer": "Permukiman (area)",
        "retrieved_at": "2026-09-15"
      }
    },
    {
      "type": "Feature",
      "id": 16842,
      "geometry": {
        "type": "Polygon",
        "coordinates": [
          [
            [
              124.53673638300006,
              -1.6600679269999432,
              0,
              null
            ],
            [
              124.53624123800012,
              -1.6593993169999521,
              0,
              null
            ],
            [
              124.5358427760001,
              -1.6598795129999644,
              0,
              null
            ],
            [
              124.53415213300002,
              -1.6612545099999352,
              0,
              null
            ],
            [
              124.53375870000002,
              -1.660612313999934,
              0,
              null
            ],
            [
              124.53294565600004,
              -1.661522050999963,
              0,
              null
            ],
            [
              124.53339974400001,
              -1.6620162239999559,
              0,
              null
            ],
            [
              124.53378755500012,
              -1.6623831019999784,
              0,
              null
            ],
            [
              124.53673638300006,
              -1.6600679269999432,
              0,
              null
            ]
          ]
        ]
      },
      "properties": {
        "name": " ",
        "type": "Permukiman dan Tempat Kegiatan",
        "description": "Permukiman dan Tempat Kegiatan",
        "source_code": "GA03030140",
        "source_updated_at": "20130902",
        "source": "BIG Rupabumi Indonesia",
        "source_layer": "Permukiman (area)",
        "retrieved_at": "2026-09-15"
      }
    },
    {
      "type": "Feature",
      "id": 16847,
      "geometry": {
        "type": "Polygon",
        "coordinates": [
          [
            [
              124.54220093900005,
              -1.6571394369999553,
              0,
              null
            ],
            [
              124.54179601600003,
              -1.6564944279999736,
              0,
              null
            ],
            [
              124.54124711100008,
              -1.656919820999974,
              0,
              null
            ],
            [
              124.54158185100005,
              -1.6574860259999582,
              0,
              null
            ],
            [
              124.54220093900005,
              -1.6571394369999553,
              0,
              null
            ]
          ]
        ]
      },
      "properties": {
        "name": " ",
        "type": "Permukiman dan Tempat Kegiatan",
        "description": "Permukiman dan Tempat Kegiatan",
        "source_code": "GA03030140",
        "source_updated_at": "20130902",
        "source": "BIG Rupabumi Indonesia",
        "source_layer": "Permukiman (area)",
        "retrieved_at": "2026-09-15"
      }
    },
    {
      "type": "Feature",
      "id": 16850,
      "geometry": {
        "type": "Polygon",
        "coordinates": [
          [
            [
              124.53954330400006,
              -1.6551855759999512,
              0,
              null
            ],
            [
              124.53894860800006,
              -1.6549120559999437,
              0,
              null
            ],
            [
              124.53881108000007,
              -1.6551885679999714,
              0,
              null
            ],
            [
              124.53838607000012,
              -1.6549250499999744,
              0,
              null
            ],
            [
              124.53784762300006,
              -1.6563110429999597,
              0,
              null
            ],
            [
              124.53828213800011,
              -1.6564979329999687,
              0,
              null
            ],
            [
              124.53889452200008,
              -1.6567873329999543,
              0,
              null
            ],
            [
              124.53954330400006,
              -1.6551855759999512,
              0,
              null
            ]
          ]
        ]
      },
      "properties": {
        "name": " ",
        "type": "Permukiman dan Tempat Kegiatan",
        "description": "Permukiman dan Tempat Kegiatan",
        "source_code": "GA03030140",
        "source_updated_at": "20130902",
        "source": "BIG Rupabumi Indonesia",
        "source_layer": "Permukiman (area)",
        "retrieved_at": "2026-09-15"
      }
    },
    {
      "type": "Feature",
      "id": 28251,
      "geometry": {
        "type": "Polygon",
        "coordinates": [
          [
            [
              124.64261210600012,
              -1.9838840169999798,
              0,
              null
            ],
            [
              124.64233602900003,
              -1.983312815999966,
              0,
              null
            ],
            [
              124.64120011300008,
              -1.9839027429999305,
              0,
              null
            ],
            [
              124.64063065300002,
              -1.9826737699999626,
              0,
              null
            ],
            [
              124.63828975000001,
              -1.9836632009999562,
              0,
              null
            ],
            [
              124.63861765900003,
              -1.9844075249999378,
              0,
              null
            ],
            [
              124.63832505900007,
              -1.9845463579999318,
              0,
              null
            ],
            [
              124.63873925300004,
              -1.9854810889999612,
              0,
              null
            ],
            [
              124.64186515400002,
              -1.984289252999929,
              0,
              null
            ],
            [
              124.64261210600012,
              -1.9838840169999798,
              0,
              null
            ]
          ]
        ]
      },
      "properties": {
        "name": "Air tangga",
        "type": "Permukiman dan Tempat Kegiatan",
        "description": "Permukiman dan Tempat Kegiatan",
        "source_code": "GA03030140",
        "source_updated_at": "20130902",
        "source": "BIG Rupabumi Indonesia",
        "source_layer": "Permukiman (area)",
        "retrieved_at": "2026-09-15"
      }
    },
    {
      "type": "Feature",
      "id": 28272,
      "geometry": {
        "type": "Polygon",
        "coordinates": [
          [
            [
              124.56504593200009,
              -1.6559764669999595,
              0,
              null
            ],
            [
              124.56490937100011,
              -1.6562209899999516,
              0,
              null
            ],
            [
              124.56640262600001,
              -1.6571237469999573,
              0,
              null
            ],
            [
              124.56629577000001,
              -1.65750597899995,
              0,
              null
            ],
            [
              124.56658186000004,
              -1.6576727679999408,
              0,
              null
            ],
            [
              124.56706110300001,
              -1.6571249489999786,
              0,
              null
            ],
            [
              124.5667287660001,
              -1.6568004629999677,
              0,
              null
            ],
            [
              124.56692225900008,
              -1.6565219529999808,
              0,
              null
            ],
            [
              124.56642383500002,
              -1.6561326489999715,
              0,
              null
            ],
            [
              124.5662211340001,
              -1.6564390029999458,
              0,
              null
            ],
            [
              124.56581506200007,
              -1.6561888049999425,
              0,
              null
            ],
            [
              124.5656768560001,
              -1.6563930439999694,
              0,
              null
            ],
            [
              124.56504593200009,
              -1.6559764669999595,
              0,
              null
            ]
          ]
        ]
      },
      "properties": {
        "name": "Airbulan",
        "type": "Permukiman dan Tempat Kegiatan",
        "description": "Permukiman dan Tempat Kegiatan",
        "source_code": "GA03030140",
        "source_updated_at": "20130902",
        "source": "BIG Rupabumi Indonesia",
        "source_layer": "Permukiman (area)",
        "retrieved_at": "2026-09-15"
      }
    },
    {
      "type": "Feature",
      "id": 29386,
      "geometry": {
        "type": "Polygon",
        "coordinates": [
          [
            [
              124.67047382500004,
              -1.9722724949999701,
              0,
              null
            ],
            [
              124.66758590800009,
              -1.972762940999928,
              0,
              null
            ],
            [
              124.66616971000008,
              -1.9730112299999405,
              0,
              null
            ],
            [
              124.66624949300001,
              -1.97380557799994,
              0,
              null
            ],
            [
              124.66724236200002,
              -1.9736116429999697,
              0,
              null
            ],
            [
              124.66735192600004,
              -1.974259553999957,
              0,
              null
            ],
            [
              124.66740123300008,
              -1.974496702999943,
              0,
              null
            ],
            [
              124.66868741200005,
              -1.97421167899995,
              0,
              null
            ],
            [
              124.66882919500006,
              -1.9749821489999704,
              0,
              null
            ],
            [
              124.67053586400004,
              -1.9747404959999244,
              0,
              null
            ],
            [
              124.67275717000007,
              -1.9744262459999504,
              0,
              null
            ],
            [
              124.67403017100003,
              -1.974394426999936,
              0,
              null
            ],
            [
              124.67395034300012,
              -1.9730001469999365,
              0,
              null
            ],
            [
              124.67390242800002,
              -1.9723926269999765,
              0,
              null
            ],
            [
              124.67057863600007,
              -1.972757397999942,
              0,
              null
            ],
            [
              124.67047382500004,
              -1.9722724949999701,
              0,
              null
            ]
          ]
        ]
      },
      "properties": {
        "name": "Bahu",
        "type": "Permukiman dan Tempat Kegiatan",
        "description": "Permukiman dan Tempat Kegiatan",
        "source_code": "GA03030140",
        "source_updated_at": "20130902",
        "source": "BIG Rupabumi Indonesia",
        "source_layer": "Permukiman (area)",
        "retrieved_at": "2026-09-15"
      }
    },
    {
      "type": "Feature",
      "id": 30717,
      "geometry": {
        "type": "Polygon",
        "coordinates": [
          [
            [
              124.69282278100002,
              -1.9645645279999258,
              0,
              null
            ],
            [
              124.69235992600011,
              -1.9644254369999317,
              0,
              null
            ],
            [
              124.69183707400009,
              -1.9659766589999776,
              0,
              null
            ],
            [
              124.6911874110001,
              -1.965845409999929,
              0,
              null
            ],
            [
              124.69134435900003,
              -1.9653229329999249,
              0,
              null
            ],
            [
              124.69172129600008,
              -1.9644839159999492,
              0,
              null
            ],
            [
              124.692173808,
              -1.9634021719999737,
              0,
              null
            ],
            [
              124.69084685700011,
              -1.9629073029999518,
              0,
              null
            ],
            [
              124.68967805500006,
              -1.9663045029999466,
              0,
              null
            ],
            [
              124.69057281300002,
              -1.9664741679999338,
              0,
              null
            ],
            [
              124.69029643400006,
              -1.9677150019999772,
              0,
              null
            ],
            [
              124.6897719420001,
              -1.9676380019999442,
              0,
              null
            ],
            [
              124.68963017900012,
              -1.9688454549999506,
              0,
              null
            ],
            [
              124.68960143800007,
              -1.9691640219999726,
              0,
              null
            ],
            [
              124.68955588600011,
              -1.969511526999952,
              0,
              null
            ],
            [
              124.69038627700002,
              -1.969664186999978,
              0,
              null
            ],
            [
              124.69022446400004,
              -1.9710870879999334,
              0,
              null
            ],
            [
              124.69054354500008,
              -1.9709840569999528,
              0,
              null
            ],
            [
              124.69068395900001,
              -1.9709582369999339,
              0,
              null
            ],
            [
              124.6910414670001,
              -1.9709835479999356,
              0,
              null
            ],
            [
              124.69160324100005,
              -1.9709958119999555,
              0,
              null
            ],
            [
              124.69210112300004,
              -1.9709567889999562,
              0,
              null
            ],
            [
              124.692503568,
              -1.9708131909999338,
              0,
              null
            ],
            [
              124.69276309100007,
              -1.970596766999961,
              0,
              null
            ],
            [
              124.69305830000008,
              -1.9702362039999457,
              0,
              null
            ],
            [
              124.69316548000006,
              -1.9699388799999724,
              0,
              null
            ],
            [
              124.69317421700009,
              -1.9697227129999533,
              0,
              null
            ],
            [
              124.69314706700004,
              -1.9694435389999398,
              0,
              null
            ],
            [
              124.69294968300005,
              -1.9691104969999742,
              0,
              null
            ],
            [
              124.69268049200002,
              -1.9686244199999692,
              0,
              null
            ],
            [
              124.69251881700006,
              -1.9681742579999764,
              0,
              null
            ],
            [
              124.69240161100004,
              -1.9674088209999354,
              0,
              null
            ],
            [
              124.69242853500009,
              -1.9659700969999676,
              0,
              null
            ],
            [
              124.69282278100002,
              -1.9645645279999258,
              0,
              null
            ]
          ]
        ]
      },
      "properties": {
        "name": "Bapenu",
        "type": "Permukiman dan Tempat Kegiatan",
        "description": "Permukiman dan Tempat Kegiatan",
        "source_code": "GA03030140",
        "source_updated_at": "20130902",
        "source": "BIG Rupabumi Indonesia",
        "source_layer": "Permukiman (area)",
        "retrieved_at": "2026-09-15"
      }
    },
    {
      "type": "Feature",
      "id": 33194,
      "geometry": {
        "type": "Polygon",
        "coordinates": [
          [
            [
              124.3579239280001,
              -1.787502710999945,
              0,
              null
            ],
            [
              124.35716554800001,
              -1.7870408159999442,
              0,
              null
            ],
            [
              124.35662490900006,
              -1.7881565639999621,
              0,
              null
            ],
            [
              124.35418444100003,
              -1.7878022119999741,
              0,
              null
            ],
            [
              124.35384490700005,
              -1.7879135889999702,
              0,
              null
            ],
            [
              124.3532459920001,
              -1.7880254749999267,
              0,
              null
            ],
            [
              124.35376850000011,
              -1.7884680759999583,
              0,
              null
            ],
            [
              124.35400016200003,
              -1.788658236999936,
              0,
              null
            ],
            [
              124.35422879700002,
              -1.7888117929999794,
              0,
              null
            ],
            [
              124.35438804600005,
              -1.7888173969999457,
              0,
              null
            ],
            [
              124.35452452200002,
              -1.7887886809999713,
              0,
              null
            ],
            [
              124.35473489100002,
              -1.7887026689999743,
              0,
              null
            ],
            [
              124.3551158460001,
              -1.7885707449999586,
              0,
              null
            ],
            [
              124.35534719600003,
              -1.7885152589999507,
              0,
              null
            ],
            [
              124.35550543000011,
              -1.7884896579999463,
              0,
              null
            ],
            [
              124.35565735300008,
              -1.7884895449999476,
              0,
              null
            ],
            [
              124.3557523070001,
              -1.7884958439999536,
              0,
              null
            ],
            [
              124.35587891700004,
              -1.7885021219999544,
              0,
              null
            ],
            [
              124.35598654800003,
              -1.788527520999935,
              0,
              null
            ],
            [
              124.35609421200002,
              -1.788597516999971,
              0,
              null
            ],
            [
              124.35623991900002,
              -1.7887566709999305,
              0,
              null
            ],
            [
              124.3563350500001,
              -1.7889986759999488,
              0,
              null
            ],
            [
              124.35637952400009,
              -1.7892216079999343,
              0,
              null
            ],
            [
              124.35638597000002,
              -1.7893808649999414,
              0,
              null
            ],
            [
              124.35637975800012,
              -1.789540130999967,
              0,
              null
            ],
            [
              124.35633558300003,
              -1.7897249049999573,
              0,
              null
            ],
            [
              124.35719532200005,
              -1.790713273999927,
              0,
              null
            ],
            [
              124.3584669920001,
              -1.7896785899999372,
              0,
              null
            ],
            [
              124.35754560800001,
              -1.7884551169999554,
              0,
              null
            ],
            [
              124.3579239280001,
              -1.787502710999945,
              0,
              null
            ]
          ]
        ]
      },
      "properties": {
        "name": "Bringinjaya",
        "type": "Permukiman dan Tempat Kegiatan",
        "description": "Permukiman dan Tempat Kegiatan",
        "source_code": "GA03030140",
        "source_updated_at": "20130902",
        "source": "BIG Rupabumi Indonesia",
        "source_layer": "Permukiman (area)",
        "retrieved_at": "2026-09-15"
      }
    },
    {
      "type": "Feature",
      "id": 39788,
      "geometry": {
        "type": "Polygon",
        "coordinates": [
          [
            [
              124.7074457440001,
              -1.6573716629999353,
              0,
              null
            ],
            [
              124.70750197300003,
              -1.6579753909999795,
              0,
              null
            ],
            [
              124.70633592000001,
              -1.6580442729999731,
              0,
              null
            ],
            [
              124.706335566,
              -1.6576310849999345,
              0,
              null
            ],
            [
              124.70545872700006,
              -1.65764773799998,
              0,
              null
            ],
            [
              124.7054664420001,
              -1.6574331899999493,
              0,
              null
            ],
            [
              124.70478707600012,
              -1.6574337789999731,
              0,
              null
            ],
            [
              124.70478733300001,
              -1.6571941429999697,
              0,
              null
            ],
            [
              124.70366667300004,
              -1.6571951139999328,
              0,
              null
            ],
            [
              124.70366708600011,
              -1.6576782119999507,
              0,
              null
            ],
            [
              124.70302669500006,
              -1.657662663999929,
              0,
              null
            ],
            [
              124.70289312300008,
              -1.658633259999931,
              0,
              null
            ],
            [
              124.70326748600007,
              -1.6586718109999765,
              0,
              null
            ],
            [
              124.70399021000003,
              -1.658671184999946,
              0,
              null
            ],
            [
              124.70478705800008,
              -1.6586704939999777,
              0,
              null
            ],
            [
              124.70563079300007,
              -1.6588576339999577,
              0,
              null
            ],
            [
              124.706058772,
              -1.658913196999947,
              0,
              null
            ],
            [
              124.70602003900001,
              -1.659335948999967,
              0,
              null
            ],
            [
              124.70694855500005,
              -1.6593842979999636,
              0,
              null
            ],
            [
              124.70698854900002,
              -1.6604361469999276,
              0,
              null
            ],
            [
              124.70776064900008,
              -1.660435475999975,
              0,
              null
            ],
            [
              124.70776040400006,
              -1.6601503869999306,
              0,
              null
            ],
            [
              124.70866926800011,
              -1.6600807809999765,
              0,
              null
            ],
            [
              124.70863923900004,
              -1.6592550299999402,
              0,
              null
            ],
            [
              124.70993884500001,
              -1.65895897799993,
              0,
              null
            ],
            [
              124.70977770000002,
              -1.6585564459999773,
              0,
              null
            ],
            [
              124.71095780500002,
              -1.6580565649999244,
              0,
              null
            ],
            [
              124.71106364900004,
              -1.658217820999937,
              0,
              null
            ],
            [
              124.71153880500003,
              -1.6579924009999445,
              0,
              null
            ],
            [
              124.7113987680001,
              -1.6577253309999378,
              0,
              null
            ],
            [
              124.71255861700001,
              -1.6570774299999584,
              0,
              null
            ],
            [
              124.71242749600003,
              -1.656792659999951,
              0,
              null
            ],
            [
              124.71226867300004,
              -1.656534249999936,
              0,
              null
            ],
            [
              124.71049936100007,
              -1.657741102999978,
              0,
              null
            ],
            [
              124.71034457000007,
              -1.6574444809999704,
              0,
              null
            ],
            [
              124.71099043900006,
              -1.6570058549999658,
              0,
              null
            ],
            [
              124.71039847200007,
              -1.6561169989999485,
              0,
              null
            ],
            [
              124.7091044880001,
              -1.6569388139999432,
              0,
              null
            ],
            [
              124.70832149900002,
              -1.657280863999972,
              0,
              null
            ],
            [
              124.70789079000008,
              -1.6573862759999543,
              0,
              null
            ],
            [
              124.7074457440001,
              -1.6573716629999353,
              0,
              null
            ]
          ]
        ]
      },
      "properties": {
        "name": "Gela",
        "type": "Permukiman dan Tempat Kegiatan",
        "description": "Permukiman dan Tempat Kegiatan",
        "source_code": "GA03030140",
        "source_updated_at": "20130902",
        "source": "BIG Rupabumi Indonesia",
        "source_layer": "Permukiman (area)",
        "retrieved_at": "2026-09-15"
      }
    },
    {
      "type": "Feature",
      "id": 43550,
      "geometry": {
        "type": "Polygon",
        "coordinates": [
          [
            [
              124.8116009790001,
              -1.6816080119999697,
              0,
              null
            ],
            [
              124.81150416800006,
              -1.680557308999937,
              0,
              null
            ],
            [
              124.81149859200002,
              -1.6803683519999595,
              0,
              null
            ],
            [
              124.80831326500004,
              -1.6804155749999268,
              0,
              null
            ],
            [
              124.80700599800002,
              -1.6796095779999405,
              0,
              null
            ],
            [
              124.80725157800009,
              -1.679296504999968,
              0,
              null
            ],
            [
              124.80604610500006,
              -1.6783861809999507,
              0,
              null
            ],
            [
              124.80557684100006,
              -1.6789596169999754,
              0,
              null
            ],
            [
              124.80452673600007,
              -1.677943652999943,
              0,
              null
            ],
            [
              124.80409677500006,
              -1.678287766999972,
              0,
              null
            ],
            [
              124.80350406900004,
              -1.6768108779999693,
              0,
              null
            ],
            [
              124.80332309000005,
              -1.6768804209999644,
              0,
              null
            ],
            [
              124.80307501300001,
              -1.676974368999936,
              0,
              null
            ],
            [
              124.80340047200002,
              -1.678305785999953,
              0,
              null
            ],
            [
              124.80361929700007,
              -1.6787307849999706,
              0,
              null
            ],
            [
              124.80383805200006,
              -1.6790778319999617,
              0,
              null
            ],
            [
              124.8042260410001,
              -1.6795593669999676,
              0,
              null
            ],
            [
              124.8047458310001,
              -1.6800857289999271,
              0,
              null
            ],
            [
              124.80496542300011,
              -1.6803512579999733,
              0,
              null
            ],
            [
              124.8050302910001,
              -1.6804163749999361,
              0,
              null
            ],
            [
              124.8051649250001,
              -1.680451345999927,
              0,
              null
            ],
            [
              124.8052397140001,
              -1.6804613049999375,
              0,
              null
            ],
            [
              124.80554869700006,
              -1.6803557279999382,
              0,
              null
            ],
            [
              124.80573800700006,
              -1.6802151669999716,
              0,
              null
            ],
            [
              124.80584265900006,
              -1.6801749579999523,
              0,
              null
            ],
            [
              124.80590746700011,
              -1.6801748979999616,
              0,
              null
            ],
            [
              124.80592244600007,
              -1.6801999519999526,
              0,
              null
            ],
            [
              124.80593749500008,
              -1.6803002139999421,
              0,
              null
            ],
            [
              124.80591266900001,
              -1.6804105419999473,
              0,
              null
            ],
            [
              124.80590799600009,
              -1.6807514839999271,
              0,
              null
            ],
            [
              124.80592306800008,
              -1.6808768119999513,
              0,
              null
            ],
            [
              124.80598294200001,
              -1.6809319089999804,
              0,
              null
            ],
            [
              124.80602283600001,
              -1.6809469149999359,
              0,
              null
            ],
            [
              124.80608758400001,
              -1.680881673999977,
              0,
              null
            ],
            [
              124.80612241000006,
              -1.680806433999976,
              0,
              null
            ],
            [
              124.80620705900003,
              -1.6806960539999523,
              0,
              null
            ],
            [
              124.80633160600007,
              -1.6806056889999468,
              0,
              null
            ],
            [
              124.80658079000011,
              -1.6805252369999266,
              0,
              null
            ],
            [
              124.80670040700011,
              -1.6804950419999614,
              0,
              null
            ],
            [
              124.80678516700004,
              -1.6805049909999639,
              0,
              null
            ],
            [
              124.80682008500003,
              -1.6805300269999748,
              0,
              null
            ],
            [
              124.80686503300001,
              -1.6806152209999254,
              0,
              null
            ],
            [
              124.80697185800011,
              -1.68077104799994,
              0,
              null
            ],
            [
              124.80708339400007,
              -1.6808931929999744,
              0,
              null
            ],
            [
              124.80720499300003,
              -1.6809440169999448,
              0,
              null
            ],
            [
              124.80756973700011,
              -1.681035364999957,
              0,
              null
            ],
            [
              124.80783328900009,
              -1.68123886799998,
              0,
              null
            ],
            [
              124.80807681900001,
              -1.6816970809999248,
              0,
              null
            ],
            [
              124.8083811890001,
              -1.6822265469999707,
              0,
              null
            ],
            [
              124.80873348000011,
              -1.68262326699994,
              0,
              null
            ],
            [
              124.80909731600002,
              -1.682227672999943,
              0,
              null
            ],
            [
              124.80886706500007,
              -1.68197724099997,
              0,
              null
            ],
            [
              124.80916381100008,
              -1.6815817099999322,
              0,
              null
            ],
            [
              124.81008386100007,
              -1.6815422919999605,
              0,
              null
            ],
            [
              124.81003545300007,
              -1.6810121179999555,
              0,
              null
            ],
            [
              124.81066795600009,
              -1.680953686999942,
              0,
              null
            ],
            [
              124.81071928600011,
              -1.6816666759999634,
              0,
              null
            ],
            [
              124.8116009790001,
              -1.6816080119999697,
              0,
              null
            ]
          ]
        ]
      },
      "properties": {
        "name": "Jorjoga",
        "type": "Permukiman dan Tempat Kegiatan",
        "description": "Permukiman dan Tempat Kegiatan",
        "source_code": "GA03030140",
        "source_updated_at": "20130902",
        "source": "BIG Rupabumi Indonesia",
        "source_layer": "Permukiman (area)",
        "retrieved_at": "2026-09-15"
      }
    },
    {
      "type": "Feature",
      "id": 43821,
      "geometry": {
        "type": "Polygon",
        "coordinates": [
          [
            [
              124.89459213000009,
              -1.9262320349999413,
              0,
              null
            ],
            [
              124.89482199500003,
              -1.9258525999999279,
              0,
              null
            ],
            [
              124.89501573100006,
              -1.925563340999929,
              0,
              null
            ],
            [
              124.89300241600006,
              -1.9247418279999806,
              0,
              null
            ],
            [
              124.89339697100002,
              -1.9240693669999587,
              0,
              null
            ],
            [
              124.89248344300006,
              -1.923383916999967,
              0,
              null
            ],
            [
              124.89168681500007,
              -1.924425350999968,
              0,
              null
            ],
            [
              124.89097457300011,
              -1.9256159789999288,
              0,
              null
            ],
            [
              124.89193535600009,
              -1.9258295549999502,
              0,
              null
            ],
            [
              124.8933587040001,
              -1.9261141629999656,
              0,
              null
            ],
            [
              124.89459213000009,
              -1.9262320349999413,
              0,
              null
            ]
          ]
        ]
      },
      "properties": {
        "name": "Kabuno",
        "type": "Permukiman dan Tempat Kegiatan",
        "description": "Permukiman dan Tempat Kegiatan",
        "source_code": "GA03030140",
        "source_updated_at": "20130902",
        "source": "BIG Rupabumi Indonesia",
        "source_layer": "Permukiman (area)",
        "retrieved_at": "2026-09-15"
      }
    },
    {
      "type": "Feature",
      "id": 43852,
      "geometry": {
        "type": "Polygon",
        "coordinates": [
          [
            [
              125.15532117800001,
              -1.8740791309999736,
              0,
              null
            ],
            [
              125.15528690500003,
              -1.8725688259999629,
              0,
              null
            ],
            [
              125.1540632870001,
              -1.8725703389999353,
              0,
              null
            ],
            [
              125.15406517100007,
              -1.8740522889999625,
              0,
              null
            ],
            [
              125.15477409400012,
              -1.8740610689999357,
              0,
              null
            ],
            [
              125.15532117800001,
              -1.8740791309999736,
              0,
              null
            ]
          ]
        ]
      },
      "properties": {
        "name": "Kadaisala",
        "type": "Permukiman dan Tempat Kegiatan",
        "description": "Permukiman dan Tempat Kegiatan",
        "source_code": "GA03030140",
        "source_updated_at": "20130902",
        "source": "BIG Rupabumi Indonesia",
        "source_layer": "Permukiman (area)",
        "retrieved_at": "2026-09-15"
      }
    },
    {
      "type": "Feature",
      "id": 44966,
      "geometry": {
        "type": "Polygon",
        "coordinates": [
          [
            [
              124.84888833100001,
              -1.8925241659999301,
              0,
              null
            ],
            [
              124.84678479100012,
              -1.892876813999976,
              0,
              null
            ],
            [
              124.84690149500011,
              -1.8933828089999452,
              0,
              null
            ],
            [
              124.8466046750001,
              -1.89343503799995,
              0,
              null
            ],
            [
              124.84579168500011,
              -1.8936046159999478,
              0,
              null
            ],
            [
              124.84607032600002,
              -1.8946570209999436,
              0,
              null
            ],
            [
              124.84739171100011,
              -1.8943514819999336,
              0,
              null
            ],
            [
              124.84892686,
              -1.894079205999958,
              0,
              null
            ],
            [
              124.85014842100009,
              -1.8938660589999472,
              0,
              null
            ],
            [
              124.85006913400002,
              -1.8935090909999417,
              0,
              null
            ],
            [
              124.84915342200009,
              -1.8936096429999338,
              0,
              null
            ],
            [
              124.84888833100001,
              -1.8925241659999301,
              0,
              null
            ]
          ]
        ]
      },
      "properties": {
        "name": "Kampungbaru",
        "type": "Permukiman dan Tempat Kegiatan",
        "description": "Permukiman dan Tempat Kegiatan",
        "source_code": "GA03030140",
        "source_updated_at": "20130902",
        "source": "BIG Rupabumi Indonesia",
        "source_layer": "Permukiman (area)",
        "retrieved_at": "2026-09-15"
      }
    },
    {
      "type": "Feature",
      "id": 46391,
      "geometry": {
        "type": "Polygon",
        "coordinates": [
          [
            [
              124.34152474200005,
              -1.8734121779999668,
              0,
              null
            ],
            [
              124.34170162300006,
              -1.8733776399999442,
              0,
              null
            ],
            [
              124.3427835650001,
              -1.8732023089999643,
              0,
              null
            ],
            [
              124.34266948700008,
              -1.872511129999964,
              0,
              null
            ],
            [
              124.34367475200008,
              -1.8713301069999488,
              0,
              null
            ],
            [
              124.34349329000008,
              -1.8696342879999293,
              0,
              null
            ],
            [
              124.34208046800006,
              -1.8697401799999511,
              0,
              null
            ],
            [
              124.34207077500002,
              -1.8694638799999552,
              0,
              null
            ],
            [
              124.34206106700003,
              -1.869168522999928,
              0,
              null
            ],
            [
              124.34106140900008,
              -1.8691298369999458,
              0,
              null
            ],
            [
              124.34100630300009,
              -1.8698196149999262,
              0,
              null
            ],
            [
              124.34096954200004,
              -1.8702483939999297,
              0,
              null
            ],
            [
              124.34115576300007,
              -1.871292174999951,
              0,
              null
            ],
            [
              124.34136583800012,
              -1.872484573999941,
              0,
              null
            ],
            [
              124.34152474200005,
              -1.8734121779999668,
              0,
              null
            ]
          ]
        ]
      },
      "properties": {
        "name": "Kasango",
        "type": "Permukiman dan Tempat Kegiatan",
        "description": "Permukiman dan Tempat Kegiatan",
        "source_code": "GA03030140",
        "source_updated_at": "20130902",
        "source": "BIG Rupabumi Indonesia",
        "source_layer": "Permukiman (area)",
        "retrieved_at": "2026-09-15"
      }
    },
    {
      "type": "Feature",
      "id": 46538,
      "geometry": {
        "type": "Polygon",
        "coordinates": [
          [
            [
              124.54581722000012,
              -2.0058512989999713,
              0,
              null
            ],
            [
              124.53857337800002,
              -2.0086992959999748,
              0,
              null
            ],
            [
              124.53907620900009,
              -2.00982449199995,
              0,
              null
            ],
            [
              124.53984945700006,
              -2.009739981999928,
              0,
              null
            ],
            [
              124.54094109700009,
              -2.0123102239999753,
              0,
              null
            ],
            [
              124.54225199700011,
              -2.011783849999972,
              0,
              null
            ],
            [
              124.54555868600005,
              -2.0104877269999406,
              0,
              null
            ],
            [
              124.54729868100003,
              -2.009841114999972,
              0,
              null
            ],
            [
              124.54683086500006,
              -2.008716885999945,
              0,
              null
            ],
            [
              124.54890449900006,
              -2.0078228429999285,
              0,
              null
            ],
            [
              124.5487323100001,
              -2.007323651999968,
              0,
              null
            ],
            [
              124.54815106400008,
              -2.006096133999961,
              0,
              null
            ],
            [
              124.54630940800007,
              -2.0068081629999597,
              0,
              null
            ],
            [
              124.54581722000012,
              -2.0058512989999713,
              0,
              null
            ]
          ]
        ]
      },
      "properties": {
        "name": "Kawa",
        "type": "Permukiman dan Tempat Kegiatan",
        "description": "Permukiman dan Tempat Kegiatan",
        "source_code": "GA03030140",
        "source_updated_at": "20130902",
        "source": "BIG Rupabumi Indonesia",
        "source_layer": "Permukiman (area)",
        "retrieved_at": "2026-09-15"
      }
    },
    {
      "type": "Feature",
      "id": 46539,
      "geometry": {
        "type": "Polygon",
        "coordinates": [
          [
            [
              124.99022376000005,
              -1.9313197879999393,
              0,
              null
            ],
            [
              124.98964835600009,
              -1.930472899999927,
              0,
              null
            ],
            [
              124.99127053900008,
              -1.9293902009999329,
              0,
              null
            ],
            [
              124.99043549400005,
              -1.9282001079999418,
              0,
              null
            ],
            [
              124.98886988700008,
              -1.929343868999979,
              0,
              null
            ],
            [
              124.98668776500006,
              -1.9313375349999546,
              0,
              null
            ],
            [
              124.98734661200001,
              -1.9320195989999434,
              0,
              null
            ],
            [
              124.98638229100004,
              -1.9328589009999746,
              0,
              null
            ],
            [
              124.9882101710001,
              -1.9343898099999706,
              0,
              null
            ],
            [
              124.98848775200008,
              -1.933374249999929,
              0,
              null
            ],
            [
              124.98889237800006,
              -1.9326791769999545,
              0,
              null
            ],
            [
              124.98955202200011,
              -1.931772402999968,
              0,
              null
            ],
            [
              124.98986544800005,
              -1.9315313629999764,
              0,
              null
            ],
            [
              124.99022376000005,
              -1.9313197879999393,
              0,
              null
            ]
          ]
        ]
      },
      "properties": {
        "name": "Kawadang",
        "type": "Permukiman dan Tempat Kegiatan",
        "description": "Permukiman dan Tempat Kegiatan",
        "source_code": "GA03030140",
        "source_updated_at": "20130902",
        "source": "BIG Rupabumi Indonesia",
        "source_layer": "Permukiman (area)",
        "retrieved_at": "2026-09-15"
      }
    },
    {
      "type": "Feature",
      "id": 48518,
      "geometry": {
        "type": "Polygon",
        "coordinates": [
          [
            [
              124.71681057,
              -1.9454533949999586,
              0,
              null
            ],
            [
              124.71662984400007,
              -1.944999958999972,
              0,
              null
            ],
            [
              124.71224859400002,
              -1.9469475139999304,
              0,
              null
            ],
            [
              124.71249642400005,
              -1.9474268599999505,
              0,
              null
            ],
            [
              124.71681057,
              -1.9454533949999586,
              0,
              null
            ]
          ]
        ]
      },
      "properties": {
        "name": "Kilo",
        "type": "Permukiman dan Tempat Kegiatan",
        "description": "Permukiman dan Tempat Kegiatan",
        "source_code": "GA03030140",
        "source_updated_at": "20130902",
        "source": "BIG Rupabumi Indonesia",
        "source_layer": "Permukiman (area)",
        "retrieved_at": "2026-09-15"
      }
    },
    {
      "type": "Feature",
      "id": 49751,
      "geometry": {
        "type": "Polygon",
        "coordinates": [
          [
            [
              124.34454404300004,
              -1.9030524139999443,
              0,
              null
            ],
            [
              124.34447230600006,
              -1.9027287529999626,
              0,
              null
            ],
            [
              124.34396197400008,
              -1.9015711069999384,
              0,
              null
            ],
            [
              124.34389073000011,
              -1.9011252679999302,
              0,
              null
            ],
            [
              124.34387267600005,
              -1.900697220999973,
              0,
              null
            ],
            [
              124.34389009600011,
              -1.9003048159999594,
              0,
              null
            ],
            [
              124.34445287800008,
              -1.8984895759999745,
              0,
              null
            ],
            [
              124.34313912400012,
              -1.8969850549999592,
              0,
              null
            ],
            [
              124.34134989800009,
              -1.8974333969999293,
              0,
              null
            ],
            [
              124.3415029570001,
              -1.8979365939999298,
              0,
              null
            ],
            [
              124.34155199600002,
              -1.8981590859999642,
              0,
              null
            ],
            [
              124.34156786500012,
              -1.8982622609999567,
              0,
              null
            ],
            [
              124.3415995150001,
              -1.8983495469999525,
              0,
              null
            ],
            [
              124.34166273700009,
              -1.8984209339999438,
              0,
              null
            ],
            [
              124.34170752400007,
              -1.8984798629999773,
              0,
              null
            ],
            [
              124.34175493800001,
              -1.89852745099995,
              0,
              null
            ],
            [
              124.34181680400002,
              -1.8986057689999711,
              0,
              null
            ],
            [
              124.34184364100008,
              -1.8986715679999406,
              0,
              null
            ],
            [
              124.34187987400003,
              -1.8988036589999524,
              0,
              null
            ],
            [
              124.34189811200008,
              -1.8989203189999557,
              0,
              null
            ],
            [
              124.34190606800007,
              -1.8990346129999693,
              0,
              null
            ],
            [
              124.34190527600003,
              -1.899157531999947,
              0,
              null
            ],
            [
              124.34191279000004,
              -1.8992486929999473,
              0,
              null
            ],
            [
              124.34193557700007,
              -1.899392865999971,
              0,
              null
            ],
            [
              124.34195511600001,
              -1.8995523969999795,
              0,
              null
            ],
            [
              124.34195534600008,
              -1.899640710999961,
              0,
              null
            ],
            [
              124.34198045300002,
              -1.8997718299999633,
              0,
              null
            ],
            [
              124.3419937970001,
              -1.8998991119999573,
              0,
              null
            ],
            [
              124.34200180300002,
              -1.8999930819999804,
              0,
              null
            ],
            [
              124.34200521100001,
              -1.900121229999968,
              0,
              null
            ],
            [
              124.34200837300011,
              -1.9001456559999497,
              0,
              null
            ],
            [
              124.34201631000008,
              -1.9002512079999292,
              0,
              null
            ],
            [
              124.34202352800003,
              -1.9004548689999297,
              0,
              null
            ],
            [
              124.34211894900011,
              -1.9007337699999312,
              0,
              null
            ],
            [
              124.34218261100011,
              -1.901067090999959,
              0,
              null
            ],
            [
              124.34224380700005,
              -1.9014020879999407,
              0,
              null
            ],
            [
              124.34241401700001,
              -1.9021454399999698,
              0,
              null
            ],
            [
              124.342494482,
              -1.9025683419999382,
              0,
              null
            ],
            [
              124.34258998100006,
              -1.9029912319999767,
              0,
              null
            ],
            [
              124.34263013400005,
              -1.9030969419999337,
              0,
              null
            ],
            [
              124.34268027300004,
              -1.9031623619999323,
              0,
              null
            ],
            [
              124.34271535500011,
              -1.9031875099999525,
              0,
              null
            ],
            [
              124.34276545500006,
              -1.9032025779999344,
              0,
              null
            ],
            [
              124.34280050900009,
              -1.9031975159999774,
              0,
              null
            ],
            [
              124.34285057800003,
              -1.9031672629999434,
              0,
              null
            ],
            [
              124.34289563400012,
              -1.903137016999949,
              0,
              null
            ],
            [
              124.34295071100007,
              -1.9031117979999408,
              0,
              null
            ],
            [
              124.34300079900004,
              -1.903111757999966,
              0,
              null
            ],
            [
              124.34304587800011,
              -1.9031117229999381,
              0,
              null
            ],
            [
              124.34310099400011,
              -1.9031368559999464,
              0,
              null
            ],
            [
              124.34313106400009,
              -1.9031569739999554,
              0,
              null
            ],
            [
              124.34313609600008,
              -1.9031871809999643,
              0,
              null
            ],
            [
              124.34312615300007,
              -1.9032828609999797,
              0,
              null
            ],
            [
              124.34310113800007,
              -1.9033231609999461,
              0,
              null
            ],
            [
              124.34288083500007,
              -1.9034341099999779,
              0,
              null
            ],
            [
              124.3427139160001,
              -1.9035558829999673,
              0,
              null
            ],
            [
              124.34267514500004,
              -1.9036144469999385,
              0,
              null
            ],
            [
              124.34266871700004,
              -1.9036664799999699,
              0,
              null
            ],
            [
              124.34267526100007,
              -1.9037640299999339,
              0,
              null
            ],
            [
              124.34271865700009,
              -1.903907075999939,
              0,
              null
            ],
            [
              124.3427446280001,
              -1.9040306269999405,
              0,
              null
            ],
            [
              124.34277059400006,
              -1.904141167999967,
              0,
              null
            ],
            [
              124.34277070000007,
              -1.9042777459999343,
              0,
              null
            ],
            [
              124.34274973800007,
              -1.9044053699999495,
              0,
              null
            ],
            [
              124.34269834600002,
              -1.9045964819999313,
              0,
              null
            ],
            [
              124.34264672100005,
              -1.9047656159999633,
              0,
              null
            ],
            [
              124.34261446400001,
              -1.9048827079999455,
              0,
              null
            ],
            [
              124.34260816200003,
              -1.9050973349999367,
              0,
              null
            ],
            [
              124.34260835400005,
              -1.9053444739999463,
              0,
              null
            ],
            [
              124.34260197700007,
              -1.905468047999932,
              0,
              null
            ],
            [
              124.34260204800012,
              -1.9055590989999587,
              0,
              null
            ],
            [
              124.3425976530001,
              -1.9056501549999325,
              0,
              null
            ],
            [
              124.34264242600011,
              -1.9057315299999686,
              0,
              null
            ],
            [
              124.34275567200007,
              -1.9058652539999343,
              0,
              null
            ],
            [
              124.34285559800003,
              -1.9059856039999659,
              0,
              null
            ],
            [
              124.34294882900008,
              -1.9060591279999244,
              0,
              null
            ],
            [
              124.34306202200003,
              -1.906119255999954,
              0,
              null
            ],
            [
              124.34319518000007,
              -1.9061860569999567,
              0,
              null
            ],
            [
              124.34331505800003,
              -1.9062863219999713,
              0,
              null
            ],
            [
              124.3434349900001,
              -1.9064601819999325,
              0,
              null
            ],
            [
              124.34368146500003,
              -1.9067476839999244,
              0,
              null
            ],
            [
              124.34374151100008,
              -1.9069349729999772,
              0,
              null
            ],
            [
              124.34377488200005,
              -1.9070553769999492,
              0,
              null
            ],
            [
              124.34377495500007,
              -1.907149044999926,
              0,
              null
            ],
            [
              124.34376170400003,
              -1.9072293409999475,
              0,
              null
            ],
            [
              124.34374179200006,
              -1.9072962619999316,
              0,
              null
            ],
            [
              124.34372854000003,
              -1.9073765609999782,
              0,
              null
            ],
            [
              124.34372858200004,
              -1.9074300859999767,
              0,
              null
            ],
            [
              124.34374859700006,
              -1.9074902849999376,
              0,
              null
            ],
            [
              124.34376859200006,
              -1.9075304119999714,
              0,
              null
            ],
            [
              124.34380853400012,
              -1.9075370719999682,
              0,
              null
            ],
            [
              124.34388174900005,
              -1.9075437049999664,
              0,
              null
            ],
            [
              124.3439349900001,
              -1.9075436629999558,
              0,
              null
            ],
            [
              124.34407474000011,
              -1.907523481999931,
              0,
              null
            ],
            [
              124.34419452600002,
              -1.9075100059999386,
              0,
              null
            ],
            [
              124.3443409460001,
              -1.9075098899999716,
              0,
              null
            ],
            [
              124.34446740100009,
              -1.9075097909999386,
              0,
              null
            ],
            [
              124.34453398300002,
              -1.9075431929999809,
              0,
              null
            ],
            [
              124.34464720800008,
              -1.9076501519999738,
              0,
              null
            ],
            [
              124.34477170000002,
              -1.9078402669999264,
              0,
              null
            ],
            [
              124.34487685200008,
              -1.9080161319999434,
              0,
              null
            ],
            [
              124.34501699200007,
              -1.9081743749999305,
              0,
              null
            ],
            [
              124.34520964300009,
              -1.9083325779999427,
              0,
              null
            ],
            [
              124.34536727500006,
              -1.9084732099999542,
              0,
              null
            ],
            [
              124.34548984600008,
              -1.9085434929999678,
              0,
              null
            ],
            [
              124.34555985400004,
              -1.9085434379999242,
              0,
              null
            ],
            [
              124.34562983500007,
              -1.908508192999932,
              0,
              null
            ],
            [
              124.34580476700012,
              -1.9083848929999476,
              0,
              null
            ],
            [
              124.34594472900005,
              -1.908314402999963,
              0,
              null
            ],
            [
              124.34608471000001,
              -1.9082615099999316,
              0,
              null
            ],
            [
              124.34632974100009,
              -1.9082613169999263,
              0,
              null
            ],
            [
              124.34676741100009,
              -1.9084017279999443,
              0,
              null
            ],
            [
              124.34677735500009,
              -1.9082816359999697,
              0,
              null
            ],
            [
              124.34655579200012,
              -1.9081825249999724,
              0,
              null
            ],
            [
              124.34660075900001,
              -1.9080636049999384,
              0,
              null
            ],
            [
              124.34596203600006,
              -1.9078070889999594,
              0,
              null
            ],
            [
              124.34550780900008,
              -1.9075932659999353,
              0,
              null
            ],
            [
              124.34513867500004,
              -1.9073222589999546,
              0,
              null
            ],
            [
              124.34489724700006,
              -1.9070511529999408,
              0,
              null
            ],
            [
              124.34462731500003,
              -1.906623002999936,
              0,
              null
            ],
            [
              124.34400949500002,
              -1.9051210249999713,
              0,
              null
            ],
            [
              124.34391983000012,
              -1.9047254419999717,
              0,
              null
            ],
            [
              124.34390177700004,
              -1.9044916609999518,
              0,
              null
            ],
            [
              124.34390155400001,
              -1.9042039119999572,
              0,
              null
            ],
            [
              124.34402644700003,
              -1.903934048999929,
              0,
              null
            ],
            [
              124.34424069800002,
              -1.9036641169999484,
              0,
              null
            ],
            [
              124.34450849500001,
              -1.9033042219999743,
              0,
              null
            ],
            [
              124.34454404300004,
              -1.9030524139999443,
              0,
              null
            ]
          ]
        ]
      },
      "properties": {
        "name": "Kramat",
        "type": "Permukiman dan Tempat Kegiatan",
        "description": "Permukiman dan Tempat Kegiatan",
        "source_code": "GA03030140",
        "source_updated_at": "20130902",
        "source": "BIG Rupabumi Indonesia",
        "source_layer": "Permukiman (area)",
        "retrieved_at": "2026-09-15"
      }
    },
    {
      "type": "Feature",
      "id": 51071,
      "geometry": {
        "type": "Polygon",
        "coordinates": [
          [
            [
              124.37210543900005,
              -1.690757456999961,
              0,
              null
            ],
            [
              124.3716791490001,
              -1.6911652349999713,
              0,
              null
            ],
            [
              124.37115443800008,
              -1.6907785959999728,
              0,
              null
            ],
            [
              124.36993844300002,
              -1.6920078829999738,
              0,
              null
            ],
            [
              124.36943649200009,
              -1.692461173999959,
              0,
              null
            ],
            [
              124.36887492900007,
              -1.6929888399999413,
              0,
              null
            ],
            [
              124.36819009600003,
              -1.6939372889999618,
              0,
              null
            ],
            [
              124.36784751900007,
              -1.6944679959999576,
              0,
              null
            ],
            [
              124.36754020600006,
              -1.6951312959999427,
              0,
              null
            ],
            [
              124.36693514700005,
              -1.6964919499999382,
              0,
              null
            ],
            [
              124.36653455100009,
              -1.6975772699999538,
              0,
              null
            ],
            [
              124.3663201170001,
              -1.698185983999963,
              0,
              null
            ],
            [
              124.36595604400009,
              -1.6987601469999731,
              0,
              null
            ],
            [
              124.36508378700012,
              -1.700223100999949,
              0,
              null
            ],
            [
              124.36437657700003,
              -1.701097372999925,
              0,
              null
            ],
            [
              124.36393503200009,
              -1.7015881189999504,
              0,
              null
            ],
            [
              124.3635249350001,
              -1.7021726129999593,
              0,
              null
            ],
            [
              124.36323260500001,
              -1.7026690219999523,
              0,
              null
            ],
            [
              124.36296682900002,
              -1.7032181899999728,
              0,
              null
            ],
            [
              124.3625989410001,
              -1.7040668949999258,
              0,
              null
            ],
            [
              124.3623199760001,
              -1.7046815649999303,
              0,
              null
            ],
            [
              124.36278304900009,
              -1.70485900999995,
              0,
              null
            ],
            [
              124.36528901800011,
              -1.7020172969999408,
              0,
              null
            ],
            [
              124.36528876600005,
              -1.7016589889999523,
              0,
              null
            ],
            [
              124.36558811200007,
              -1.7009987369999635,
              0,
              null
            ],
            [
              124.36586446900003,
              -1.70022150799997,
              0,
              null
            ],
            [
              124.3662639480001,
              -1.6995538969999302,
              0,
              null
            ],
            [
              124.36657939800011,
              -1.6991299749999484,
              0,
              null
            ],
            [
              124.36678970000003,
              -1.6988544239999328,
              0,
              null
            ],
            [
              124.36700003400006,
              -1.6986212379999301,
              0,
              null
            ],
            [
              124.3671367930001,
              -1.6985258099999783,
              0,
              null
            ],
            [
              124.36735778600007,
              -1.698483284999952,
              0,
              null
            ],
            [
              124.36758932500004,
              -1.6984725249999428,
              0,
              null
            ],
            [
              124.36774722100006,
              -1.6985041899999374,
              0,
              null
            ],
            [
              124.3679156930001,
              -1.6986099949999698,
              0,
              null
            ],
            [
              124.3680210770001,
              -1.6988005849999581,
              0,
              null
            ],
            [
              124.36817963600004,
              -1.6997749749999684,
              0,
              null
            ],
            [
              124.3682602240001,
              -1.7004329019999318,
              0,
              null
            ],
            [
              124.36828205600011,
              -1.7007912349999401,
              0,
              null
            ],
            [
              124.36826063000001,
              -1.7010084319999805,
              0,
              null
            ],
            [
              124.36814209600004,
              -1.7012256979999734,
              0,
              null
            ],
            [
              124.36788330800005,
              -1.7014647799999807,
              0,
              null
            ],
            [
              124.36763529500001,
              -1.7016821389999564,
              0,
              null
            ],
            [
              124.36758143800012,
              -1.7018124879999732,
              0,
              null
            ],
            [
              124.36762468100005,
              -1.7019319039999345,
              0,
              null
            ],
            [
              124.36785147500007,
              -1.7022249389999615,
              0,
              null
            ],
            [
              124.36804581500007,
              -1.7023985459999267,
              0,
              null
            ],
            [
              124.36820773000011,
              -1.7024961609999423,
              0,
              null
            ],
            [
              124.36833721000005,
              -1.7024960689999489,
              0,
              null
            ],
            [
              124.36861770700011,
              -1.7024415729999305,
              0,
              null
            ],
            [
              124.36918291400002,
              -1.702475480999965,
              0,
              null
            ],
            [
              124.36933933900002,
              -1.7024616799999421,
              0,
              null
            ],
            [
              124.36944810700004,
              -1.7023794569999495,
              0,
              null
            ],
            [
              124.36950925800011,
              -1.7022904259999336,
              0,
              null
            ],
            [
              124.36959082900012,
              -1.7022219159999281,
              0,
              null
            ],
            [
              124.36976085000003,
              -1.7021944149999513,
              0,
              null
            ],
            [
              124.37013493300003,
              -1.7021941479999327,
              0,
              null
            ],
            [
              124.37080161800009,
              -1.7023784889999547,
              0,
              null
            ],
            [
              124.37106687700009,
              -1.7023714569999697,
              0,
              null
            ],
            [
              124.37115524900003,
              -1.7023029379999457,
              0,
              null
            ],
            [
              124.3712028000001,
              -1.702220762999957,
              0,
              null
            ],
            [
              124.37119591700002,
              -1.7021044009999287,
              0,
              null
            ],
            [
              124.3711345480001,
              -1.7018853969999554,
              0,
              null
            ],
            [
              124.3710391730001,
              -1.7016664169999558,
              0,
              null
            ],
            [
              124.37102548100006,
              -1.7015432129999795,
              0,
              null
            ],
            [
              124.37103898400005,
              -1.7013994539999544,
              0,
              null
            ],
            [
              124.37109066800008,
              -1.7012835949999499,
              0,
              null
            ],
            [
              124.37120712800004,
              -1.7011040579999417,
              0,
              null
            ],
            [
              124.37130296600003,
              -1.7008555089999504,
              0,
              null
            ],
            [
              124.37142621900011,
              -1.700579336999965,
              0,
              null
            ],
            [
              124.37154951500008,
              -1.7003652819999502,
              0,
              null
            ],
            [
              124.37163857100006,
              -1.700227176999931,
              0,
              null
            ],
            [
              124.37171394800009,
              -1.700137391999931,
              0,
              null
            ],
            [
              124.3717825120001,
              -1.7001097359999449,
              0,
              null
            ],
            [
              124.37192651800001,
              -1.700088925999978,
              0,
              null
            ],
            [
              124.37204305700004,
              -1.7000198229999341,
              0,
              null
            ],
            [
              124.37215763800009,
              -1.699736866999956,
              0,
              null
            ],
            [
              124.37227846500002,
              -1.6994235149999781,
              0,
              null
            ],
            [
              124.37233876900007,
              -1.6991102059999434,
              0,
              null
            ],
            [
              124.37242819200003,
              -1.698630178999963,
              0,
              null
            ],
            [
              124.37243072700005,
              -1.6983613959999388,
              0,
              null
            ],
            [
              124.37243884000009,
              -1.6982708829999638,
              0,
              null
            ],
            [
              124.37245243100006,
              -1.6982215059999248,
              0,
              null
            ],
            [
              124.37248511200005,
              -1.6981940549999308,
              0,
              null
            ],
            [
              124.37251780700001,
              -1.6981803189999596,
              0,
              null
            ],
            [
              124.37255868400007,
              -1.6981802899999252,
              0,
              null
            ],
            [
              124.37260501100002,
              -1.6981802569999331,
              0,
              null
            ],
            [
              124.37264045900008,
              -1.6982076559999655,
              0,
              null
            ],
            [
              124.37267318500005,
              -1.6982432879999578,
              0,
              null
            ],
            [
              124.37270319800007,
              -1.69828989399997,
              0,
              null
            ],
            [
              124.37273866800001,
              -1.6983529479999788,
              0,
              null
            ],
            [
              124.37275674700004,
              -1.6983772379999778,
              0,
              null
            ],
            [
              124.37290100500002,
              -1.6983971599999563,
              0,
              null
            ],
            [
              124.37301044600008,
              -1.6984171059999653,
              0,
              null
            ],
            [
              124.37314976200003,
              -1.698482078999973,
              0,
              null
            ],
            [
              124.37323438900012,
              -1.6985821389999387,
              0,
              null
            ],
            [
              124.3733041050001,
              -1.6986972199999286,
              0,
              null
            ],
            [
              124.37337382500004,
              -1.6988173109999707,
              0,
              null
            ],
            [
              124.37343355500002,
              -1.6988773389999778,
              0,
              null
            ],
            [
              124.37349326300011,
              -1.698907333999955,
              0,
              null
            ],
            [
              124.37354299600008,
              -1.6988972859999762,
              0,
              null
            ],
            [
              124.37362255000005,
              -1.6988571829999728,
              0,
              null
            ],
            [
              124.37370964700006,
              -1.698843333999946,
              0,
              null
            ],
            [
              124.37409780100006,
              -1.6988170099999707,
              0,
              null
            ],
            [
              124.37433070300006,
              -1.6988168429999746,
              0,
              null
            ],
            [
              124.37470589100008,
              -1.6987514649999298,
              0,
              null
            ],
            [
              124.37539140000001,
              -1.6983863549999683,
              0,
              null
            ],
            [
              124.37572767900008,
              -1.6981907829999727,
              0,
              null
            ],
            [
              124.37590879800007,
              -1.6981515899999522,
              0,
              null
            ],
            [
              124.37603821400012,
              -1.698190560999933,
              0,
              null
            ],
            [
              124.37625828800003,
              -1.698346669999978,
              0,
              null
            ],
            [
              124.37669848200005,
              -1.6987239939999768,
              0,
              null
            ],
            [
              124.37714152900003,
              -1.6993087259999697,
              0,
              null
            ],
            [
              124.37739355300005,
              -1.6995363239999506,
              0,
              null
            ],
            [
              124.37809909400005,
              -1.700004030999935,
              0,
              null
            ],
            [
              124.37848971200003,
              -1.700332762999949,
              0,
              null
            ],
            [
              124.37865360100011,
              -1.700585733999958,
              0,
              null
            ],
            [
              124.37886133600011,
              -1.7005884139999807,
              0,
              null
            ],
            [
              124.37898555200002,
              -1.7004600719999416,
              0,
              null
            ],
            [
              124.37948439900003,
              -1.7004857519999632,
              0,
              null
            ],
            [
              124.3803754060001,
              -1.700545586999965,
              0,
              null
            ],
            [
              124.38100214300005,
              -1.7005623889999697,
              0,
              null
            ],
            [
              124.38151725300008,
              -1.6994215379999673,
              0,
              null
            ],
            [
              124.37893028700012,
              -1.696634410999934,
              0,
              null
            ],
            [
              124.37885541000003,
              -1.6938813619999564,
              0,
              null
            ],
            [
              124.37830575200007,
              -1.6935833109999407,
              0,
              null
            ],
            [
              124.37752096300005,
              -1.6931771159999585,
              0,
              null
            ],
            [
              124.3762572500001,
              -1.6948727899999767,
              0,
              null
            ],
            [
              124.3755654140001,
              -1.6943818019999526,
              0,
              null
            ],
            [
              124.37504301800004,
              -1.694992291999938,
              0,
              null
            ],
            [
              124.37524562100009,
              -1.6952972059999638,
              0,
              null
            ],
            [
              124.37344206000012,
              -1.6967898919999698,
              0,
              null
            ],
            [
              124.37221056700002,
              -1.6963501309999742,
              0,
              null
            ],
            [
              124.3725474690001,
              -1.6957736679999584,
              0,
              null
            ],
            [
              124.37106257800008,
              -1.6947409159999438,
              0,
              null
            ],
            [
              124.37030429200001,
              -1.6956905289999327,
              0,
              null
            ],
            [
              124.36967986400009,
              -1.6951147499999593,
              0,
              null
            ],
            [
              124.37010082400002,
              -1.6941484299999274,
              0,
              null
            ],
            [
              124.37060608700006,
              -1.6931481519999352,
              0,
              null
            ],
            [
              124.37168583700009,
              -1.693655817999968,
              0,
              null
            ],
            [
              124.37247805000004,
              -1.6929942899999446,
              0,
              null
            ],
            [
              124.37208973700001,
              -1.6924183449999646,
              0,
              null
            ],
            [
              124.37288170000011,
              -1.6914009179999425,
              0,
              null
            ],
            [
              124.37210543900005,
              -1.690757456999961,
              0,
              null
            ]
          ]
        ]
      },
      "properties": {
        "name": "Lede",
        "type": "Permukiman dan Tempat Kegiatan",
        "description": "Permukiman dan Tempat Kegiatan",
        "source_code": "GA03030140",
        "source_updated_at": "20130902",
        "source": "BIG Rupabumi Indonesia",
        "source_layer": "Permukiman (area)",
        "retrieved_at": "2026-09-15"
      }
    },
    {
      "type": "Feature",
      "id": 51072,
      "geometry": {
        "type": "Polygon",
        "coordinates": [
          [
            [
              124.74832624200008,
              -1.6710895829999686,
              0,
              null
            ],
            [
              124.74879789900001,
              -1.670449380999969,
              0,
              null
            ],
            [
              124.74833136400002,
              -1.6701009369999724,
              0,
              null
            ],
            [
              124.74797660200011,
              -1.6698682819999249,
              0,
              null
            ],
            [
              124.74740090900002,
              -1.6693607159999715,
              0,
              null
            ],
            [
              124.74630488600008,
              -1.6707599049999544,
              0,
              null
            ],
            [
              124.74687749200007,
              -1.6711458239999502,
              0,
              null
            ],
            [
              124.74693295100008,
              -1.6711956119999627,
              0,
              null
            ],
            [
              124.7467134530001,
              -1.6715018839999516,
              0,
              null
            ],
            [
              124.74712663500009,
              -1.6718029799999385,
              0,
              null
            ],
            [
              124.74732901100003,
              -1.6715899109999555,
              0,
              null
            ],
            [
              124.74779866800009,
              -1.671867243999941,
              0,
              null
            ],
            [
              124.74832624200008,
              -1.6710895829999686,
              0,
              null
            ]
          ]
        ]
      },
      "properties": {
        "name": "Lede",
        "type": "Permukiman dan Tempat Kegiatan",
        "description": "Permukiman dan Tempat Kegiatan",
        "source_code": "GA03030140",
        "source_updated_at": "20130902",
        "source": "BIG Rupabumi Indonesia",
        "source_layer": "Permukiman (area)",
        "retrieved_at": "2026-09-15"
      }
    },
    {
      "type": "Feature",
      "id": 51895,
      "geometry": {
        "type": "Polygon",
        "coordinates": [
          [
            [
              125.01723748900008,
              -1.9139916739999308,
              0,
              null
            ],
            [
              125.01715665900008,
              -1.913598775999958,
              0,
              null
            ],
            [
              125.01715637500001,
              -1.913356240999974,
              0,
              null
            ],
            [
              125.01744280200012,
              -1.9125239839999608,
              0,
              null
            ],
            [
              125.01755583700003,
              -1.911306020999973,
              0,
              null
            ],
            [
              125.01752027200007,
              -1.9103468669999302,
              0,
              null
            ],
            [
              125.01741647900008,
              -1.909954210999956,
              0,
              null
            ],
            [
              125.01729000700004,
              -1.9098041169999647,
              0,
              null
            ],
            [
              125.01707124200004,
              -1.9095848059999412,
              0,
              null
            ],
            [
              125.01669172100003,
              -1.9093543079999336,
              0,
              null
            ],
            [
              125.01620141600006,
              -1.9090901979999444,
              0,
              null
            ],
            [
              125.01617739700009,
              -1.9098394169999438,
              0,
              null
            ],
            [
              125.01519881600007,
              -1.9098664649999364,
              0,
              null
            ],
            [
              125.01482538100004,
              -1.909853959999964,
              0,
              null
            ],
            [
              125.01498033200005,
              -1.9139673089999292,
              0,
              null
            ],
            [
              125.01575900000012,
              -1.9139622679999775,
              0,
              null
            ],
            [
              125.01723748900008,
              -1.9139916739999308,
              0,
              null
            ]
          ]
        ]
      },
      "properties": {
        "name": "Loseng",
        "type": "Permukiman dan Tempat Kegiatan",
        "description": "Permukiman dan Tempat Kegiatan",
        "source_code": "GA03030140",
        "source_updated_at": "20130902",
        "source": "BIG Rupabumi Indonesia",
        "source_layer": "Permukiman (area)",
        "retrieved_at": "2026-09-15"
      }
    },
    {
      "type": "Feature",
      "id": 52696,
      "geometry": {
        "type": "Polygon",
        "coordinates": [
          [
            [
              125.02918619700006,
              -1.8881659309999463,
              0,
              null
            ],
            [
              125.02822685000001,
              -1.8885244559999705,
              0,
              null
            ],
            [
              125.02843776200007,
              -1.8891145259999576,
              0,
              null
            ],
            [
              125.0288170560001,
              -1.8900987539999505,
              0,
              null
            ],
            [
              125.03022246600005,
              -1.889702634999935,
              0,
              null
            ],
            [
              125.03012375200001,
              -1.88945145699995,
              0,
              null
            ],
            [
              125.03043168700003,
              -1.8893319609999253,
              0,
              null
            ],
            [
              125.03014637400008,
              -1.8885222009999438,
              0,
              null
            ],
            [
              125.02943568800004,
              -1.888737472999935,
              0,
              null
            ],
            [
              125.02918619700006,
              -1.8881659309999463,
              0,
              null
            ]
          ]
        ]
      },
      "properties": {
        "name": "Mantarara",
        "type": "Permukiman dan Tempat Kegiatan",
        "description": "Permukiman dan Tempat Kegiatan",
        "source_code": "GA03030140",
        "source_updated_at": "20130902",
        "source": "BIG Rupabumi Indonesia",
        "source_layer": "Permukiman (area)",
        "retrieved_at": "2026-09-15"
      }
    },
    {
      "type": "Feature",
      "id": 53733,
      "geometry": {
        "type": "Polygon",
        "coordinates": [
          [
            [
              124.69499399600011,
              -1.6529330159999631,
              0,
              null
            ],
            [
              124.69461970300006,
              -1.6528386739999519,
              0,
              null
            ],
            [
              124.69366718800006,
              -1.6527001659999314,
              0,
              null
            ],
            [
              124.69277539500001,
              -1.6527009309999698,
              0,
              null
            ],
            [
              124.69235975900006,
              -1.6526490399999716,
              0,
              null
            ],
            [
              124.69212593000009,
              -1.6525795769999263,
              0,
              null
            ],
            [
              124.69203701200001,
              -1.6529834789999427,
              0,
              null
            ],
            [
              124.69148189900011,
              -1.653097789999947,
              0,
              null
            ],
            [
              124.69173519000003,
              -1.6543316149999328,
              0,
              null
            ],
            [
              124.69197616800011,
              -1.654289996999978,
              0,
              null
            ],
            [
              124.69201063300011,
              -1.6541275399999336,
              0,
              null
            ],
            [
              124.692079809,
              -1.6540926749999585,
              0,
              null
            ],
            [
              124.69217772000002,
              -1.654084503999968,
              0,
              null
            ],
            [
              124.69220308500007,
              -1.654362538999976,
              0,
              null
            ],
            [
              124.69228690200009,
              -1.6545588769999426,
              0,
              null
            ],
            [
              124.69373857300002,
              -1.6550752969999394,
              0,
              null
            ],
            [
              124.69363790900002,
              -1.6553363219999255,
              0,
              null
            ],
            [
              124.69404157200006,
              -1.6554809429999295,
              0,
              null
            ],
            [
              124.69417100400005,
              -1.6551546569999687,
              0,
              null
            ],
            [
              124.69500272500011,
              -1.6554877579999356,
              0,
              null
            ],
            [
              124.69506743800002,
              -1.655320991999929,
              0,
              null
            ],
            [
              124.69587538600001,
              -1.6556465459999572,
              0,
              null
            ],
            [
              124.69581556100002,
              -1.6558175599999458,
              0,
              null
            ],
            [
              124.69715215100007,
              -1.65640187799994,
              0,
              null
            ],
            [
              124.69725775500001,
              -1.6561044539999443,
              0,
              null
            ],
            [
              124.69734136000011,
              -1.6558608349999417,
              0,
              null
            ],
            [
              124.6950543270001,
              -1.6548116739999728,
              0,
              null
            ],
            [
              124.69520677300011,
              -1.6545043339999665,
              0,
              null
            ],
            [
              124.69464274300003,
              -1.6542921329999558,
              0,
              null
            ],
            [
              124.69499399600011,
              -1.6529330159999631,
              0,
              null
            ]
          ]
        ]
      },
      "properties": {
        "name": "Minton",
        "type": "Permukiman dan Tempat Kegiatan",
        "description": "Permukiman dan Tempat Kegiatan",
        "source_code": "GA03030140",
        "source_updated_at": "20130902",
        "source": "BIG Rupabumi Indonesia",
        "source_layer": "Permukiman (area)",
        "retrieved_at": "2026-09-15"
      }
    },
    {
      "type": "Feature",
      "id": 54834,
      "geometry": {
        "type": "Polygon",
        "coordinates": [
          [
            [
              124.51141801900008,
              -1.6736833759999286,
              0,
              null
            ],
            [
              124.5111899420001,
              -1.67265931299994,
              0,
              null
            ],
            [
              124.51184422200004,
              -1.6724383299999772,
              0,
              null
            ],
            [
              124.5117074740001,
              -1.671953751999979,
              0,
              null
            ],
            [
              124.5119710670001,
              -1.6718620969999733,
              0,
              null
            ],
            [
              124.5117887340001,
              -1.6712129459999687,
              0,
              null
            ],
            [
              124.510752507,
              -1.6715155329999334,
              0,
              null
            ],
            [
              124.51094398600003,
              -1.672237837999944,
              0,
              null
            ],
            [
              124.51032587000009,
              -1.672393781999972,
              0,
              null
            ],
            [
              124.51039860800006,
              -1.6728024379999624,
              0,
              null
            ],
            [
              124.50996630400005,
              -1.6728714479999667,
              0,
              null
            ],
            [
              124.51021813500006,
              -1.6739769439999463,
              0,
              null
            ],
            [
              124.51141801900008,
              -1.6736833759999286,
              0,
              null
            ]
          ]
        ]
      },
      "properties": {
        "name": "Natangkuning",
        "type": "Permukiman dan Tempat Kegiatan",
        "description": "Permukiman dan Tempat Kegiatan",
        "source_code": "GA03030140",
        "source_updated_at": "20130902",
        "source": "BIG Rupabumi Indonesia",
        "source_layer": "Permukiman (area)",
        "retrieved_at": "2026-09-15"
      }
    },
    {
      "type": "Feature",
      "id": 55823,
      "geometry": {
        "type": "Polygon",
        "coordinates": [
          [
            [
              124.36831318800012,
              -1.7646199579999688,
              0,
              null
            ],
            [
              124.36829849500009,
              -1.7646680829999468,
              0,
              null
            ],
            [
              124.36825435600008,
              -1.7647199329999808,
              0,
              null
            ],
            [
              124.36818444400001,
              -1.7647718019999274,
              0,
              null
            ],
            [
              124.3680703230001,
              -1.7647792889999323,
              0,
              null
            ],
            [
              124.36796723600003,
              -1.76477196299993,
              0,
              null
            ],
            [
              124.36783835800009,
              -1.764735046999931,
              0,
              null
            ],
            [
              124.3677168370001,
              -1.7646907219999548,
              0,
              null
            ],
            [
              124.36763946000008,
              -1.7646019509999746,
              0,
              null
            ],
            [
              124.36752524400003,
              -1.7644798929999297,
              0,
              null
            ],
            [
              124.36741475000008,
              -1.7644096519999266,
              0,
              null
            ],
            [
              124.36726378200001,
              -1.7643801549999694,
              0,
              null
            ],
            [
              124.36712019400011,
              -1.7643617549999249,
              0,
              null
            ],
            [
              124.36676459600005,
              -1.7641936419999524,
              0,
              null
            ],
            [
              124.36637909000001,
              -1.763977916999977,
              0,
              null
            ],
            [
              124.36636735400009,
              -1.763900441999965,
              0,
              null
            ],
            [
              124.36638830000004,
              -1.7637971169999673,
              0,
              null
            ],
            [
              124.36637422800004,
              -1.7637196439999343,
              0,
              null
            ],
            [
              124.36631813800011,
              -1.763660985999934,
              0,
              null
            ],
            [
              124.36624570400011,
              -1.763614079999968,
              0,
              null
            ],
            [
              124.36611253600006,
              -1.7635484349999615,
              0,
              null
            ],
            [
              124.36600508400011,
              -1.7635179909999579,
              0,
              null
            ],
            [
              124.3659536990001,
              -1.7635133349999705,
              0,
              null
            ],
            [
              124.36590700400006,
              -1.7635321529999715,
              0,
              null
            ],
            [
              124.36586033100002,
              -1.7635814939999364,
              0,
              null
            ],
            [
              124.36579968100011,
              -1.7636778049999293,
              0,
              null
            ],
            [
              124.36573436200001,
              -1.7637811639999654,
              0,
              null
            ],
            [
              124.36570405700002,
              -1.7638563199999453,
              0,
              null
            ],
            [
              124.36569943400002,
              -1.7639197189999436,
              0,
              null
            ],
            [
              124.36570769700006,
              -1.7639461109999388,
              0,
              null
            ],
            [
              124.36574216600002,
              -1.7640291099999672,
              0,
              null
            ],
            [
              124.36586612000008,
              -1.7641397169999777,
              0,
              null
            ],
            [
              124.36603137200007,
              -1.7642641329999265,
              0,
              null
            ],
            [
              124.36625168600006,
              -1.7643954239999289,
              0,
              null
            ],
            [
              124.3665339260001,
              -1.7645128339999587,
              0,
              null
            ],
            [
              124.3666716240001,
              -1.7645957559999488,
              0,
              null
            ],
            [
              124.36673361600003,
              -1.7646718139999393,
              0,
              null
            ],
            [
              124.3667749550001,
              -1.7647409699999344,
              0,
              null
            ],
            [
              124.3668507110001,
              -1.764817020999942,
              0,
              null
            ],
            [
              124.36701592800011,
              -1.7648860849999437,
              0,
              null
            ],
            [
              124.36723617700011,
              -1.7649343519999547,
              0,
              null
            ],
            [
              124.36733257700007,
              -1.7650034669999286,
              0,
              null
            ],
            [
              124.367401459,
              -1.7650933599999803,
              0,
              null
            ],
            [
              124.36745665300009,
              -1.7652870419999545,
              0,
              null
            ],
            [
              124.36745683000004,
              -1.765529193999953,
              0,
              null
            ],
            [
              124.36749140000006,
              -1.765750564999962,
              0,
              null
            ],
            [
              124.36754459500003,
              -1.76603849199995,
              0,
              null
            ],
            [
              124.36754466000002,
              -1.7661270149999382,
              0,
              null
            ],
            [
              124.36751537600003,
              -1.7662204779999797,
              0,
              null
            ],
            [
              124.36740779900003,
              -1.7662746539999716,
              0,
              null
            ],
            [
              124.36734420000005,
              -1.7662697829999274,
              0,
              null
            ],
            [
              124.36715338900001,
              -1.7662207459999308,
              0,
              null
            ],
            [
              124.36703596300003,
              -1.7661864059999743,
              0,
              null
            ],
            [
              124.3669087500001,
              -1.7661520739999332,
              0,
              null
            ],
            [
              124.36684160100003,
              -1.7661423109999532,
              0,
              null
            ],
            [
              124.36675223000009,
              -1.7661726599999383,
              0,
              null
            ],
            [
              124.36671312700003,
              -1.7662161529999594,
              0,
              null
            ],
            [
              124.3666887060001,
              -1.7662653499999692,
              0,
              null
            ],
            [
              124.36667880100003,
              -1.7663704039999288,
              0,
              null
            ],
            [
              124.36670331200003,
              -1.766444154999931,
              0,
              null
            ],
            [
              124.36672781700008,
              -1.766503150999938,
              0,
              null
            ],
            [
              124.36685997400002,
              -1.7666161669999383,
              0,
              null
            ],
            [
              124.36697742900003,
              -1.7666898489999312,
              0,
              null
            ],
            [
              124.36714398100003,
              -1.766737133999925,
              0,
              null
            ],
            [
              124.36719780600004,
              -1.7667567659999577,
              0,
              null
            ],
            [
              124.36722717900011,
              -1.7667911709999657,
              0,
              null
            ],
            [
              124.36722719700003,
              -1.7668157589999396,
              0,
              null
            ],
            [
              124.3672223750001,
              -1.7669092029999547,
              0,
              null
            ],
            [
              124.36714426500009,
              -1.7671256489999791,
              0,
              null
            ],
            [
              124.36708073900002,
              -1.767214218999925,
              0,
              null
            ],
            [
              124.36696339500008,
              -1.7672929929999555,
              0,
              null
            ],
            [
              124.36688024300008,
              -1.7673028909999289,
              0,
              null
            ],
            [
              124.36674327800006,
              -1.7673079099999427,
              0,
              null
            ],
            [
              124.36658674300008,
              -1.7673080259999665,
              0,
              null
            ],
            [
              124.36653295000008,
              -1.767332655999951,
              0,
              null
            ],
            [
              124.36647919100005,
              -1.7673966289999612,
              0,
              null
            ],
            [
              124.36647925900002,
              -1.7674900699999512,
              0,
              null
            ],
            [
              124.36651847200005,
              -1.7675982339999337,
              0,
              null
            ],
            [
              124.36661159500011,
              -1.7677051379999398,
              0,
              null
            ],
            [
              124.36678037500008,
              -1.767824725999958,
              0,
              null
            ],
            [
              124.36692937200007,
              -1.7680341169999565,
              0,
              null
            ],
            [
              124.36701877200005,
              -1.7681587519999766,
              0,
              null
            ],
            [
              124.36710324800003,
              -1.7683382619999293,
              0,
              null
            ],
            [
              124.36716293300003,
              -1.7685377399999425,
              0,
              null
            ],
            [
              124.36716805000003,
              -1.7687522259999469,
              0,
              null
            ],
            [
              124.36716820700008,
              -1.7689667149999764,
              0,
              null
            ],
            [
              124.36757284100008,
              -1.7689779019999605,
              0,
              null
            ],
            [
              124.36762714600002,
              -1.7695598669999413,
              0,
              null
            ],
            [
              124.36838150800008,
              -1.769626981999977,
              0,
              null
            ],
            [
              124.36838198400005,
              -1.770276661999958,
              0,
              null
            ],
            [
              124.36896120400002,
              -1.770289767999941,
              0,
              null
            ],
            [
              124.36908210500007,
              -1.7698430209999287,
              0,
              null
            ],
            [
              124.37137853000002,
              -1.7690739469999244,
              0,
              null
            ],
            [
              124.37157910200006,
              -1.768770682999957,
              0,
              null
            ],
            [
              124.37279718200011,
              -1.7673552399999721,
              0,
              null
            ],
            [
              124.37208826500012,
              -1.7662195409999413,
              0,
              null
            ],
            [
              124.3700808530001,
              -1.7666313529999798,
              0,
              null
            ],
            [
              124.36875294100003,
              -1.7655723349999448,
              0,
              null
            ],
            [
              124.36890562000008,
              -1.764956735999931,
              0,
              null
            ],
            [
              124.36831318800012,
              -1.7646199579999688,
              0,
              null
            ]
          ]
        ]
      },
      "properties": {
        "name": "Nggele",
        "type": "Permukiman dan Tempat Kegiatan",
        "description": "Permukiman dan Tempat Kegiatan",
        "source_code": "GA03030140",
        "source_updated_at": "20130902",
        "source": "BIG Rupabumi Indonesia",
        "source_layer": "Permukiman (area)",
        "retrieved_at": "2026-09-15"
      }
    },
    {
      "type": "Feature",
      "id": 57069,
      "geometry": {
        "type": "Polygon",
        "coordinates": [
          [
            [
              124.52069905000008,
              -1.6971781609999539,
              0,
              null
            ],
            [
              124.52243981700008,
              -1.695691250999971,
              0,
              null
            ],
            [
              124.52221967700007,
              -1.6953596729999276,
              0,
              null
            ],
            [
              124.52189860300007,
              -1.695026903999974,
              0,
              null
            ],
            [
              124.51969076300009,
              -1.6969067179999797,
              0,
              null
            ],
            [
              124.52000468900007,
              -1.6972560179999618,
              0,
              null
            ],
            [
              124.52028951300008,
              -1.697493890999965,
              0,
              null
            ],
            [
              124.52069905000008,
              -1.6971781609999539,
              0,
              null
            ]
          ]
        ]
      },
      "properties": {
        "name": "Padang",
        "type": "Permukiman dan Tempat Kegiatan",
        "description": "Permukiman dan Tempat Kegiatan",
        "source_code": "GA03030140",
        "source_updated_at": "20130902",
        "source": "BIG Rupabumi Indonesia",
        "source_layer": "Permukiman (area)",
        "retrieved_at": "2026-09-15"
      }
    },
    {
      "type": "Feature",
      "id": 59392,
      "geometry": {
        "type": "Polygon",
        "coordinates": [
          [
            [
              124.79199969400008,
              -1.9092517579999253,
              0,
              null
            ],
            [
              124.79161216300008,
              -1.9081136169999695,
              0,
              null
            ],
            [
              124.79195833800009,
              -1.9079123339999455,
              0,
              null
            ],
            [
              124.79159786700006,
              -1.9071760039999504,
              0,
              null
            ],
            [
              124.79108489800001,
              -1.90731827999997,
              0,
              null
            ],
            [
              124.79101151000009,
              -1.9070158809999498,
              0,
              null
            ],
            [
              124.78858828800003,
              -1.9084516499999609,
              0,
              null
            ],
            [
              124.78329732100008,
              -1.910214954999958,
              0,
              null
            ],
            [
              124.78348433700012,
              -1.9106969719999256,
              0,
              null
            ],
            [
              124.78400541300005,
              -1.9121430599999485,
              0,
              null
            ],
            [
              124.78483681600005,
              -1.9118363029999728,
              0,
              null
            ],
            [
              124.78786675000003,
              -1.9107593809999344,
              0,
              null
            ],
            [
              124.79023316600001,
              -1.9098737779999624,
              0,
              null
            ],
            [
              124.79199969400008,
              -1.9092517579999253,
              0,
              null
            ]
          ]
        ]
      },
      "properties": {
        "name": "Pencado",
        "type": "Permukiman dan Tempat Kegiatan",
        "description": "Permukiman dan Tempat Kegiatan",
        "source_code": "GA03030140",
        "source_updated_at": "20130902",
        "source": "BIG Rupabumi Indonesia",
        "source_layer": "Permukiman (area)",
        "retrieved_at": "2026-09-15"
      }
    },
    {
      "type": "Feature",
      "id": 59648,
      "geometry": {
        "type": "Polygon",
        "coordinates": [
          [
            [
              125.10765456600006,
              -1.7026208849999307,
              0,
              null
            ],
            [
              125.10943949700004,
              -1.7023484839999696,
              0,
              null
            ],
            [
              125.108624856,
              -1.6982746229999748,
              0,
              null
            ],
            [
              125.10731139500001,
              -1.6984597489999373,
              0,
              null
            ],
            [
              125.10731191900004,
              -1.6989433159999408,
              0,
              null
            ],
            [
              125.10743309100008,
              -1.6998498709999694,
              0,
              null
            ],
            [
              125.10772833200008,
              -1.7013259699999708,
              0,
              null
            ],
            [
              125.10779467000009,
              -1.701845720999927,
              0,
              null
            ],
            [
              125.10775745700005,
              -1.702186008999945,
              0,
              null
            ],
            [
              125.10765456600006,
              -1.7026208849999307,
              0,
              null
            ]
          ]
        ]
      },
      "properties": {
        "name": "Penu",
        "type": "Permukiman dan Tempat Kegiatan",
        "description": "Permukiman dan Tempat Kegiatan",
        "source_code": "GA03030140",
        "source_updated_at": "20130902",
        "source": "BIG Rupabumi Indonesia",
        "source_layer": "Permukiman (area)",
        "retrieved_at": "2026-09-15"
      }
    },
    {
      "type": "Feature",
      "id": 62967,
      "geometry": {
        "type": "Polygon",
        "coordinates": [
          [
            [
              124.54983320500003,
              -1.6411433349999243,
              0,
              null
            ],
            [
              124.54990630400005,
              -1.642383605999953,
              0,
              null
            ],
            [
              124.5507043130001,
              -1.6423116259999802,
              0,
              null
            ],
            [
              124.55074011200008,
              -1.6427397319999386,
              0,
              null
            ],
            [
              124.55139629900009,
              -1.642739219999953,
              0,
              null
            ],
            [
              124.55143234600007,
              -1.6434884259999762,
              0,
              null
            ],
            [
              124.55278018700005,
              -1.6434873719999246,
              0,
              null
            ],
            [
              124.5528698820001,
              -1.644807377999939,
              0,
              null
            ],
            [
              124.55088371400007,
              -1.644969481999965,
              0,
              null
            ],
            [
              124.55088425100007,
              -1.6456651969999712,
              0,
              null
            ],
            [
              124.55356207600005,
              -1.6455025499999465,
              0,
              null
            ],
            [
              124.55443643700005,
              -1.6474950189999618,
              0,
              null
            ],
            [
              124.55530054300004,
              -1.6472717559999523,
              0,
              null
            ],
            [
              124.55356358200004,
              -1.642682734999937,
              0,
              null
            ],
            [
              124.55418977000011,
              -1.6424347229999512,
              0,
              null
            ],
            [
              124.55383112800007,
              -1.6415124199999696,
              0,
              null
            ],
            [
              124.55327196700011,
              -1.6416478689999394,
              0,
              null
            ],
            [
              124.55311491900011,
              -1.6410629369999583,
              0,
              null
            ],
            [
              124.55246627400004,
              -1.6411984559999269,
              0,
              null
            ],
            [
              124.55232802700004,
              -1.6407890259999363,
              0,
              null
            ],
            [
              124.55208529600009,
              -1.6410069589999807,
              0,
              null
            ],
            [
              124.55183719800004,
              -1.6411133679999352,
              0,
              null
            ],
            [
              124.55148871900008,
              -1.6411561279999773,
              0,
              null
            ],
            [
              124.551076867,
              -1.64118300399997,
              0,
              null
            ],
            [
              124.55035804700003,
              -1.6411528869999756,
              0,
              null
            ],
            [
              124.55012036000005,
              -1.6411198719999334,
              0,
              null
            ],
            [
              124.54983320500003,
              -1.6411433349999243,
              0,
              null
            ]
          ]
        ]
      },
      "properties": {
        "name": "Sahu",
        "type": "Permukiman dan Tempat Kegiatan",
        "description": "Permukiman dan Tempat Kegiatan",
        "source_code": "GA03030140",
        "source_updated_at": "20130902",
        "source": "BIG Rupabumi Indonesia",
        "source_layer": "Permukiman (area)",
        "retrieved_at": "2026-09-15"
      }
    },
    {
      "type": "Feature",
      "id": 63116,
      "geometry": {
        "type": "Polygon",
        "coordinates": [
          [
            [
              124.36888675900002,
              -1.7808885309999596,
              0,
              null
            ],
            [
              124.37012510000011,
              -1.780495468999959,
              0,
              null
            ],
            [
              124.36937712300005,
              -1.7777832519999492,
              0,
              null
            ],
            [
              124.36898374700002,
              -1.7780925269999557,
              0,
              null
            ],
            [
              124.36854530100004,
              -1.7785500849999494,
              0,
              null
            ],
            [
              124.36826928300002,
              -1.7788932149999255,
              0,
              null
            ],
            [
              124.36796081700004,
              -1.779318018999959,
              0,
              null
            ],
            [
              124.36784716800003,
              -1.779465069999958,
              0,
              null
            ],
            [
              124.36747360900006,
              -1.7797592829999758,
              0,
              null
            ],
            [
              124.36718119300008,
              -1.7799064699999576,
              0,
              null
            ],
            [
              124.36705119300007,
              -1.779922896999949,
              0,
              null
            ],
            [
              124.36682394800005,
              -1.7801204029999553,
              0,
              null
            ],
            [
              124.36661345700008,
              -1.7803811109999401,
              0,
              null
            ],
            [
              124.36650024200003,
              -1.7806905999999572,
              0,
              null
            ],
            [
              124.36650046900002,
              -1.781000004999953,
              0,
              null
            ],
            [
              124.36653301100012,
              -1.7811791109999717,
              0,
              null
            ],
            [
              124.36672983200003,
              -1.7816708309999285,
              0,
              null
            ],
            [
              124.368038866,
              -1.781537041999968,
              0,
              null
            ],
            [
              124.36837885600005,
              -1.7824063079999632,
              0,
              null
            ],
            [
              124.36927794500002,
              -1.782149894999975,
              0,
              null
            ],
            [
              124.36888675900002,
              -1.7808885309999596,
              0,
              null
            ]
          ]
        ]
      },
      "properties": {
        "name": "Salati",
        "type": "Permukiman dan Tempat Kegiatan",
        "description": "Permukiman dan Tempat Kegiatan",
        "source_code": "GA03030140",
        "source_updated_at": "20130902",
        "source": "BIG Rupabumi Indonesia",
        "source_layer": "Permukiman (area)",
        "retrieved_at": "2026-09-15"
      }
    },
    {
      "type": "Feature",
      "id": 66561,
      "geometry": {
        "type": "Polygon",
        "coordinates": [
          [
            [
              124.94865511300009,
              -1.927056089999951,
              0,
              null
            ],
            [
              124.94772723200003,
              -1.9262742749999688,
              0,
              null
            ],
            [
              124.94702989300004,
              -1.9269816549999632,
              0,
              null
            ],
            [
              124.94651290500008,
              -1.9265703809999764,
              0,
              null
            ],
            [
              124.94699309300006,
              -1.9259430739999743,
              0,
              null
            ],
            [
              124.94543906900003,
              -1.9248851129999593,
              0,
              null
            ],
            [
              124.94406481800002,
              -1.9261258549999525,
              0,
              null
            ],
            [
              124.94345504500006,
              -1.926602662999926,
              0,
              null
            ],
            [
              124.94375035000007,
              -1.9268188429999782,
              0,
              null
            ],
            [
              124.94398981800009,
              -1.9270190499999558,
              0,
              null
            ],
            [
              124.94434884700001,
              -1.9271710029999554,
              0,
              null
            ],
            [
              124.9446439620001,
              -1.927218780999965,
              0,
              null
            ],
            [
              124.94493918500007,
              -1.9273627859999465,
              0,
              null
            ],
            [
              124.94516265000004,
              -1.9275148959999342,
              0,
              null
            ],
            [
              124.9456838210001,
              -1.9278776439999774,
              0,
              null
            ],
            [
              124.94627446800007,
              -1.9283420789999468,
              0,
              null
            ],
            [
              124.94687955800009,
              -1.928664451999964,
              0,
              null
            ],
            [
              124.94760163300009,
              -1.9279715149999674,
              0,
              null
            ],
            [
              124.94865511300009,
              -1.927056089999951,
              0,
              null
            ]
          ]
        ]
      },
      "properties": {
        "name": "Sofan",
        "type": "Permukiman dan Tempat Kegiatan",
        "description": "Permukiman dan Tempat Kegiatan",
        "source_code": "GA03030140",
        "source_updated_at": "20130902",
        "source": "BIG Rupabumi Indonesia",
        "source_layer": "Permukiman (area)",
        "retrieved_at": "2026-09-15"
      }
    },
    {
      "type": "Feature",
      "id": 69496,
      "geometry": {
        "type": "Polygon",
        "coordinates": [
          [
            [
              124.8276532650001,
              -1.6822226169999794,
              0,
              null
            ],
            [
              124.82630885800006,
              -1.6813639559999274,
              0,
              null
            ],
            [
              124.82592712000007,
              -1.6810026459999676,
              0,
              null
            ],
            [
              124.8256543760001,
              -1.6806631539999444,
              0,
              null
            ],
            [
              124.82472443100005,
              -1.6823036619999243,
              0,
              null
            ],
            [
              124.82510376400012,
              -1.6824749329999804,
              0,
              null
            ],
            [
              124.82464948200004,
              -1.6832572139999797,
              0,
              null
            ],
            [
              124.82574967000005,
              -1.683885471999929,
              0,
              null
            ],
            [
              124.82597683800009,
              -1.6835229369999638,
              0,
              null
            ],
            [
              124.8269062380001,
              -1.6839797309999653,
              0,
              null
            ],
            [
              124.82658457900004,
              -1.6846665369999414,
              0,
              null
            ],
            [
              124.82781989300008,
              -1.6851784139999495,
              0,
              null
            ],
            [
              124.82798664100005,
              -1.6845201169999768,
              0,
              null
            ],
            [
              124.82805164800004,
              -1.6843986479999558,
              0,
              null
            ],
            [
              124.8281321290001,
              -1.6843918279999457,
              0,
              null
            ],
            [
              124.82826866900007,
              -1.684428311999966,
              0,
              null
            ],
            [
              124.82866647600008,
              -1.6833870589999265,
              0,
              null
            ],
            [
              124.8273874790001,
              -1.682825657999956,
              0,
              null
            ],
            [
              124.8276532650001,
              -1.6822226169999794,
              0,
              null
            ]
          ]
        ]
      },
      "properties": {
        "name": "Tanjung una",
        "type": "Permukiman dan Tempat Kegiatan",
        "description": "Permukiman dan Tempat Kegiatan",
        "source_code": "GA03030140",
        "source_updated_at": "20130902",
        "source": "BIG Rupabumi Indonesia",
        "source_layer": "Permukiman (area)",
        "retrieved_at": "2026-09-15"
      }
    },
    {
      "type": "Feature",
      "id": 71006,
      "geometry": {
        "type": "Polygon",
        "coordinates": [
          [
            [
              124.52304923800011,
              -1.6633265889999507,
              0,
              null
            ],
            [
              124.52187402600009,
              -1.663974838999934,
              0,
              null
            ],
            [
              124.52205032100005,
              -1.6643067129999736,
              0,
              null
            ],
            [
              124.52105528200002,
              -1.664911416999928,
              0,
              null
            ],
            [
              124.52081683100005,
              -1.6650618459999578,
              0,
              null
            ],
            [
              124.52129984800001,
              -1.6658813549999536,
              0,
              null
            ],
            [
              124.52162137300002,
              -1.6664284069999553,
              0,
              null
            ],
            [
              124.52074970600006,
              -1.6670687589999602,
              0,
              null
            ],
            [
              124.52273195500004,
              -1.6693152129999476,
              0,
              null
            ],
            [
              124.5222962150001,
              -1.6697541849999311,
              0,
              null
            ],
            [
              124.52338718500005,
              -1.6707585369999265,
              0,
              null
            ],
            [
              124.52379679600006,
              -1.6703787319999606,
              0,
              null
            ],
            [
              124.52851127100007,
              -1.666885537999974,
              0,
              null
            ],
            [
              124.52796053500003,
              -1.6662545889999478,
              0,
              null
            ],
            [
              124.52887109300002,
              -1.6654579599999693,
              0,
              null
            ],
            [
              124.52827290100004,
              -1.664966437999965,
              0,
              null
            ],
            [
              124.52852997900004,
              -1.6646691819999546,
              0,
              null
            ],
            [
              124.52965892800012,
              -1.6631743359999405,
              0,
              null
            ],
            [
              124.5298263310001,
              -1.6630899809999278,
              0,
              null
            ],
            [
              124.52989668400005,
              -1.6629461109999397,
              0,
              null
            ],
            [
              124.5319646050001,
              -1.6627295599999456,
              0,
              null
            ],
            [
              124.53183976000003,
              -1.661282043999961,
              0,
              null
            ],
            [
              124.53149928700009,
              -1.661310986999979,
              0,
              null
            ],
            [
              124.53153308200001,
              -1.66211188799997,
              0,
              null
            ],
            [
              124.530454899,
              -1.6622211879999327,
              0,
              null
            ],
            [
              124.53043812500005,
              -1.6619792539999594,
              0,
              null
            ],
            [
              124.52978208400009,
              -1.6620326179999552,
              0,
              null
            ],
            [
              124.52969016400004,
              -1.6625110669999685,
              0,
              null
            ],
            [
              124.52954852000005,
              -1.6629538539999658,
              0,
              null
            ],
            [
              124.52935980500001,
              -1.663343432999966,
              0,
              null
            ],
            [
              124.5283900820001,
              -1.6645693119999692,
              0,
              null
            ],
            [
              124.52773412700003,
              -1.6650750949999633,
              0,
              null
            ],
            [
              124.52715901400006,
              -1.6653363279999667,
              0,
              null
            ],
            [
              124.52660001200002,
              -1.665475305999962,
              0,
              null
            ],
            [
              124.52625157600005,
              -1.6654674279999426,
              0,
              null
            ],
            [
              124.52559510700007,
              -1.6653049489999603,
              0,
              null
            ],
            [
              124.52483321000011,
              -1.665028457999938,
              0,
              null
            ],
            [
              124.52404692100004,
              -1.664646040999969,
              0,
              null
            ],
            [
              124.52347127500002,
              -1.664214561999927,
              0,
              null
            ],
            [
              124.52330906500003,
              -1.6640190989999724,
              0,
              null
            ],
            [
              124.52304923800011,
              -1.6633265889999507,
              0,
              null
            ]
          ]
        ]
      },
      "properties": {
        "name": "Tikong",
        "type": "Permukiman dan Tempat Kegiatan",
        "description": "Permukiman dan Tempat Kegiatan",
        "source_code": "GA03030140",
        "source_updated_at": "20130902",
        "source": "BIG Rupabumi Indonesia",
        "source_layer": "Permukiman (area)",
        "retrieved_at": "2026-09-15"
      }
    },
    {
      "type": "Feature",
      "id": 71306,
      "geometry": {
        "type": "Polygon",
        "coordinates": [
          [
            [
              124.8660364960001,
              -1.8946315019999247,
              0,
              null
            ],
            [
              124.8662594970001,
              -1.8945111369999381,
              0,
              null
            ],
            [
              124.8662149270001,
              -1.8943291719999706,
              0,
              null
            ],
            [
              124.86617471200009,
              -1.8940763589999392,
              0,
              null
            ],
            [
              124.8665289280001,
              -1.8936412729999574,
              0,
              null
            ],
            [
              124.86569462800003,
              -1.8927311819999773,
              0,
              null
            ],
            [
              124.86694332700006,
              -1.8908188009999662,
              0,
              null
            ],
            [
              124.86632122600008,
              -1.8904337989999362,
              0,
              null
            ],
            [
              124.86577309200004,
              -1.8911857949999558,
              0,
              null
            ],
            [
              124.86446060500009,
              -1.8905009549999363,
              0,
              null
            ],
            [
              124.86424268300004,
              -1.8908137209999722,
              0,
              null
            ],
            [
              124.86356769400004,
              -1.8904487219999737,
              0,
              null
            ],
            [
              124.86329292100004,
              -1.8908686869999656,
              0,
              null
            ],
            [
              124.86282720100007,
              -1.890675607999981,
              0,
              null
            ],
            [
              124.86240490300008,
              -1.8915937079999594,
              0,
              null
            ],
            [
              124.86231041600001,
              -1.8918712069999515,
              0,
              null
            ],
            [
              124.86274640500005,
              -1.8919272999999635,
              0,
              null
            ],
            [
              124.86327153900004,
              -1.8920681439999498,
              0,
              null
            ],
            [
              124.86400285700006,
              -1.8924047509999582,
              0,
              null
            ],
            [
              124.86435552600005,
              -1.8926106799999616,
              0,
              null
            ],
            [
              124.86469245,
              -1.8928483649999635,
              0,
              null
            ],
            [
              124.86511890400004,
              -1.8931811729999595,
              0,
              null
            ],
            [
              124.8653295250001,
              -1.8933713849999663,
              0,
              null
            ],
            [
              124.86552514200002,
              -1.8936110879999433,
              0,
              null
            ],
            [
              124.86575175600001,
              -1.8940023009999436,
              0,
              null
            ],
            [
              124.8660364960001,
              -1.8946315019999247,
              0,
              null
            ]
          ]
        ]
      },
      "properties": {
        "name": "Tobana",
        "type": "Permukiman dan Tempat Kegiatan",
        "description": "Permukiman dan Tempat Kegiatan",
        "source_code": "GA03030140",
        "source_updated_at": "20130902",
        "source": "BIG Rupabumi Indonesia",
        "source_layer": "Permukiman (area)",
        "retrieved_at": "2026-09-15"
      }
    },
    {
      "type": "Feature",
      "id": 71338,
      "geometry": {
        "type": "Polygon",
        "coordinates": [
          [
            [
              124.46861930800003,
              -1.6642340569999305,
              0,
              null
            ],
            [
              124.4682365320001,
              -1.6633052339999495,
              0,
              null
            ],
            [
              124.46643917800009,
              -1.663592542999936,
              0,
              null
            ],
            [
              124.4640843630001,
              -1.6639031439999599,
              0,
              null
            ],
            [
              124.4624803050001,
              -1.6640416049999658,
              0,
              null
            ],
            [
              124.46326111100007,
              -1.6656961379999302,
              0,
              null
            ],
            [
              124.46040737100009,
              -1.6665001549999374,
              0,
              null
            ],
            [
              124.46086860700007,
              -1.667671797999958,
              0,
              null
            ],
            [
              124.46252576300003,
              -1.6673929849999354,
              0,
              null
            ],
            [
              124.46249463400011,
              -1.666807012999925,
              0,
              null
            ],
            [
              124.46780359200011,
              -1.6658469449999416,
              0,
              null
            ],
            [
              124.46755738400009,
              -1.6644264109999654,
              0,
              null
            ],
            [
              124.46861930800003,
              -1.6642340569999305,
              0,
              null
            ]
          ]
        ]
      },
      "properties": {
        "name": "Todoli",
        "type": "Permukiman dan Tempat Kegiatan",
        "description": "Permukiman dan Tempat Kegiatan",
        "source_code": "GA03030140",
        "source_updated_at": "20130902",
        "source": "BIG Rupabumi Indonesia",
        "source_layer": "Permukiman (area)",
        "retrieved_at": "2026-09-15"
      }
    },
    {
      "type": "Feature",
      "id": 71715,
      "geometry": {
        "type": "Polygon",
        "coordinates": [
          [
            [
              125.09959179500004,
              -1.7581708149999713,
              0,
              null
            ],
            [
              125.09953206900002,
              -1.758086852999952,
              0,
              null
            ],
            [
              125.09935281300011,
              -1.7580870559999653,
              0,
              null
            ],
            [
              125.09922172000006,
              -1.7581110589999298,
              0,
              null
            ],
            [
              125.09898259300007,
              -1.7582196439999507,
              0,
              null
            ],
            [
              125.09864817500011,
              -1.7582440919999272,
              0,
              null
            ],
            [
              125.09811079100007,
              -1.7582685549999724,
              0,
              null
            ],
            [
              125.09733411800005,
              -1.7582573989999446,
              0,
              null
            ],
            [
              125.0968919710001,
              -1.7583180739999307,
              0,
              null
            ],
            [
              125.09665328300002,
              -1.758498652999947,
              0,
              null
            ],
            [
              125.09647456000005,
              -1.7586550949999378,
              0,
              null
            ],
            [
              125.09599064300005,
              -1.759271789999957,
              0,
              null
            ],
            [
              125.09590716800005,
              -1.7594743299999323,
              0,
              null
            ],
            [
              125.09588220100011,
              -1.7596344669999553,
              0,
              null
            ],
            [
              125.0959172150001,
              -1.7597855089999257,
              0,
              null
            ],
            [
              125.09606046100009,
              -1.7600279809999506,
              0,
              null
            ],
            [
              125.09627350300002,
              -1.760365148999938,
              0,
              null
            ],
            [
              125.09639664600002,
              -1.7606201089999445,
              0,
              null
            ],
            [
              125.09640899300007,
              -1.7607393699999534,
              0,
              null
            ],
            [
              125.09640909900008,
              -1.760834144999933,
              0,
              null
            ],
            [
              125.09636821100003,
              -1.7608917879999808,
              0,
              null
            ],
            [
              125.09632728100007,
              -1.760912249999933,
              0,
              null
            ],
            [
              125.09667438400004,
              -1.7613393319999773,
              0,
              null
            ],
            [
              125.09667487100012,
              -1.761774930999934,
              0,
              null
            ],
            [
              125.09661338700005,
              -1.762117256999943,
              0,
              null
            ],
            [
              125.09652086100004,
              -1.762366272999941,
              0,
              null
            ],
            [
              125.09614971600001,
              -1.7624289239999484,
              0,
              null
            ],
            [
              125.09556196200003,
              -1.7624295899999538,
              0,
              null
            ],
            [
              125.09488147200011,
              -1.7624925879999296,
              0,
              null
            ],
            [
              125.09370613600004,
              -1.7626494889999549,
              0,
              null
            ],
            [
              125.09311872500007,
              -1.7629612959999577,
              0,
              null
            ],
            [
              125.09277886400002,
              -1.763335050999956,
              0,
              null
            ],
            [
              125.09365116700008,
              -1.7644100259999504,
              0,
              null
            ],
            [
              125.09440026300001,
              -1.7641580759999442,
              0,
              null
            ],
            [
              125.09531781900012,
              -1.7656357419999722,
              0,
              null
            ],
            [
              125.09601130600004,
              -1.7653001549999772,
              0,
              null
            ],
            [
              125.09628691700004,
              -1.7635700339999403,
              0,
              null
            ],
            [
              125.09681314700003,
              -1.7628383359999589,
              0,
              null
            ],
            [
              125.0986336420001,
              -1.763897204999978,
              0,
              null
            ],
            [
              125.10008783300009,
              -1.7611770359999355,
              0,
              null
            ],
            [
              125.10110933800001,
              -1.7592662109999537,
              0,
              null
            ],
            [
              125.10108559800005,
              -1.7592389439999465,
              0,
              null
            ],
            [
              125.1010549990001,
              -1.759181167999941,
              0,
              null
            ],
            [
              125.10103475200003,
              -1.7590651399999615,
              0,
              null
            ],
            [
              125.10102099400001,
              -1.7589697359999263,
              0,
              null
            ],
            [
              125.10095979100004,
              -1.758850529999961,
              0,
              null
            ],
            [
              125.10093280000001,
              -1.7588062889999492,
              0,
              null
            ],
            [
              125.10082065100005,
              -1.7587451669999723,
              0,
              null
            ],
            [
              125.10039998800005,
              -1.758742849999976,
              0,
              null
            ],
            [
              125.1001952800001,
              -1.7587912209999672,
              0,
              null
            ],
            [
              125.10001758300007,
              -1.7589012409999327,
              0,
              null
            ],
            [
              125.09980621900002,
              -1.7591004869999551,
              0,
              null
            ],
            [
              125.09971768000003,
              -1.7592723009999531,
              0,
              null
            ],
            [
              125.09970412200005,
              -1.759354840999947,
              0,
              null
            ],
            [
              125.09972616900006,
              -1.7594740909999587,
              0,
              null
            ],
            [
              125.09980787600011,
              -1.7596186329999455,
              0,
              null
            ],
            [
              125.09981734500002,
              -1.759734243999958,
              0,
              null
            ],
            [
              125.09979837600008,
              -1.7597968039999614,
              0,
              null
            ],
            [
              125.09972658400011,
              -1.7598450259999368,
              0,
              null
            ],
            [
              125.09963104400003,
              -1.7598595329999398,
              0,
              null
            ],
            [
              125.09956853200003,
              -1.759854875999963,
              0,
              null
            ],
            [
              125.09952067900008,
              -1.7597874479999405,
              0,
              null
            ],
            [
              125.09950152700003,
              -1.7596864619999337,
              0,
              null
            ],
            [
              125.09951077000005,
              -1.7595996279999326,
              0,
              null
            ],
            [
              125.09952497200004,
              -1.75945024899994,
              0,
              null
            ],
            [
              125.09952987200006,
              -1.7593346219999262,
              0,
              null
            ],
            [
              125.09953444500002,
              -1.759248007999929,
              0,
              null
            ],
            [
              125.09959641400008,
              -1.7590889049999419,
              0,
              null
            ],
            [
              125.09970426600012,
              -1.7588412069999322,
              0,
              null
            ],
            [
              125.09972807700001,
              -1.7586107959999708,
              0,
              null
            ],
            [
              125.0997038050001,
              -1.7584287949999293,
              0,
              null
            ],
            [
              125.09959179500004,
              -1.7581708149999713,
              0,
              null
            ]
          ]
        ]
      },
      "properties": {
        "name": "Tubang",
        "type": "Permukiman dan Tempat Kegiatan",
        "description": "Permukiman dan Tempat Kegiatan",
        "source_code": "GA03030140",
        "source_updated_at": "20130902",
        "source": "BIG Rupabumi Indonesia",
        "source_layer": "Permukiman (area)",
        "retrieved_at": "2026-09-15"
      }
    },
    {
      "type": "Feature",
      "id": 72540,
      "geometry": {
        "type": "Polygon",
        "coordinates": [
          [
            [
              125.13812722300008,
              -1.875622547999967,
              0,
              null
            ],
            [
              125.13794960900009,
              -1.8748817109999436,
              0,
              null
            ],
            [
              125.1370637550001,
              -1.8750637629999574,
              0,
              null
            ],
            [
              125.13659068100003,
              -1.8731294429999252,
              0,
              null
            ],
            [
              125.13515121600005,
              -1.8734652909999454,
              0,
              null
            ],
            [
              125.13566609600002,
              -1.8756222859999525,
              0,
              null
            ],
            [
              125.13525086400011,
              -1.8757202349999602,
              0,
              null
            ],
            [
              125.13540376900005,
              -1.8762211729999763,
              0,
              null
            ],
            [
              125.13671399200007,
              -1.8758738849999759,
              0,
              null
            ],
            [
              125.13812722300008,
              -1.875622547999967,
              0,
              null
            ]
          ]
        ]
      },
      "properties": {
        "name": "Waikadai",
        "type": "Permukiman dan Tempat Kegiatan",
        "description": "Permukiman dan Tempat Kegiatan",
        "source_code": "GA03030140",
        "source_updated_at": "20130902",
        "source": "BIG Rupabumi Indonesia",
        "source_layer": "Permukiman (area)",
        "retrieved_at": "2026-09-15"
      }
    },
    {
      "type": "Feature",
      "id": 73261,
      "geometry": {
        "type": "Polygon",
        "coordinates": [
          [
            [
              125.29119559200001,
              -1.8883773879999808,
              0,
              null
            ],
            [
              125.29133465200005,
              -1.8873335629999701,
              0,
              null
            ],
            [
              125.29054267900005,
              -1.887204105999956,
              0,
              null
            ],
            [
              125.29072355100004,
              -1.8865513249999708,
              0,
              null
            ],
            [
              125.28794509000011,
              -1.88604602099997,
              0,
              null
            ],
            [
              125.28771231200005,
              -1.8867119229999503,
              0,
              null
            ],
            [
              125.2842974460001,
              -1.8859333849999302,
              0,
              null
            ],
            [
              125.28346603200009,
              -1.8863065249999522,
              0,
              null
            ],
            [
              125.28201204300001,
              -1.8866200029999618,
              0,
              null
            ],
            [
              125.28017519000002,
              -1.8858794749999674,
              0,
              null
            ],
            [
              125.27988412800005,
              -1.8867614349999258,
              0,
              null
            ],
            [
              125.28101008800002,
              -1.8872044639999785,
              0,
              null
            ],
            [
              125.28150598100001,
              -1.887351978999959,
              0,
              null
            ],
            [
              125.2821626110001,
              -1.8874723439999457,
              0,
              null
            ],
            [
              125.28295300500008,
              -1.887430889999962,
              0,
              null
            ],
            [
              125.28391764700007,
              -1.8874565539999253,
              0,
              null
            ],
            [
              125.28553742800011,
              -1.8877642679999553,
              0,
              null
            ],
            [
              125.2877944390001,
              -1.888367068999969,
              0,
              null
            ],
            [
              125.28837719700005,
              -1.8885239899999533,
              0,
              null
            ],
            [
              125.2889748020001,
              -1.8886133079999468,
              0,
              null
            ],
            [
              125.2897291810001,
              -1.8886498519999577,
              0,
              null
            ],
            [
              125.29119559200001,
              -1.8883773879999808,
              0,
              null
            ]
          ]
        ]
      },
      "properties": {
        "name": "Waykoka",
        "type": "Permukiman dan Tempat Kegiatan",
        "description": "Permukiman dan Tempat Kegiatan",
        "source_code": "GA03030140",
        "source_updated_at": "20130902",
        "source": "BIG Rupabumi Indonesia",
        "source_layer": "Permukiman (area)",
        "retrieved_at": "2026-09-15"
      }
    },
    {
      "type": "Feature",
      "id": 73950,
      "geometry": {
        "type": "Polygon",
        "coordinates": [
          [
            [
              124.59395554700006,
              -1.6445793439999647,
              0,
              null
            ],
            [
              124.59344967100003,
              -1.6444007959999567,
              0,
              null
            ],
            [
              124.59273482000003,
              -1.644054634999975,
              0,
              null
            ],
            [
              124.59191094900007,
              -1.6436071419999507,
              0,
              null
            ],
            [
              124.59142180000003,
              -1.643317538999952,
              0,
              null
            ],
            [
              124.59072560900006,
              -1.642788535999955,
              0,
              null
            ],
            [
              124.59034927000005,
              -1.6424736249999796,
              0,
              null
            ],
            [
              124.59011779200011,
              -1.642211543999963,
              0,
              null
            ],
            [
              124.58741400200006,
              -1.6425430719999667,
              0,
              null
            ],
            [
              124.58768987300004,
              -1.644199680999975,
              0,
              null
            ],
            [
              124.58797133900009,
              -1.6440957409999442,
              0,
              null
            ],
            [
              124.58833078500004,
              -1.6440696759999582,
              0,
              null
            ],
            [
              124.58824929200011,
              -1.6447297009999602,
              0,
              null
            ],
            [
              124.58918882500006,
              -1.6448639399999365,
              0,
              null
            ],
            [
              124.58906312200008,
              -1.6455473229999598,
              0,
              null
            ],
            [
              124.58978684100009,
              -1.6456483089999665,
              0,
              null
            ],
            [
              124.58975353300002,
              -1.6460884519999581,
              0,
              null
            ],
            [
              124.59032573200011,
              -1.646113383999932,
              0,
              null
            ],
            [
              124.5903842460001,
              -1.6456224379999753,
              0,
              null
            ],
            [
              124.5918989060001,
              -1.645705859999964,
              0,
              null
            ],
            [
              124.59187835800003,
              -1.6458764239999368,
              0,
              null
            ],
            [
              124.59218526100005,
              -1.6459432749999792,
              0,
              null
            ],
            [
              124.59207223800001,
              -1.6464197629999262,
              0,
              null
            ],
            [
              124.59239177200004,
              -1.6465065369999365,
              0,
              null
            ],
            [
              124.5923924980001,
              -1.6465067339999564,
              0,
              null
            ],
            [
              124.59266604900006,
              -1.6465736119999406,
              0,
              null
            ],
            [
              124.59282581800005,
              -1.646164184999975,
              0,
              null
            ],
            [
              124.59325957300007,
              -1.6463651299999356,
              0,
              null
            ],
            [
              124.59312640500002,
              -1.646673888999942,
              0,
              null
            ],
            [
              124.59341332800011,
              -1.646781014999931,
              0,
              null
            ],
            [
              124.59367958400003,
              -1.6460628509999538,
              0,
              null
            ],
            [
              124.59399079000002,
              -1.6461544369999501,
              0,
              null
            ],
            [
              124.59389817400006,
              -1.6457125849999557,
              0,
              null
            ],
            [
              124.59385893800004,
              -1.6452241719999279,
              0,
              null
            ],
            [
              124.59395554700006,
              -1.6445793439999647,
              0,
              null
            ]
          ]
        ]
      },
      "properties": {
        "name": "Wunoa",
        "type": "Permukiman dan Tempat Kegiatan",
        "description": "Permukiman dan Tempat Kegiatan",
        "source_code": "GA03030140",
        "source_updated_at": "20130902",
        "source": "BIG Rupabumi Indonesia",
        "source_layer": "Permukiman (area)",
        "retrieved_at": "2026-09-15"
      }
    }
  ]
}
